<?xml version="1.0"?>
<gpx xmlns="http://www.topografix.com/GPX/1/1" xmlns:xsi="http://www.w3.org/2001/XMLSchema-instance" version="1.1" creator="AllTrails.com" xsi:schemaLocation="http://www.topografix.com/GPX/1/1 http://www.topografix.com/GPX/1/1/gpx.xsd">
  <metadata>
    <name><![CDATA[Radium Lake to Mount Webb]]></name>
    <desc><![CDATA[]]></desc>
    <link href="http://www.alltrails.com">
      <text>AllTrails, LLC</text>
    </link>
    <bounds minlat="49.04542" minlon="-121.47059" maxlat="49.05212" maxlon="-121.4559"/>
  </metadata>
  <trk>
    <name><![CDATA[Radium Lake to Mount Webb]]></name>
    <src>AllTrails</src>
    <trkseg>
      <trkpt lat="49.05147" lon="-121.47048">
        <ele>1505.22</ele>
        <time>2026-08-02T16:52:12Z</time>
      </trkpt>
      <trkpt lat="49.05149" lon="-121.47052">
        <ele>1505.18</ele>
        <time>2026-08-02T16:52:18Z</time>
      </trkpt>
      <trkpt lat="49.0515" lon="-121.47056">
        <ele>1504.76</ele>
        <time>2026-08-02T16:52:33Z</time>
      </trkpt>
      <trkpt lat="49.05149" lon="-121.47059">
        <ele>1504.24</ele>
        <time>2026-08-02T16:53:10Z</time>
      </trkpt>
      <trkpt lat="49.0515" lon="-121.47056">
        <ele>1504.76</ele>
        <time>2026-08-02T16:53:18Z</time>
      </trkpt>
      <trkpt lat="49.05151" lon="-121.4705">
        <ele>1506.15</ele>
        <time>2026-08-02T16:53:21Z</time>
      </trkpt>
      <trkpt lat="49.05152" lon="-121.47044">
        <ele>1507.71</ele>
        <time>2026-08-02T16:53:23Z</time>
      </trkpt>
      <trkpt lat="49.05153" lon="-121.47038">
        <ele>1509.39</ele>
        <time>2026-08-02T16:53:25Z</time>
      </trkpt>
      <trkpt lat="49.05154" lon="-121.47033">
        <ele>1510.97</ele>
        <time>2026-08-02T16:53:28Z</time>
      </trkpt>
      <trkpt lat="49.05155" lon="-121.47038">
        <ele>1510.26</ele>
        <time>2026-08-02T16:53:36Z</time>
      </trkpt>
      <trkpt lat="49.05156" lon="-121.47043">
        <ele>1509.44</ele>
        <time>2026-08-02T16:53:40Z</time>
      </trkpt>
      <trkpt lat="49.05157" lon="-121.47039">
        <ele>1510.86</ele>
        <time>2026-08-02T16:53:48Z</time>
      </trkpt>
      <trkpt lat="49.05159" lon="-121.47032">
        <ele>1513.68</ele>
        <time>2026-08-02T16:53:52Z</time>
      </trkpt>
      <trkpt lat="49.05159" lon="-121.47027">
        <ele>1515.08</ele>
        <time>2026-08-02T16:53:56Z</time>
      </trkpt>
      <trkpt lat="49.0516" lon="-121.47023">
        <ele>1516.84</ele>
        <time>2026-08-02T16:54:01Z</time>
      </trkpt>
      <trkpt lat="49.05161" lon="-121.47018">
        <ele>1519.02</ele>
        <time>2026-08-02T16:54:06Z</time>
      </trkpt>
      <trkpt lat="49.05162" lon="-121.47013">
        <ele>1521.35</ele>
        <time>2026-08-02T16:54:10Z</time>
      </trkpt>
      <trkpt lat="49.05163" lon="-121.47008">
        <ele>1523.82</ele>
        <time>2026-08-02T16:54:14Z</time>
      </trkpt>
      <trkpt lat="49.05164" lon="-121.47002">
        <ele>1526.79</ele>
        <time>2026-08-02T16:54:19Z</time>
      </trkpt>
      <trkpt lat="49.05165" lon="-121.46998">
        <ele>1529.28</ele>
        <time>2026-08-02T16:54:23Z</time>
      </trkpt>
      <trkpt lat="49.05166" lon="-121.46994">
        <ele>1531.94</ele>
        <time>2026-08-02T16:54:28Z</time>
      </trkpt>
      <trkpt lat="49.05168" lon="-121.46989">
        <ele>1535.05</ele>
        <time>2026-08-02T16:54:34Z</time>
      </trkpt>
      <trkpt lat="49.05168" lon="-121.46984">
        <ele>1537.19</ele>
        <time>2026-08-02T16:54:39Z</time>
      </trkpt>
      <trkpt lat="49.05168" lon="-121.46979">
        <ele>1539.34</ele>
        <time>2026-08-02T16:54:45Z</time>
      </trkpt>
      <trkpt lat="49.05167" lon="-121.46974">
        <ele>1541.29</ele>
        <time>2026-08-02T16:54:50Z</time>
      </trkpt>
      <trkpt lat="49.05163" lon="-121.46971">
        <ele>1538.25</ele>
        <time>2026-08-02T16:54:53Z</time>
      </trkpt>
      <trkpt lat="49.05161" lon="-121.46967">
        <ele>1537.22</ele>
        <time>2026-08-02T16:54:57Z</time>
      </trkpt>
      <trkpt lat="49.05159" lon="-121.46962">
        <ele>1536.63</ele>
        <time>2026-08-02T16:55:03Z</time>
      </trkpt>
      <trkpt lat="49.05161" lon="-121.46957">
        <ele>1540.18</ele>
        <time>2026-08-02T16:55:15Z</time>
      </trkpt>
      <trkpt lat="49.05163" lon="-121.46955">
        <ele>1542.74</ele>
        <time>2026-08-02T16:55:21Z</time>
      </trkpt>
      <trkpt lat="49.05166" lon="-121.46954">
        <ele>1545.94</ele>
        <time>2026-08-02T16:55:30Z</time>
      </trkpt>
      <trkpt lat="49.05169" lon="-121.46954">
        <ele>1547.12</ele>
        <time>2026-08-02T16:55:35Z</time>
      </trkpt>
      <trkpt lat="49.05173" lon="-121.46953">
        <ele>1548.3</ele>
        <time>2026-08-02T16:55:38Z</time>
      </trkpt>
      <trkpt lat="49.05178" lon="-121.46952">
        <ele>1549.73</ele>
        <time>2026-08-02T16:55:40Z</time>
      </trkpt>
      <trkpt lat="49.05181" lon="-121.4695">
        <ele>1551.01</ele>
        <time>2026-08-02T16:55:49Z</time>
      </trkpt>
      <trkpt lat="49.05183" lon="-121.46945">
        <ele>1552.95</ele>
        <time>2026-08-02T16:55:56Z</time>
      </trkpt>
      <trkpt lat="49.05185" lon="-121.46941">
        <ele>1554.49</ele>
        <time>2026-08-02T16:56:02Z</time>
      </trkpt>
      <trkpt lat="49.05187" lon="-121.46938">
        <ele>1555.75</ele>
        <time>2026-08-02T16:56:08Z</time>
      </trkpt>
      <trkpt lat="49.05189" lon="-121.46933">
        <ele>1557.51</ele>
        <time>2026-08-02T16:56:16Z</time>
      </trkpt>
      <trkpt lat="49.05192" lon="-121.46929">
        <ele>1559.28</ele>
        <time>2026-08-02T16:56:21Z</time>
      </trkpt>
      <trkpt lat="49.05194" lon="-121.46926">
        <ele>1560.54</ele>
        <time>2026-08-02T16:56:26Z</time>
      </trkpt>
      <trkpt lat="49.05197" lon="-121.46922">
        <ele>1561.9</ele>
        <time>2026-08-02T16:56:32Z</time>
      </trkpt>
      <trkpt lat="49.05199" lon="-121.46919">
        <ele>1562.88</ele>
        <time>2026-08-02T16:56:39Z</time>
      </trkpt>
      <trkpt lat="49.05202" lon="-121.46916">
        <ele>1563.98</ele>
        <time>2026-08-02T16:56:45Z</time>
      </trkpt>
      <trkpt lat="49.05204" lon="-121.46913">
        <ele>1564.96</ele>
        <time>2026-08-02T16:56:51Z</time>
      </trkpt>
      <trkpt lat="49.05202" lon="-121.46909">
        <ele>1565.7</ele>
        <time>2026-08-02T16:57:01Z</time>
      </trkpt>
      <trkpt lat="49.052" lon="-121.46905">
        <ele>1566.37</ele>
        <time>2026-08-02T16:57:11Z</time>
      </trkpt>
      <trkpt lat="49.05197" lon="-121.46903">
        <ele>1566.36</ele>
        <time>2026-08-02T16:57:17Z</time>
      </trkpt>
      <trkpt lat="49.05194" lon="-121.469">
        <ele>1566.51</ele>
        <time>2026-08-02T16:57:24Z</time>
      </trkpt>
      <trkpt lat="49.05192" lon="-121.46897">
        <ele>1566.76</ele>
        <time>2026-08-02T16:57:31Z</time>
      </trkpt>
      <trkpt lat="49.05189" lon="-121.46893">
        <ele>1567.07</ele>
        <time>2026-08-02T16:57:39Z</time>
      </trkpt>
      <trkpt lat="49.05188" lon="-121.46889">
        <ele>1567.81</ele>
        <time>2026-08-02T16:57:48Z</time>
      </trkpt>
      <trkpt lat="49.05188" lon="-121.46884">
        <ele>1569.17</ele>
        <time>2026-08-02T16:57:58Z</time>
      </trkpt>
      <trkpt lat="49.05191" lon="-121.46881">
        <ele>1570.58</ele>
        <time>2026-08-02T16:58:04Z</time>
      </trkpt>
      <trkpt lat="49.05194" lon="-121.46879">
        <ele>1571.76</ele>
        <time>2026-08-02T16:58:08Z</time>
      </trkpt>
      <trkpt lat="49.05196" lon="-121.46876">
        <ele>1573.05</ele>
        <time>2026-08-02T16:58:15Z</time>
      </trkpt>
      <trkpt lat="49.05198" lon="-121.46872">
        <ele>1574.63</ele>
        <time>2026-08-02T16:58:23Z</time>
      </trkpt>
      <trkpt lat="49.05199" lon="-121.46868">
        <ele>1576.0</ele>
        <time>2026-08-02T16:58:31Z</time>
      </trkpt>
      <trkpt lat="49.05199" lon="-121.46864">
        <ele>1577.15</ele>
        <time>2026-08-02T16:58:41Z</time>
      </trkpt>
      <trkpt lat="49.05199" lon="-121.4686">
        <ele>1578.32</ele>
        <time>2026-08-02T16:58:50Z</time>
      </trkpt>
      <trkpt lat="49.05198" lon="-121.46856">
        <ele>1579.29</ele>
        <time>2026-08-02T16:58:58Z</time>
      </trkpt>
      <trkpt lat="49.05195" lon="-121.46855">
        <ele>1578.89</ele>
        <time>2026-08-02T16:59:01Z</time>
      </trkpt>
      <trkpt lat="49.05192" lon="-121.46853">
        <ele>1578.67</ele>
        <time>2026-08-02T16:59:05Z</time>
      </trkpt>
      <trkpt lat="49.05189" lon="-121.46851">
        <ele>1578.4</ele>
        <time>2026-08-02T16:59:11Z</time>
      </trkpt>
      <trkpt lat="49.05186" lon="-121.46849">
        <ele>1578.09</ele>
        <time>2026-08-02T16:59:17Z</time>
      </trkpt>
      <trkpt lat="49.05183" lon="-121.46848">
        <ele>1577.5</ele>
        <time>2026-08-02T16:59:23Z</time>
      </trkpt>
      <trkpt lat="49.05181" lon="-121.46854">
        <ele>1575.41</ele>
        <time>2026-08-02T16:59:26Z</time>
      </trkpt>
      <trkpt lat="49.05179" lon="-121.46859">
        <ele>1573.63</ele>
        <time>2026-08-02T16:59:30Z</time>
      </trkpt>
      <trkpt lat="49.05176" lon="-121.46858">
        <ele>1573.1</ele>
        <time>2026-08-02T16:59:38Z</time>
      </trkpt>
      <trkpt lat="49.05173" lon="-121.46854">
        <ele>1573.25</ele>
        <time>2026-08-02T16:59:45Z</time>
      </trkpt>
      <trkpt lat="49.05171" lon="-121.46851">
        <ele>1573.39</ele>
        <time>2026-08-02T16:59:53Z</time>
      </trkpt>
      <trkpt lat="49.05169" lon="-121.46847">
        <ele>1573.72</ele>
        <time>2026-08-02T17:00:01Z</time>
      </trkpt>
      <trkpt lat="49.05166" lon="-121.46844">
        <ele>1573.45</ele>
        <time>2026-08-02T17:00:10Z</time>
      </trkpt>
      <trkpt lat="49.05164" lon="-121.4684">
        <ele>1573.55</ele>
        <time>2026-08-02T17:00:17Z</time>
      </trkpt>
      <trkpt lat="49.05161" lon="-121.46837">
        <ele>1573.02</ele>
        <time>2026-08-02T17:00:25Z</time>
      </trkpt>
      <trkpt lat="49.05158" lon="-121.46834">
        <ele>1572.44</ele>
        <time>2026-08-02T17:00:33Z</time>
      </trkpt>
      <trkpt lat="49.05155" lon="-121.46832">
        <ele>1571.87</ele>
        <time>2026-08-02T17:00:40Z</time>
      </trkpt>
      <trkpt lat="49.05152" lon="-121.46829">
        <ele>1571.84</ele>
        <time>2026-08-02T17:00:47Z</time>
      </trkpt>
      <trkpt lat="49.05149" lon="-121.46827">
        <ele>1571.49</ele>
        <time>2026-08-02T17:00:53Z</time>
      </trkpt>
      <trkpt lat="49.05146" lon="-121.46824">
        <ele>1571.59</ele>
        <time>2026-08-02T17:00:59Z</time>
      </trkpt>
      <trkpt lat="49.05143" lon="-121.46822">
        <ele>1571.34</ele>
        <time>2026-08-02T17:01:04Z</time>
      </trkpt>
      <trkpt lat="49.05138" lon="-121.4682">
        <ele>1570.52</ele>
        <time>2026-08-02T17:01:07Z</time>
      </trkpt>
      <trkpt lat="49.05134" lon="-121.46819">
        <ele>1569.87</ele>
        <time>2026-08-02T17:01:10Z</time>
      </trkpt>
      <trkpt lat="49.05131" lon="-121.46817">
        <ele>1569.95</ele>
        <time>2026-08-02T17:01:14Z</time>
      </trkpt>
      <trkpt lat="49.05127" lon="-121.46814">
        <ele>1570.23</ele>
        <time>2026-08-02T17:01:19Z</time>
      </trkpt>
      <trkpt lat="49.05124" lon="-121.46812">
        <ele>1570.34</ele>
        <time>2026-08-02T17:01:22Z</time>
      </trkpt>
      <trkpt lat="49.0512" lon="-121.4681">
        <ele>1570.21</ele>
        <time>2026-08-02T17:01:26Z</time>
      </trkpt>
      <trkpt lat="49.05117" lon="-121.46808">
        <ele>1570.36</ele>
        <time>2026-08-02T17:01:31Z</time>
      </trkpt>
      <trkpt lat="49.05114" lon="-121.46806">
        <ele>1570.52</ele>
        <time>2026-08-02T17:01:36Z</time>
      </trkpt>
      <trkpt lat="49.05111" lon="-121.46803">
        <ele>1571.62</ele>
        <time>2026-08-02T17:01:42Z</time>
      </trkpt>
      <trkpt lat="49.05108" lon="-121.46801">
        <ele>1571.85</ele>
        <time>2026-08-02T17:01:48Z</time>
      </trkpt>
      <trkpt lat="49.05106" lon="-121.46798">
        <ele>1573.11</ele>
        <time>2026-08-02T17:01:55Z</time>
      </trkpt>
      <trkpt lat="49.05103" lon="-121.46795">
        <ele>1574.03</ele>
        <time>2026-08-02T17:02:03Z</time>
      </trkpt>
      <trkpt lat="49.05102" lon="-121.46791">
        <ele>1576.32</ele>
        <time>2026-08-02T17:02:15Z</time>
      </trkpt>
      <trkpt lat="49.05098" lon="-121.46789">
        <ele>1576.29</ele>
        <time>2026-08-02T17:02:19Z</time>
      </trkpt>
      <trkpt lat="49.05095" lon="-121.46787">
        <ele>1576.61</ele>
        <time>2026-08-02T17:02:25Z</time>
      </trkpt>
      <trkpt lat="49.05093" lon="-121.46783">
        <ele>1578.63</ele>
        <time>2026-08-02T17:02:35Z</time>
      </trkpt>
      <trkpt lat="49.0509" lon="-121.46781">
        <ele>1578.98</ele>
        <time>2026-08-02T17:02:44Z</time>
      </trkpt>
      <trkpt lat="49.05088" lon="-121.46778">
        <ele>1580.36</ele>
        <time>2026-08-02T17:02:54Z</time>
      </trkpt>
      <trkpt lat="49.05086" lon="-121.46783">
        <ele>1576.31</ele>
        <time>2026-08-02T17:03:00Z</time>
      </trkpt>
      <trkpt lat="49.05084" lon="-121.46786">
        <ele>1573.6</ele>
        <time>2026-08-02T17:03:08Z</time>
      </trkpt>
      <trkpt lat="49.05081" lon="-121.46783">
        <ele>1574.47</ele>
        <time>2026-08-02T17:03:19Z</time>
      </trkpt>
      <trkpt lat="49.05078" lon="-121.46781">
        <ele>1574.56</ele>
        <time>2026-08-02T17:03:28Z</time>
      </trkpt>
      <trkpt lat="49.05075" lon="-121.46779">
        <ele>1574.6</ele>
        <time>2026-08-02T17:03:36Z</time>
      </trkpt>
      <trkpt lat="49.05071" lon="-121.46778">
        <ele>1573.53</ele>
        <time>2026-08-02T17:03:45Z</time>
      </trkpt>
      <trkpt lat="49.05068" lon="-121.46777">
        <ele>1572.81</ele>
        <time>2026-08-02T17:03:54Z</time>
      </trkpt>
      <trkpt lat="49.05065" lon="-121.46775">
        <ele>1572.68</ele>
        <time>2026-08-02T17:04:03Z</time>
      </trkpt>
      <trkpt lat="49.05062" lon="-121.46774">
        <ele>1572.0</ele>
        <time>2026-08-02T17:04:08Z</time>
      </trkpt>
      <trkpt lat="49.05057" lon="-121.46773">
        <ele>1570.52</ele>
        <time>2026-08-02T17:04:11Z</time>
      </trkpt>
      <trkpt lat="49.05056" lon="-121.46769">
        <ele>1572.55</ele>
        <time>2026-08-02T17:04:25Z</time>
      </trkpt>
      <trkpt lat="49.05053" lon="-121.46766">
        <ele>1573.04</ele>
        <time>2026-08-02T17:04:33Z</time>
      </trkpt>
      <trkpt lat="49.0505" lon="-121.46763">
        <ele>1573.42</ele>
        <time>2026-08-02T17:04:43Z</time>
      </trkpt>
      <trkpt lat="49.0505" lon="-121.46759">
        <ele>1575.75</ele>
        <time>2026-08-02T17:04:54Z</time>
      </trkpt>
      <trkpt lat="49.05048" lon="-121.46755">
        <ele>1577.06</ele>
        <time>2026-08-02T17:05:04Z</time>
      </trkpt>
      <trkpt lat="49.05047" lon="-121.4675">
        <ele>1579.38</ele>
        <time>2026-08-02T17:05:14Z</time>
      </trkpt>
      <trkpt lat="49.05046" lon="-121.46746">
        <ele>1580.66</ele>
        <time>2026-08-02T17:05:24Z</time>
      </trkpt>
      <trkpt lat="49.05044" lon="-121.46743">
        <ele>1580.93</ele>
        <time>2026-08-02T17:05:32Z</time>
      </trkpt>
      <trkpt lat="49.05043" lon="-121.46738">
        <ele>1582.64</ele>
        <time>2026-08-02T17:05:41Z</time>
      </trkpt>
      <trkpt lat="49.05041" lon="-121.46734">
        <ele>1583.33</ele>
        <time>2026-08-02T17:05:51Z</time>
      </trkpt>
      <trkpt lat="49.0504" lon="-121.46729">
        <ele>1585.0</ele>
        <time>2026-08-02T17:06:01Z</time>
      </trkpt>
      <trkpt lat="49.05039" lon="-121.46724">
        <ele>1586.67</ele>
        <time>2026-08-02T17:06:13Z</time>
      </trkpt>
      <trkpt lat="49.05038" lon="-121.4672">
        <ele>1587.94</ele>
        <time>2026-08-02T17:06:28Z</time>
      </trkpt>
      <trkpt lat="49.05036" lon="-121.46716">
        <ele>1588.76</ele>
        <time>2026-08-02T17:06:40Z</time>
      </trkpt>
      <trkpt lat="49.05035" lon="-121.46712">
        <ele>1590.2</ele>
        <time>2026-08-02T17:06:50Z</time>
      </trkpt>
      <trkpt lat="49.05034" lon="-121.46708">
        <ele>1591.69</ele>
        <time>2026-08-02T17:07:01Z</time>
      </trkpt>
      <trkpt lat="49.05032" lon="-121.46703">
        <ele>1593.29</ele>
        <time>2026-08-02T17:07:12Z</time>
      </trkpt>
      <trkpt lat="49.05031" lon="-121.46701">
        <ele>1593.87</ele>
        <time>2026-08-02T17:07:19Z</time>
      </trkpt>
      <trkpt lat="49.05029" lon="-121.46696">
        <ele>1595.66</ele>
        <time>2026-08-02T17:07:30Z</time>
      </trkpt>
      <trkpt lat="49.05033" lon="-121.46694">
        <ele>1598.35</ele>
        <time>2026-08-02T17:07:36Z</time>
      </trkpt>
      <trkpt lat="49.05036" lon="-121.46693">
        <ele>1600.13</ele>
        <time>2026-08-02T17:07:41Z</time>
      </trkpt>
      <trkpt lat="49.05038" lon="-121.46696">
        <ele>1599.31</ele>
        <time>2026-08-02T17:07:46Z</time>
      </trkpt>
      <trkpt lat="49.0504" lon="-121.46701">
        <ele>1597.82</ele>
        <time>2026-08-02T17:07:49Z</time>
      </trkpt>
      <trkpt lat="49.05043" lon="-121.46705">
        <ele>1597.37</ele>
        <time>2026-08-02T17:07:52Z</time>
      </trkpt>
      <trkpt lat="49.05046" lon="-121.46706">
        <ele>1598.34</ele>
        <time>2026-08-02T17:07:56Z</time>
      </trkpt>
      <trkpt lat="49.05049" lon="-121.46705">
        <ele>1600.16</ele>
        <time>2026-08-02T17:08:03Z</time>
      </trkpt>
      <trkpt lat="49.05053" lon="-121.46705">
        <ele>1602.01</ele>
        <time>2026-08-02T17:08:10Z</time>
      </trkpt>
      <trkpt lat="49.05056" lon="-121.46705">
        <ele>1603.3</ele>
        <time>2026-08-02T17:08:15Z</time>
      </trkpt>
      <trkpt lat="49.05059" lon="-121.46704">
        <ele>1604.34</ele>
        <time>2026-08-02T17:08:21Z</time>
      </trkpt>
      <trkpt lat="49.05061" lon="-121.46703">
        <ele>1605.17</ele>
        <time>2026-08-02T17:08:24Z</time>
      </trkpt>
      <trkpt lat="49.05058" lon="-121.46702">
        <ele>1604.85</ele>
        <time>2026-08-02T17:08:30Z</time>
      </trkpt>
      <trkpt lat="49.0506" lon="-121.46698">
        <ele>1606.8</ele>
        <time>2026-08-02T17:08:42Z</time>
      </trkpt>
      <trkpt lat="49.05063" lon="-121.46696">
        <ele>1608.29</ele>
        <time>2026-08-02T17:08:47Z</time>
      </trkpt>
      <trkpt lat="49.05067" lon="-121.46695">
        <ele>1609.67</ele>
        <time>2026-08-02T17:08:52Z</time>
      </trkpt>
      <trkpt lat="49.0507" lon="-121.46694">
        <ele>1610.78</ele>
        <time>2026-08-02T17:08:57Z</time>
      </trkpt>
      <trkpt lat="49.05072" lon="-121.46693">
        <ele>1611.61</ele>
        <time>2026-08-02T17:09:03Z</time>
      </trkpt>
      <trkpt lat="49.05075" lon="-121.46692">
        <ele>1612.69</ele>
        <time>2026-08-02T17:09:14Z</time>
      </trkpt>
      <trkpt lat="49.05075" lon="-121.46688">
        <ele>1613.99</ele>
        <time>2026-08-02T17:09:32Z</time>
      </trkpt>
      <trkpt lat="49.05074" lon="-121.46685">
        <ele>1614.71</ele>
        <time>2026-08-02T17:09:47Z</time>
      </trkpt>
      <trkpt lat="49.05074" lon="-121.46681">
        <ele>1616.0</ele>
        <time>2026-08-02T17:10:08Z</time>
      </trkpt>
      <trkpt lat="49.05075" lon="-121.46681">
        <ele>1616.26</ele>
        <time>2026-08-02T17:10:12Z</time>
      </trkpt>
      <trkpt lat="49.0508" lon="-121.46681">
        <ele>1617.52</ele>
        <time>2026-08-02T17:10:15Z</time>
      </trkpt>
      <trkpt lat="49.05083" lon="-121.4668">
        <ele>1618.6</ele>
        <time>2026-08-02T17:10:18Z</time>
      </trkpt>
      <trkpt lat="49.05086" lon="-121.4668">
        <ele>1619.26</ele>
        <time>2026-08-02T17:10:23Z</time>
      </trkpt>
      <trkpt lat="49.05088" lon="-121.46677">
        <ele>1620.7</ele>
        <time>2026-08-02T17:10:48Z</time>
      </trkpt>
      <trkpt lat="49.0509" lon="-121.46677">
        <ele>1621.15</ele>
        <time>2026-08-02T17:10:54Z</time>
      </trkpt>
      <trkpt lat="49.05093" lon="-121.46676">
        <ele>1622.18</ele>
        <time>2026-08-02T17:11:07Z</time>
      </trkpt>
      <trkpt lat="49.05096" lon="-121.46675">
        <ele>1623.22</ele>
        <time>2026-08-02T17:11:18Z</time>
      </trkpt>
      <trkpt lat="49.05099" lon="-121.46674">
        <ele>1624.27</ele>
        <time>2026-08-02T17:11:27Z</time>
      </trkpt>
      <trkpt lat="49.05102" lon="-121.46674">
        <ele>1624.97</ele>
        <time>2026-08-02T17:11:35Z</time>
      </trkpt>
      <trkpt lat="49.05105" lon="-121.46674">
        <ele>1625.67</ele>
        <time>2026-08-02T17:11:43Z</time>
      </trkpt>
      <trkpt lat="49.05108" lon="-121.46673">
        <ele>1626.76</ele>
        <time>2026-08-02T17:11:50Z</time>
      </trkpt>
      <trkpt lat="49.0511" lon="-121.46673">
        <ele>1627.23</ele>
        <time>2026-08-02T17:11:57Z</time>
      </trkpt>
      <trkpt lat="49.05113" lon="-121.46673">
        <ele>1627.87</ele>
        <time>2026-08-02T17:12:06Z</time>
      </trkpt>
      <trkpt lat="49.05116" lon="-121.46673">
        <ele>1628.48</ele>
        <time>2026-08-02T17:12:18Z</time>
      </trkpt>
      <trkpt lat="49.05119" lon="-121.46673">
        <ele>1629.09</ele>
        <time>2026-08-02T17:12:34Z</time>
      </trkpt>
      <trkpt lat="49.05122" lon="-121.46673">
        <ele>1629.7</ele>
        <time>2026-08-02T17:12:48Z</time>
      </trkpt>
      <trkpt lat="49.05124" lon="-121.46673">
        <ele>1630.11</ele>
        <time>2026-08-02T17:12:53Z</time>
      </trkpt>
      <trkpt lat="49.05127" lon="-121.46674">
        <ele>1630.19</ele>
        <time>2026-08-02T17:13:05Z</time>
      </trkpt>
      <trkpt lat="49.05128" lon="-121.46681">
        <ele>1626.7</ele>
        <time>2026-08-02T17:13:08Z</time>
      </trkpt>
      <trkpt lat="49.0513" lon="-121.46682">
        <ele>1626.44</ele>
        <time>2026-08-02T17:13:15Z</time>
      </trkpt>
      <trkpt lat="49.05133" lon="-121.46683">
        <ele>1626.27</ele>
        <time>2026-08-02T17:13:25Z</time>
      </trkpt>
      <trkpt lat="49.05136" lon="-121.46685">
        <ele>1625.46</ele>
        <time>2026-08-02T17:13:35Z</time>
      </trkpt>
      <trkpt lat="49.05139" lon="-121.46687">
        <ele>1624.6</ele>
        <time>2026-08-02T17:13:45Z</time>
      </trkpt>
      <trkpt lat="49.05141" lon="-121.46685">
        <ele>1626.54</ele>
        <time>2026-08-02T17:13:54Z</time>
      </trkpt>
      <trkpt lat="49.05143" lon="-121.46682">
        <ele>1629.05</ele>
        <time>2026-08-02T17:14:02Z</time>
      </trkpt>
      <trkpt lat="49.05141" lon="-121.4668">
        <ele>1629.56</ele>
        <time>2026-08-02T17:14:12Z</time>
      </trkpt>
      <trkpt lat="49.05138" lon="-121.46679">
        <ele>1629.31</ele>
        <time>2026-08-02T17:14:15Z</time>
      </trkpt>
      <trkpt lat="49.05136" lon="-121.46675">
        <ele>1631.36</ele>
        <time>2026-08-02T17:14:25Z</time>
      </trkpt>
      <trkpt lat="49.05136" lon="-121.46669">
        <ele>1634.9</ele>
        <time>2026-08-02T17:14:28Z</time>
      </trkpt>
      <trkpt lat="49.05136" lon="-121.46663">
        <ele>1638.46</ele>
        <time>2026-08-02T17:14:32Z</time>
      </trkpt>
      <trkpt lat="49.05135" lon="-121.46659">
        <ele>1640.56</ele>
        <time>2026-08-02T17:14:45Z</time>
      </trkpt>
      <trkpt lat="49.05134" lon="-121.46655">
        <ele>1642.61</ele>
        <time>2026-08-02T17:14:53Z</time>
      </trkpt>
      <trkpt lat="49.05133" lon="-121.4665">
        <ele>1645.21</ele>
        <time>2026-08-02T17:15:03Z</time>
      </trkpt>
      <trkpt lat="49.05133" lon="-121.46646">
        <ele>1647.53</ele>
        <time>2026-08-02T17:15:12Z</time>
      </trkpt>
      <trkpt lat="49.0513" lon="-121.46643">
        <ele>1648.15</ele>
        <time>2026-08-02T17:15:17Z</time>
      </trkpt>
      <trkpt lat="49.05126" lon="-121.46642">
        <ele>1647.2</ele>
        <time>2026-08-02T17:15:19Z</time>
      </trkpt>
      <trkpt lat="49.05123" lon="-121.46641">
        <ele>1646.59</ele>
        <time>2026-08-02T17:15:22Z</time>
      </trkpt>
      <trkpt lat="49.05121" lon="-121.46637">
        <ele>1647.69</ele>
        <time>2026-08-02T17:15:33Z</time>
      </trkpt>
      <trkpt lat="49.0512" lon="-121.46633">
        <ele>1648.92</ele>
        <time>2026-08-02T17:15:43Z</time>
      </trkpt>
      <trkpt lat="49.0512" lon="-121.46628">
        <ele>1650.96</ele>
        <time>2026-08-02T17:15:55Z</time>
      </trkpt>
      <trkpt lat="49.0512" lon="-121.46625">
        <ele>1652.18</ele>
        <time>2026-08-02T17:16:03Z</time>
      </trkpt>
      <trkpt lat="49.05121" lon="-121.4662">
        <ele>1654.64</ele>
        <time>2026-08-02T17:16:14Z</time>
      </trkpt>
      <trkpt lat="49.05122" lon="-121.46615">
        <ele>1657.11</ele>
        <time>2026-08-02T17:16:28Z</time>
      </trkpt>
      <trkpt lat="49.05122" lon="-121.4662">
        <ele>1655.06</ele>
        <time>2026-08-02T17:16:43Z</time>
      </trkpt>
      <trkpt lat="49.05121" lon="-121.46623">
        <ele>1653.41</ele>
        <time>2026-08-02T17:16:57Z</time>
      </trkpt>
      <trkpt lat="49.05118" lon="-121.46623">
        <ele>1652.16</ele>
        <time>2026-08-02T17:18:01Z</time>
      </trkpt>
      <trkpt lat="49.05117" lon="-121.46617">
        <ele>1654.17</ele>
        <time>2026-08-02T17:20:16Z</time>
      </trkpt>
      <trkpt lat="49.05117" lon="-121.46612">
        <ele>1656.19</ele>
        <time>2026-08-02T17:20:19Z</time>
      </trkpt>
      <trkpt lat="49.05117" lon="-121.46607">
        <ele>1658.17</ele>
        <time>2026-08-02T17:20:24Z</time>
      </trkpt>
      <trkpt lat="49.05117" lon="-121.46603">
        <ele>1659.76</ele>
        <time>2026-08-02T17:20:33Z</time>
      </trkpt>
      <trkpt lat="49.05117" lon="-121.46598">
        <ele>1661.74</ele>
        <time>2026-08-02T17:20:40Z</time>
      </trkpt>
      <trkpt lat="49.05116" lon="-121.46594">
        <ele>1662.89</ele>
        <time>2026-08-02T17:20:51Z</time>
      </trkpt>
      <trkpt lat="49.05115" lon="-121.46589">
        <ele>1664.44</ele>
        <time>2026-08-02T17:21:04Z</time>
      </trkpt>
      <trkpt lat="49.05115" lon="-121.46585">
        <ele>1666.02</ele>
        <time>2026-08-02T17:21:13Z</time>
      </trkpt>
      <trkpt lat="49.05112" lon="-121.46581">
        <ele>1666.06</ele>
        <time>2026-08-02T17:21:21Z</time>
      </trkpt>
      <trkpt lat="49.05108" lon="-121.4658">
        <ele>1664.49</ele>
        <time>2026-08-02T17:21:23Z</time>
      </trkpt>
      <trkpt lat="49.05104" lon="-121.46579">
        <ele>1662.88</ele>
        <time>2026-08-02T17:21:26Z</time>
      </trkpt>
      <trkpt lat="49.05101" lon="-121.46577">
        <ele>1662.01</ele>
        <time>2026-08-02T17:21:30Z</time>
      </trkpt>
      <trkpt lat="49.05099" lon="-121.46573">
        <ele>1662.15</ele>
        <time>2026-08-02T17:21:37Z</time>
      </trkpt>
      <trkpt lat="49.05097" lon="-121.4657">
        <ele>1661.99</ele>
        <time>2026-08-02T17:21:42Z</time>
      </trkpt>
      <trkpt lat="49.05095" lon="-121.46566">
        <ele>1662.09</ele>
        <time>2026-08-02T17:21:48Z</time>
      </trkpt>
      <trkpt lat="49.05093" lon="-121.46562">
        <ele>1662.17</ele>
        <time>2026-08-02T17:21:56Z</time>
      </trkpt>
      <trkpt lat="49.05091" lon="-121.46559">
        <ele>1661.96</ele>
        <time>2026-08-02T17:22:04Z</time>
      </trkpt>
      <trkpt lat="49.05094" lon="-121.46556">
        <ele>1664.26</ele>
        <time>2026-08-02T17:22:09Z</time>
      </trkpt>
      <trkpt lat="49.05094" lon="-121.46552">
        <ele>1665.96</ele>
        <time>2026-08-02T17:22:18Z</time>
      </trkpt>
      <trkpt lat="49.05092" lon="-121.46548">
        <ele>1666.72</ele>
        <time>2026-08-02T17:22:25Z</time>
      </trkpt>
      <trkpt lat="49.05091" lon="-121.46543">
        <ele>1668.41</ele>
        <time>2026-08-02T17:22:36Z</time>
      </trkpt>
      <trkpt lat="49.0509" lon="-121.46538">
        <ele>1670.1</ele>
        <time>2026-08-02T17:22:47Z</time>
      </trkpt>
      <trkpt lat="49.05089" lon="-121.46535">
        <ele>1670.89</ele>
        <time>2026-08-02T17:22:55Z</time>
      </trkpt>
      <trkpt lat="49.05087" lon="-121.46532">
        <ele>1671.14</ele>
        <time>2026-08-02T17:23:04Z</time>
      </trkpt>
      <trkpt lat="49.05086" lon="-121.46528">
        <ele>1672.34</ele>
        <time>2026-08-02T17:23:14Z</time>
      </trkpt>
      <trkpt lat="49.05085" lon="-121.46524">
        <ele>1674.44</ele>
        <time>2026-08-02T17:23:30Z</time>
      </trkpt>
      <trkpt lat="49.05083" lon="-121.4652">
        <ele>1676.19</ele>
        <time>2026-08-02T17:23:43Z</time>
      </trkpt>
      <trkpt lat="49.05082" lon="-121.46515">
        <ele>1679.18</ele>
        <time>2026-08-02T17:23:57Z</time>
      </trkpt>
      <trkpt lat="49.0508" lon="-121.46511">
        <ele>1680.96</ele>
        <time>2026-08-02T17:24:08Z</time>
      </trkpt>
      <trkpt lat="49.05078" lon="-121.46508">
        <ele>1681.98</ele>
        <time>2026-08-02T17:24:16Z</time>
      </trkpt>
      <trkpt lat="49.05076" lon="-121.46504">
        <ele>1683.53</ele>
        <time>2026-08-02T17:24:26Z</time>
      </trkpt>
      <trkpt lat="49.05074" lon="-121.465">
        <ele>1684.96</ele>
        <time>2026-08-02T17:24:34Z</time>
      </trkpt>
      <trkpt lat="49.05072" lon="-121.46497">
        <ele>1685.55</ele>
        <time>2026-08-02T17:24:43Z</time>
      </trkpt>
      <trkpt lat="49.0507" lon="-121.46493">
        <ele>1686.8</ele>
        <time>2026-08-02T17:24:52Z</time>
      </trkpt>
      <trkpt lat="49.05068" lon="-121.46489">
        <ele>1688.18</ele>
        <time>2026-08-02T17:25:00Z</time>
      </trkpt>
      <trkpt lat="49.05066" lon="-121.46485">
        <ele>1689.68</ele>
        <time>2026-08-02T17:25:09Z</time>
      </trkpt>
      <trkpt lat="49.05064" lon="-121.46481">
        <ele>1691.31</ele>
        <time>2026-08-02T17:25:18Z</time>
      </trkpt>
      <trkpt lat="49.05063" lon="-121.46478">
        <ele>1692.79</ele>
        <time>2026-08-02T17:25:24Z</time>
      </trkpt>
      <trkpt lat="49.05061" lon="-121.46474">
        <ele>1694.62</ele>
        <time>2026-08-02T17:25:32Z</time>
      </trkpt>
      <trkpt lat="49.05056" lon="-121.46473">
        <ele>1693.61</ele>
        <time>2026-08-02T17:25:36Z</time>
      </trkpt>
      <trkpt lat="49.05053" lon="-121.46472">
        <ele>1693.47</ele>
        <time>2026-08-02T17:25:38Z</time>
      </trkpt>
      <trkpt lat="49.0505" lon="-121.46471">
        <ele>1693.22</ele>
        <time>2026-08-02T17:25:42Z</time>
      </trkpt>
      <trkpt lat="49.0505" lon="-121.46467">
        <ele>1695.27</ele>
        <time>2026-08-02T17:25:53Z</time>
      </trkpt>
      <trkpt lat="49.05051" lon="-121.46472">
        <ele>1692.97</ele>
        <time>2026-08-02T17:26:04Z</time>
      </trkpt>
      <trkpt lat="49.0505" lon="-121.46468">
        <ele>1694.76</ele>
        <time>2026-08-02T17:26:31Z</time>
      </trkpt>
      <trkpt lat="49.05049" lon="-121.46468">
        <ele>1694.51</ele>
        <time>2026-08-02T17:26:36Z</time>
      </trkpt>
      <trkpt lat="49.05046" lon="-121.46465">
        <ele>1695.32</ele>
        <time>2026-08-02T17:26:48Z</time>
      </trkpt>
      <trkpt lat="49.05045" lon="-121.46462">
        <ele>1696.63</ele>
        <time>2026-08-02T17:26:57Z</time>
      </trkpt>
      <trkpt lat="49.05043" lon="-121.46458">
        <ele>1698.24</ele>
        <time>2026-08-02T17:27:06Z</time>
      </trkpt>
      <trkpt lat="49.05041" lon="-121.46455">
        <ele>1699.34</ele>
        <time>2026-08-02T17:27:13Z</time>
      </trkpt>
      <trkpt lat="49.05039" lon="-121.46452">
        <ele>1700.45</ele>
        <time>2026-08-02T17:27:21Z</time>
      </trkpt>
      <trkpt lat="49.05037" lon="-121.46448">
        <ele>1702.11</ele>
        <time>2026-08-02T17:27:31Z</time>
      </trkpt>
      <trkpt lat="49.05035" lon="-121.46444">
        <ele>1703.75</ele>
        <time>2026-08-02T17:27:43Z</time>
      </trkpt>
      <trkpt lat="49.05033" lon="-121.4644">
        <ele>1705.06</ele>
        <time>2026-08-02T17:27:53Z</time>
      </trkpt>
      <trkpt lat="49.05031" lon="-121.46436">
        <ele>1706.47</ele>
        <time>2026-08-02T17:28:01Z</time>
      </trkpt>
      <trkpt lat="49.0503" lon="-121.46433">
        <ele>1707.67</ele>
        <time>2026-08-02T17:28:08Z</time>
      </trkpt>
      <trkpt lat="49.05028" lon="-121.46429">
        <ele>1709.25</ele>
        <time>2026-08-02T17:28:17Z</time>
      </trkpt>
      <trkpt lat="49.05026" lon="-121.46426">
        <ele>1710.31</ele>
        <time>2026-08-02T17:28:26Z</time>
      </trkpt>
      <trkpt lat="49.05025" lon="-121.46423">
        <ele>1711.5</ele>
        <time>2026-08-02T17:28:34Z</time>
      </trkpt>
      <trkpt lat="49.05023" lon="-121.46418">
        <ele>1713.37</ele>
        <time>2026-08-02T17:28:45Z</time>
      </trkpt>
      <trkpt lat="49.0502" lon="-121.46414">
        <ele>1714.49</ele>
        <time>2026-08-02T17:28:55Z</time>
      </trkpt>
      <trkpt lat="49.05019" lon="-121.46411">
        <ele>1715.56</ele>
        <time>2026-08-02T17:29:02Z</time>
      </trkpt>
      <trkpt lat="49.05017" lon="-121.46408">
        <ele>1716.36</ele>
        <time>2026-08-02T17:29:09Z</time>
      </trkpt>
      <trkpt lat="49.05015" lon="-121.46405">
        <ele>1717.12</ele>
        <time>2026-08-02T17:29:17Z</time>
      </trkpt>
      <trkpt lat="49.05012" lon="-121.46401">
        <ele>1717.96</ele>
        <time>2026-08-02T17:29:26Z</time>
      </trkpt>
      <trkpt lat="49.0501" lon="-121.46398">
        <ele>1718.61</ele>
        <time>2026-08-02T17:29:33Z</time>
      </trkpt>
      <trkpt lat="49.05007" lon="-121.46395">
        <ele>1718.9</ele>
        <time>2026-08-02T17:29:40Z</time>
      </trkpt>
      <trkpt lat="49.05004" lon="-121.46394">
        <ele>1718.38</ele>
        <time>2026-08-02T17:29:42Z</time>
      </trkpt>
      <trkpt lat="49.05001" lon="-121.46392">
        <ele>1718.19</ele>
        <time>2026-08-02T17:29:45Z</time>
      </trkpt>
      <trkpt lat="49.04998" lon="-121.46389">
        <ele>1718.17</ele>
        <time>2026-08-02T17:29:52Z</time>
      </trkpt>
      <trkpt lat="49.04996" lon="-121.46385">
        <ele>1718.52</ele>
        <time>2026-08-02T17:30:00Z</time>
      </trkpt>
      <trkpt lat="49.04994" lon="-121.46381">
        <ele>1718.83</ele>
        <time>2026-08-02T17:30:08Z</time>
      </trkpt>
      <trkpt lat="49.04993" lon="-121.46376">
        <ele>1719.82</ele>
        <time>2026-08-02T17:30:20Z</time>
      </trkpt>
      <trkpt lat="49.04992" lon="-121.46372">
        <ele>1720.52</ele>
        <time>2026-08-02T17:30:31Z</time>
      </trkpt>
      <trkpt lat="49.0499" lon="-121.46369">
        <ele>1720.51</ele>
        <time>2026-08-02T17:30:39Z</time>
      </trkpt>
      <trkpt lat="49.04987" lon="-121.46366">
        <ele>1720.06</ele>
        <time>2026-08-02T17:30:47Z</time>
      </trkpt>
      <trkpt lat="49.04985" lon="-121.46362">
        <ele>1720.28</ele>
        <time>2026-08-02T17:30:55Z</time>
      </trkpt>
      <trkpt lat="49.04983" lon="-121.46358">
        <ele>1720.44</ele>
        <time>2026-08-02T17:31:04Z</time>
      </trkpt>
      <trkpt lat="49.04981" lon="-121.46355">
        <ele>1720.33</ele>
        <time>2026-08-02T17:31:11Z</time>
      </trkpt>
      <trkpt lat="49.04979" lon="-121.46352">
        <ele>1720.22</ele>
        <time>2026-08-02T17:31:20Z</time>
      </trkpt>
      <trkpt lat="49.04977" lon="-121.46348">
        <ele>1720.37</ele>
        <time>2026-08-02T17:31:30Z</time>
      </trkpt>
      <trkpt lat="49.04975" lon="-121.46344">
        <ele>1720.51</ele>
        <time>2026-08-02T17:31:41Z</time>
      </trkpt>
      <trkpt lat="49.04977" lon="-121.46347">
        <ele>1720.62</ele>
        <time>2026-08-02T17:31:53Z</time>
      </trkpt>
      <trkpt lat="49.0498" lon="-121.4635">
        <ele>1721.16</ele>
        <time>2026-08-02T17:31:55Z</time>
      </trkpt>
      <trkpt lat="49.04977" lon="-121.46347">
        <ele>1720.62</ele>
        <time>2026-08-02T17:32:07Z</time>
      </trkpt>
      <trkpt lat="49.04974" lon="-121.46345">
        <ele>1719.83</ele>
        <time>2026-08-02T17:32:12Z</time>
      </trkpt>
      <trkpt lat="49.04971" lon="-121.46344">
        <ele>1718.88</ele>
        <time>2026-08-02T17:32:16Z</time>
      </trkpt>
      <trkpt lat="49.04968" lon="-121.46343">
        <ele>1718.09</ele>
        <time>2026-08-02T17:32:21Z</time>
      </trkpt>
      <trkpt lat="49.04965" lon="-121.46341">
        <ele>1717.58</ele>
        <time>2026-08-02T17:32:30Z</time>
      </trkpt>
      <trkpt lat="49.04962" lon="-121.46338">
        <ele>1717.39</ele>
        <time>2026-08-02T17:32:43Z</time>
      </trkpt>
      <trkpt lat="49.0496" lon="-121.46335">
        <ele>1717.57</ele>
        <time>2026-08-02T17:33:01Z</time>
      </trkpt>
      <trkpt lat="49.04957" lon="-121.46333">
        <ele>1717.18</ele>
        <time>2026-08-02T17:33:30Z</time>
      </trkpt>
      <trkpt lat="49.04954" lon="-121.46332">
        <ele>1716.54</ele>
        <time>2026-08-02T17:34:00Z</time>
      </trkpt>
      <trkpt lat="49.04951" lon="-121.46329">
        <ele>1716.56</ele>
        <time>2026-08-02T17:34:19Z</time>
      </trkpt>
      <trkpt lat="49.04948" lon="-121.46325">
        <ele>1716.89</ele>
        <time>2026-08-02T17:34:23Z</time>
      </trkpt>
      <trkpt lat="49.04946" lon="-121.46321">
        <ele>1717.52</ele>
        <time>2026-08-02T17:34:25Z</time>
      </trkpt>
      <trkpt lat="49.04943" lon="-121.46316">
        <ele>1718.25</ele>
        <time>2026-08-02T17:34:28Z</time>
      </trkpt>
      <trkpt lat="49.0494" lon="-121.46313">
        <ele>1718.5</ele>
        <time>2026-08-02T17:34:32Z</time>
      </trkpt>
      <trkpt lat="49.04936" lon="-121.46312">
        <ele>1717.88</ele>
        <time>2026-08-02T17:34:38Z</time>
      </trkpt>
      <trkpt lat="49.04933" lon="-121.46314">
        <ele>1716.42</ele>
        <time>2026-08-02T17:34:44Z</time>
      </trkpt>
      <trkpt lat="49.04929" lon="-121.46316">
        <ele>1714.65</ele>
        <time>2026-08-02T17:34:50Z</time>
      </trkpt>
      <trkpt lat="49.04926" lon="-121.46319">
        <ele>1712.7</ele>
        <time>2026-08-02T17:34:58Z</time>
      </trkpt>
      <trkpt lat="49.04923" lon="-121.4632">
        <ele>1711.48</ele>
        <time>2026-08-02T17:35:08Z</time>
      </trkpt>
      <trkpt lat="49.0492" lon="-121.46319">
        <ele>1711.09</ele>
        <time>2026-08-02T17:35:21Z</time>
      </trkpt>
      <trkpt lat="49.04918" lon="-121.46315">
        <ele>1712.26</ele>
        <time>2026-08-02T17:35:35Z</time>
      </trkpt>
      <trkpt lat="49.04916" lon="-121.46311">
        <ele>1713.5</ele>
        <time>2026-08-02T17:35:48Z</time>
      </trkpt>
      <trkpt lat="49.04914" lon="-121.46308">
        <ele>1714.36</ele>
        <time>2026-08-02T17:36:00Z</time>
      </trkpt>
      <trkpt lat="49.04913" lon="-121.46304">
        <ele>1715.94</ele>
        <time>2026-08-02T17:36:16Z</time>
      </trkpt>
      <trkpt lat="49.0491" lon="-121.46302">
        <ele>1716.25</ele>
        <time>2026-08-02T17:36:34Z</time>
      </trkpt>
      <trkpt lat="49.04906" lon="-121.46302">
        <ele>1715.41</ele>
        <time>2026-08-02T17:36:46Z</time>
      </trkpt>
      <trkpt lat="49.04903" lon="-121.46301">
        <ele>1715.26</ele>
        <time>2026-08-02T17:36:58Z</time>
      </trkpt>
      <trkpt lat="49.049" lon="-121.463">
        <ele>1715.12</ele>
        <time>2026-08-02T17:37:11Z</time>
      </trkpt>
      <trkpt lat="49.04897" lon="-121.46299">
        <ele>1714.99</ele>
        <time>2026-08-02T17:37:24Z</time>
      </trkpt>
      <trkpt lat="49.04894" lon="-121.46298">
        <ele>1714.86</ele>
        <time>2026-08-02T17:37:34Z</time>
      </trkpt>
      <trkpt lat="49.04891" lon="-121.46296">
        <ele>1715.25</ele>
        <time>2026-08-02T17:37:44Z</time>
      </trkpt>
      <trkpt lat="49.04888" lon="-121.46294">
        <ele>1715.87</ele>
        <time>2026-08-02T17:37:54Z</time>
      </trkpt>
      <trkpt lat="49.04885" lon="-121.46293">
        <ele>1716.54</ele>
        <time>2026-08-02T17:38:02Z</time>
      </trkpt>
      <trkpt lat="49.04882" lon="-121.46292">
        <ele>1717.21</ele>
        <time>2026-08-02T17:38:05Z</time>
      </trkpt>
      <trkpt lat="49.04878" lon="-121.46292">
        <ele>1717.42</ele>
        <time>2026-08-02T17:38:07Z</time>
      </trkpt>
      <trkpt lat="49.04875" lon="-121.46291">
        <ele>1718.07</ele>
        <time>2026-08-02T17:38:10Z</time>
      </trkpt>
      <trkpt lat="49.04871" lon="-121.4629">
        <ele>1718.77</ele>
        <time>2026-08-02T17:38:14Z</time>
      </trkpt>
      <trkpt lat="49.04869" lon="-121.46289">
        <ele>1719.35</ele>
        <time>2026-08-02T17:38:25Z</time>
      </trkpt>
      <trkpt lat="49.04866" lon="-121.46285">
        <ele>1721.4</ele>
        <time>2026-08-02T17:38:51Z</time>
      </trkpt>
      <trkpt lat="49.04863" lon="-121.46284">
        <ele>1722.0</ele>
        <time>2026-08-02T17:39:02Z</time>
      </trkpt>
      <trkpt lat="49.0486" lon="-121.46282">
        <ele>1723.28</ele>
        <time>2026-08-02T17:39:13Z</time>
      </trkpt>
      <trkpt lat="49.04857" lon="-121.4628">
        <ele>1724.88</ele>
        <time>2026-08-02T17:39:29Z</time>
      </trkpt>
      <trkpt lat="49.04855" lon="-121.46277">
        <ele>1726.58</ele>
        <time>2026-08-02T17:39:42Z</time>
      </trkpt>
      <trkpt lat="49.04852" lon="-121.46275">
        <ele>1727.84</ele>
        <time>2026-08-02T17:39:52Z</time>
      </trkpt>
      <trkpt lat="49.04849" lon="-121.46273">
        <ele>1729.04</ele>
        <time>2026-08-02T17:40:01Z</time>
      </trkpt>
      <trkpt lat="49.04846" lon="-121.46272">
        <ele>1729.89</ele>
        <time>2026-08-02T17:40:10Z</time>
      </trkpt>
      <trkpt lat="49.04843" lon="-121.4627">
        <ele>1730.98</ele>
        <time>2026-08-02T17:40:20Z</time>
      </trkpt>
      <trkpt lat="49.0484" lon="-121.46269">
        <ele>1731.76</ele>
        <time>2026-08-02T17:40:29Z</time>
      </trkpt>
      <trkpt lat="49.04837" lon="-121.46268">
        <ele>1732.51</ele>
        <time>2026-08-02T17:40:37Z</time>
      </trkpt>
      <trkpt lat="49.04833" lon="-121.46266">
        <ele>1733.66</ele>
        <time>2026-08-02T17:40:47Z</time>
      </trkpt>
      <trkpt lat="49.0483" lon="-121.46265">
        <ele>1734.92</ele>
        <time>2026-08-02T17:40:59Z</time>
      </trkpt>
      <trkpt lat="49.04827" lon="-121.46263">
        <ele>1736.32</ele>
        <time>2026-08-02T17:41:11Z</time>
      </trkpt>
      <trkpt lat="49.04824" lon="-121.46262">
        <ele>1737.49</ele>
        <time>2026-08-02T17:41:22Z</time>
      </trkpt>
      <trkpt lat="49.04821" lon="-121.4626">
        <ele>1738.75</ele>
        <time>2026-08-02T17:41:31Z</time>
      </trkpt>
      <trkpt lat="49.04818" lon="-121.46258">
        <ele>1739.93</ele>
        <time>2026-08-02T17:41:39Z</time>
      </trkpt>
      <trkpt lat="49.04816" lon="-121.46255">
        <ele>1740.85</ele>
        <time>2026-08-02T17:41:47Z</time>
      </trkpt>
      <trkpt lat="49.04815" lon="-121.46249">
        <ele>1741.74</ele>
        <time>2026-08-02T17:41:50Z</time>
      </trkpt>
      <trkpt lat="49.04813" lon="-121.46244">
        <ele>1742.75</ele>
        <time>2026-08-02T17:41:55Z</time>
      </trkpt>
      <trkpt lat="49.04811" lon="-121.4624">
        <ele>1743.48</ele>
        <time>2026-08-02T17:42:03Z</time>
      </trkpt>
      <trkpt lat="49.04808" lon="-121.46237">
        <ele>1744.14</ele>
        <time>2026-08-02T17:42:11Z</time>
      </trkpt>
      <trkpt lat="49.04805" lon="-121.46236">
        <ele>1744.71</ele>
        <time>2026-08-02T17:42:23Z</time>
      </trkpt>
      <trkpt lat="49.04802" lon="-121.46236">
        <ele>1745.85</ele>
        <time>2026-08-02T17:42:35Z</time>
      </trkpt>
      <trkpt lat="49.04799" lon="-121.46234">
        <ele>1746.96</ele>
        <time>2026-08-02T17:42:46Z</time>
      </trkpt>
      <trkpt lat="49.04797" lon="-121.4623">
        <ele>1747.62</ele>
        <time>2026-08-02T17:42:55Z</time>
      </trkpt>
      <trkpt lat="49.04795" lon="-121.46226">
        <ele>1748.16</ele>
        <time>2026-08-02T17:43:03Z</time>
      </trkpt>
      <trkpt lat="49.04792" lon="-121.46222">
        <ele>1748.95</ele>
        <time>2026-08-02T17:43:13Z</time>
      </trkpt>
      <trkpt lat="49.04796" lon="-121.4622">
        <ele>1748.23</ele>
        <time>2026-08-02T17:43:24Z</time>
      </trkpt>
      <trkpt lat="49.04796" lon="-121.46215">
        <ele>1749.3</ele>
        <time>2026-08-02T17:43:45Z</time>
      </trkpt>
      <trkpt lat="49.04794" lon="-121.46212">
        <ele>1750.44</ele>
        <time>2026-08-02T17:43:56Z</time>
      </trkpt>
      <trkpt lat="49.04795" lon="-121.46207">
        <ele>1751.25</ele>
        <time>2026-08-02T17:44:17Z</time>
      </trkpt>
      <trkpt lat="49.04797" lon="-121.46203">
        <ele>1751.67</ele>
        <time>2026-08-02T17:44:34Z</time>
      </trkpt>
      <trkpt lat="49.04795" lon="-121.4621">
        <ele>1750.62</ele>
        <time>2026-08-02T17:45:12Z</time>
      </trkpt>
      <trkpt lat="49.04795" lon="-121.46215">
        <ele>1749.56</ele>
        <time>2026-08-02T17:45:16Z</time>
      </trkpt>
      <trkpt lat="49.0479" lon="-121.46215">
        <ele>1750.86</ele>
        <time>2026-08-02T17:45:20Z</time>
      </trkpt>
      <trkpt lat="49.04785" lon="-121.46216">
        <ele>1751.99</ele>
        <time>2026-08-02T17:45:23Z</time>
      </trkpt>
      <trkpt lat="49.04782" lon="-121.46215">
        <ele>1752.94</ele>
        <time>2026-08-02T17:45:28Z</time>
      </trkpt>
      <trkpt lat="49.04779" lon="-121.46212">
        <ele>1754.17</ele>
        <time>2026-08-02T17:45:40Z</time>
      </trkpt>
      <trkpt lat="49.04777" lon="-121.46209">
        <ele>1755.4</ele>
        <time>2026-08-02T17:45:50Z</time>
      </trkpt>
      <trkpt lat="49.04775" lon="-121.46206">
        <ele>1757.06</ele>
        <time>2026-08-02T17:46:01Z</time>
      </trkpt>
      <trkpt lat="49.04774" lon="-121.46203">
        <ele>1758.07</ele>
        <time>2026-08-02T17:46:09Z</time>
      </trkpt>
      <trkpt lat="49.04771" lon="-121.46201">
        <ele>1760.13</ele>
        <time>2026-08-02T17:46:20Z</time>
      </trkpt>
      <trkpt lat="49.04774" lon="-121.46199">
        <ele>1758.59</ele>
        <time>2026-08-02T17:46:44Z</time>
      </trkpt>
      <trkpt lat="49.04777" lon="-121.46198">
        <ele>1756.95</ele>
        <time>2026-08-02T17:46:53Z</time>
      </trkpt>
      <trkpt lat="49.04774" lon="-121.46199">
        <ele>1758.59</ele>
        <time>2026-08-02T17:47:04Z</time>
      </trkpt>
      <trkpt lat="49.04771" lon="-121.46199">
        <ele>1760.37</ele>
        <time>2026-08-02T17:47:11Z</time>
      </trkpt>
      <trkpt lat="49.04769" lon="-121.46198">
        <ele>1761.67</ele>
        <time>2026-08-02T17:47:16Z</time>
      </trkpt>
      <trkpt lat="49.04767" lon="-121.46197">
        <ele>1762.95</ele>
        <time>2026-08-02T17:47:20Z</time>
      </trkpt>
      <trkpt lat="49.04764" lon="-121.46196">
        <ele>1764.8</ele>
        <time>2026-08-02T17:47:30Z</time>
      </trkpt>
      <trkpt lat="49.04762" lon="-121.46194">
        <ele>1766.23</ele>
        <time>2026-08-02T17:47:40Z</time>
      </trkpt>
      <trkpt lat="49.04759" lon="-121.46192">
        <ele>1768.45</ele>
        <time>2026-08-02T17:48:02Z</time>
      </trkpt>
      <trkpt lat="49.04757" lon="-121.46191">
        <ele>1769.75</ele>
        <time>2026-08-02T17:48:16Z</time>
      </trkpt>
      <trkpt lat="49.04754" lon="-121.4619">
        <ele>1771.48</ele>
        <time>2026-08-02T17:48:30Z</time>
      </trkpt>
      <trkpt lat="49.04751" lon="-121.46189">
        <ele>1773.1</ele>
        <time>2026-08-02T17:48:49Z</time>
      </trkpt>
      <trkpt lat="49.04748" lon="-121.46189">
        <ele>1774.71</ele>
        <time>2026-08-02T17:49:03Z</time>
      </trkpt>
      <trkpt lat="49.04746" lon="-121.46188">
        <ele>1775.96</ele>
        <time>2026-08-02T17:49:21Z</time>
      </trkpt>
      <trkpt lat="49.04743" lon="-121.46184">
        <ele>1778.19</ele>
        <time>2026-08-02T17:49:44Z</time>
      </trkpt>
      <trkpt lat="49.0474" lon="-121.46181">
        <ele>1780.37</ele>
        <time>2026-08-02T17:49:59Z</time>
      </trkpt>
      <trkpt lat="49.04738" lon="-121.46179">
        <ele>1781.87</ele>
        <time>2026-08-02T17:50:13Z</time>
      </trkpt>
      <trkpt lat="49.04735" lon="-121.46177">
        <ele>1784.0</ele>
        <time>2026-08-02T17:50:23Z</time>
      </trkpt>
      <trkpt lat="49.04733" lon="-121.46175">
        <ele>1785.57</ele>
        <time>2026-08-02T17:50:34Z</time>
      </trkpt>
      <trkpt lat="49.04731" lon="-121.46174">
        <ele>1786.98</ele>
        <time>2026-08-02T17:50:43Z</time>
      </trkpt>
      <trkpt lat="49.04729" lon="-121.46172">
        <ele>1788.6</ele>
        <time>2026-08-02T17:50:54Z</time>
      </trkpt>
      <trkpt lat="49.04727" lon="-121.46171">
        <ele>1790.05</ele>
        <time>2026-08-02T17:51:01Z</time>
      </trkpt>
      <trkpt lat="49.04725" lon="-121.4617">
        <ele>1791.52</ele>
        <time>2026-08-02T17:51:11Z</time>
      </trkpt>
      <trkpt lat="49.04722" lon="-121.46169">
        <ele>1793.61</ele>
        <time>2026-08-02T17:51:25Z</time>
      </trkpt>
      <trkpt lat="49.04719" lon="-121.46167">
        <ele>1795.55</ele>
        <time>2026-08-02T17:51:35Z</time>
      </trkpt>
      <trkpt lat="49.04716" lon="-121.46166">
        <ele>1797.3</ele>
        <time>2026-08-02T17:51:50Z</time>
      </trkpt>
      <trkpt lat="49.04713" lon="-121.46164">
        <ele>1799.32</ele>
        <time>2026-08-02T17:52:05Z</time>
      </trkpt>
      <trkpt lat="49.04711" lon="-121.46162">
        <ele>1800.87</ele>
        <time>2026-08-02T17:52:20Z</time>
      </trkpt>
      <trkpt lat="49.0471" lon="-121.46156">
        <ele>1802.97</ele>
        <time>2026-08-02T17:52:25Z</time>
      </trkpt>
      <trkpt lat="49.04709" lon="-121.4615">
        <ele>1805.12</ele>
        <time>2026-08-02T17:52:28Z</time>
      </trkpt>
      <trkpt lat="49.04707" lon="-121.46147">
        <ele>1807.08</ele>
        <time>2026-08-02T17:52:42Z</time>
      </trkpt>
      <trkpt lat="49.04705" lon="-121.46143">
        <ele>1809.38</ele>
        <time>2026-08-02T17:52:49Z</time>
      </trkpt>
      <trkpt lat="49.04704" lon="-121.46139">
        <ele>1811.12</ele>
        <time>2026-08-02T17:52:57Z</time>
      </trkpt>
      <trkpt lat="49.04702" lon="-121.46134">
        <ele>1813.83</ele>
        <time>2026-08-02T17:53:05Z</time>
      </trkpt>
      <trkpt lat="49.047" lon="-121.4613">
        <ele>1816.22</ele>
        <time>2026-08-02T17:53:15Z</time>
      </trkpt>
      <trkpt lat="49.04698" lon="-121.46127">
        <ele>1818.3</ele>
        <time>2026-08-02T17:53:29Z</time>
      </trkpt>
      <trkpt lat="49.04695" lon="-121.46126">
        <ele>1820.38</ele>
        <time>2026-08-02T17:53:47Z</time>
      </trkpt>
      <trkpt lat="49.04692" lon="-121.46125">
        <ele>1822.5</ele>
        <time>2026-08-02T17:54:02Z</time>
      </trkpt>
      <trkpt lat="49.0469" lon="-121.46125">
        <ele>1823.72</ele>
        <time>2026-08-02T17:54:14Z</time>
      </trkpt>
      <trkpt lat="49.04688" lon="-121.46125">
        <ele>1824.94</ele>
        <time>2026-08-02T17:54:22Z</time>
      </trkpt>
      <trkpt lat="49.04686" lon="-121.46129">
        <ele>1825.02</ele>
        <time>2026-08-02T17:54:30Z</time>
      </trkpt>
      <trkpt lat="49.04686" lon="-121.46135">
        <ele>1823.29</ele>
        <time>2026-08-02T17:54:33Z</time>
      </trkpt>
      <trkpt lat="49.04683" lon="-121.46137">
        <ele>1824.55</ele>
        <time>2026-08-02T17:54:47Z</time>
      </trkpt>
      <trkpt lat="49.0468" lon="-121.46137">
        <ele>1826.38</ele>
        <time>2026-08-02T17:55:04Z</time>
      </trkpt>
      <trkpt lat="49.04677" lon="-121.46134">
        <ele>1829.08</ele>
        <time>2026-08-02T17:55:18Z</time>
      </trkpt>
      <trkpt lat="49.04675" lon="-121.46131">
        <ele>1831.17</ele>
        <time>2026-08-02T17:55:30Z</time>
      </trkpt>
      <trkpt lat="49.04673" lon="-121.46128">
        <ele>1833.26</ele>
        <time>2026-08-02T17:55:42Z</time>
      </trkpt>
      <trkpt lat="49.0467" lon="-121.46126">
        <ele>1835.67</ele>
        <time>2026-08-02T17:55:54Z</time>
      </trkpt>
      <trkpt lat="49.04668" lon="-121.46122">
        <ele>1838.05</ele>
        <time>2026-08-02T17:56:07Z</time>
      </trkpt>
      <trkpt lat="49.04666" lon="-121.4612">
        <ele>1839.57</ele>
        <time>2026-08-02T17:56:15Z</time>
      </trkpt>
      <trkpt lat="49.04664" lon="-121.46116">
        <ele>1841.06</ele>
        <time>2026-08-02T17:56:25Z</time>
      </trkpt>
      <trkpt lat="49.04662" lon="-121.46112">
        <ele>1842.44</ele>
        <time>2026-08-02T17:56:35Z</time>
      </trkpt>
      <trkpt lat="49.0466" lon="-121.46108">
        <ele>1843.18</ele>
        <time>2026-08-02T17:56:45Z</time>
      </trkpt>
      <trkpt lat="49.04657" lon="-121.46105">
        <ele>1843.83</ele>
        <time>2026-08-02T17:56:56Z</time>
      </trkpt>
      <trkpt lat="49.04653" lon="-121.46104">
        <ele>1844.48</ele>
        <time>2026-08-02T17:56:59Z</time>
      </trkpt>
      <trkpt lat="49.04649" lon="-121.46103">
        <ele>1845.13</ele>
        <time>2026-08-02T17:57:02Z</time>
      </trkpt>
      <trkpt lat="49.04647" lon="-121.461">
        <ele>1845.63</ele>
        <time>2026-08-02T17:57:14Z</time>
      </trkpt>
      <trkpt lat="49.04645" lon="-121.46097">
        <ele>1846.14</ele>
        <time>2026-08-02T17:57:26Z</time>
      </trkpt>
      <trkpt lat="49.04644" lon="-121.46094">
        <ele>1846.5</ele>
        <time>2026-08-02T17:57:39Z</time>
      </trkpt>
      <trkpt lat="49.04641" lon="-121.46091">
        <ele>1847.14</ele>
        <time>2026-08-02T17:57:51Z</time>
      </trkpt>
      <trkpt lat="49.04638" lon="-121.46089">
        <ele>1848.22</ele>
        <time>2026-08-02T17:58:03Z</time>
      </trkpt>
      <trkpt lat="49.04636" lon="-121.46087">
        <ele>1849.79</ele>
        <time>2026-08-02T17:58:12Z</time>
      </trkpt>
      <trkpt lat="49.04633" lon="-121.46086">
        <ele>1852.01</ele>
        <time>2026-08-02T17:58:24Z</time>
      </trkpt>
      <trkpt lat="49.0463" lon="-121.46083">
        <ele>1854.51</ele>
        <time>2026-08-02T17:58:43Z</time>
      </trkpt>
      <trkpt lat="49.04627" lon="-121.46082">
        <ele>1856.94</ele>
        <time>2026-08-02T17:58:56Z</time>
      </trkpt>
      <trkpt lat="49.04624" lon="-121.4608">
        <ele>1859.59</ele>
        <time>2026-08-02T17:59:08Z</time>
      </trkpt>
      <trkpt lat="49.04622" lon="-121.46083">
        <ele>1860.24</ele>
        <time>2026-08-02T17:59:15Z</time>
      </trkpt>
      <trkpt lat="49.04621" lon="-121.4609">
        <ele>1860.09</ele>
        <time>2026-08-02T17:59:18Z</time>
      </trkpt>
      <trkpt lat="49.04618" lon="-121.46092">
        <ele>1861.95</ele>
        <time>2026-08-02T17:59:27Z</time>
      </trkpt>
      <trkpt lat="49.04615" lon="-121.46089">
        <ele>1864.44</ele>
        <time>2026-08-02T17:59:36Z</time>
      </trkpt>
      <trkpt lat="49.04612" lon="-121.46085">
        <ele>1867.12</ele>
        <time>2026-08-02T17:59:46Z</time>
      </trkpt>
      <trkpt lat="49.0461" lon="-121.46082">
        <ele>1868.69</ele>
        <time>2026-08-02T17:59:55Z</time>
      </trkpt>
      <trkpt lat="49.04608" lon="-121.46079">
        <ele>1870.11</ele>
        <time>2026-08-02T18:00:05Z</time>
      </trkpt>
      <trkpt lat="49.04606" lon="-121.46075">
        <ele>1871.85</ele>
        <time>2026-08-02T18:00:15Z</time>
      </trkpt>
      <trkpt lat="49.04603" lon="-121.46072">
        <ele>1874.09</ele>
        <time>2026-08-02T18:00:29Z</time>
      </trkpt>
      <trkpt lat="49.046" lon="-121.4607">
        <ele>1876.26</ele>
        <time>2026-08-02T18:00:42Z</time>
      </trkpt>
      <trkpt lat="49.04598" lon="-121.46069">
        <ele>1877.68</ele>
        <time>2026-08-02T18:00:51Z</time>
      </trkpt>
      <trkpt lat="49.04595" lon="-121.46066">
        <ele>1880.35</ele>
        <time>2026-08-02T18:01:05Z</time>
      </trkpt>
      <trkpt lat="49.04593" lon="-121.46063">
        <ele>1882.57</ele>
        <time>2026-08-02T18:01:20Z</time>
      </trkpt>
      <trkpt lat="49.0459" lon="-121.4606">
        <ele>1885.59</ele>
        <time>2026-08-02T18:01:33Z</time>
      </trkpt>
      <trkpt lat="49.04592" lon="-121.46057">
        <ele>1885.27</ele>
        <time>2026-08-02T18:01:43Z</time>
      </trkpt>
      <trkpt lat="49.04593" lon="-121.46053">
        <ele>1886.06</ele>
        <time>2026-08-02T18:02:00Z</time>
      </trkpt>
      <trkpt lat="49.0459" lon="-121.4605">
        <ele>1889.29</ele>
        <time>2026-08-02T18:02:12Z</time>
      </trkpt>
      <trkpt lat="49.04587" lon="-121.46048">
        <ele>1892.02</ele>
        <time>2026-08-02T18:02:27Z</time>
      </trkpt>
      <trkpt lat="49.04585" lon="-121.46046">
        <ele>1894.02</ele>
        <time>2026-08-02T18:02:47Z</time>
      </trkpt>
      <trkpt lat="49.04582" lon="-121.46045">
        <ele>1896.01</ele>
        <time>2026-08-02T18:02:59Z</time>
      </trkpt>
      <trkpt lat="49.04579" lon="-121.46045">
        <ele>1897.35</ele>
        <time>2026-08-02T18:03:07Z</time>
      </trkpt>
      <trkpt lat="49.04576" lon="-121.46044">
        <ele>1898.94</ele>
        <time>2026-08-02T18:03:17Z</time>
      </trkpt>
      <trkpt lat="49.04574" lon="-121.46043">
        <ele>1900.04</ele>
        <time>2026-08-02T18:03:27Z</time>
      </trkpt>
      <trkpt lat="49.0457" lon="-121.46042">
        <ele>1901.95</ele>
        <time>2026-08-02T18:03:40Z</time>
      </trkpt>
      <trkpt lat="49.04568" lon="-121.46042">
        <ele>1902.79</ele>
        <time>2026-08-02T18:03:51Z</time>
      </trkpt>
      <trkpt lat="49.0457" lon="-121.46039">
        <ele>1902.56</ele>
        <time>2026-08-02T18:04:10Z</time>
      </trkpt>
      <trkpt lat="49.04573" lon="-121.46039">
        <ele>1901.39</ele>
        <time>2026-08-02T18:04:16Z</time>
      </trkpt>
      <trkpt lat="49.04573" lon="-121.46034">
        <ele>1902.54</ele>
        <time>2026-08-02T18:04:44Z</time>
      </trkpt>
      <trkpt lat="49.04574" lon="-121.4603">
        <ele>1903.16</ele>
        <time>2026-08-02T18:05:04Z</time>
      </trkpt>
      <trkpt lat="49.04573" lon="-121.46026">
        <ele>1904.37</ele>
        <time>2026-08-02T18:05:31Z</time>
      </trkpt>
      <trkpt lat="49.04571" lon="-121.46023">
        <ele>1905.55</ele>
        <time>2026-08-02T18:05:52Z</time>
      </trkpt>
      <trkpt lat="49.04569" lon="-121.4602">
        <ele>1906.65</ele>
        <time>2026-08-02T18:06:10Z</time>
      </trkpt>
      <trkpt lat="49.04566" lon="-121.46017">
        <ele>1907.89</ele>
        <time>2026-08-02T18:06:29Z</time>
      </trkpt>
      <trkpt lat="49.04565" lon="-121.46015">
        <ele>1908.44</ele>
        <time>2026-08-02T18:06:41Z</time>
      </trkpt>
      <trkpt lat="49.04563" lon="-121.46012">
        <ele>1909.32</ele>
        <time>2026-08-02T18:06:52Z</time>
      </trkpt>
      <trkpt lat="49.04563" lon="-121.46005">
        <ele>1910.41</ele>
        <time>2026-08-02T18:06:55Z</time>
      </trkpt>
      <trkpt lat="49.04562" lon="-121.45999">
        <ele>1911.22</ele>
        <time>2026-08-02T18:06:58Z</time>
      </trkpt>
      <trkpt lat="49.0456" lon="-121.45996">
        <ele>1911.21</ele>
        <time>2026-08-02T18:07:10Z</time>
      </trkpt>
      <trkpt lat="49.04557" lon="-121.45996">
        <ele>1911.55</ele>
        <time>2026-08-02T18:07:33Z</time>
      </trkpt>
      <trkpt lat="49.04555" lon="-121.45993">
        <ele>1911.61</ele>
        <time>2026-08-02T18:07:46Z</time>
      </trkpt>
      <trkpt lat="49.04553" lon="-121.45989">
        <ele>1911.72</ele>
        <time>2026-08-02T18:07:55Z</time>
      </trkpt>
      <trkpt lat="49.04548" lon="-121.45987">
        <ele>1912.57</ele>
        <time>2026-08-02T18:07:58Z</time>
      </trkpt>
      <trkpt lat="49.04546" lon="-121.45984">
        <ele>1912.71</ele>
        <time>2026-08-02T18:08:07Z</time>
      </trkpt>
      <trkpt lat="49.04544" lon="-121.4598">
        <ele>1912.76</ele>
        <time>2026-08-02T18:08:16Z</time>
      </trkpt>
      <trkpt lat="49.04543" lon="-121.45976">
        <ele>1912.59</ele>
        <time>2026-08-02T18:08:23Z</time>
      </trkpt>
      <trkpt lat="49.04543" lon="-121.4597">
        <ele>1911.69</ele>
        <time>2026-08-02T18:08:29Z</time>
      </trkpt>
      <trkpt lat="49.04543" lon="-121.45964">
        <ele>1910.14</ele>
        <time>2026-08-02T18:08:31Z</time>
      </trkpt>
      <trkpt lat="49.04542" lon="-121.45958">
        <ele>1908.64</ele>
        <time>2026-08-02T18:08:34Z</time>
      </trkpt>
      <trkpt lat="49.04542" lon="-121.45952">
        <ele>1907.04</ele>
        <time>2026-08-02T18:08:38Z</time>
      </trkpt>
      <trkpt lat="49.04545" lon="-121.45955">
        <ele>1907.77</ele>
        <time>2026-08-02T18:15:30Z</time>
      </trkpt>
      <trkpt lat="49.04549" lon="-121.45955">
        <ele>1907.68</ele>
        <time>2026-08-02T18:15:32Z</time>
      </trkpt>
      <trkpt lat="49.04555" lon="-121.45955">
        <ele>1907.53</ele>
        <time>2026-08-02T18:15:34Z</time>
      </trkpt>
      <trkpt lat="49.04559" lon="-121.45954">
        <ele>1907.04</ele>
        <time>2026-08-02T18:15:36Z</time>
      </trkpt>
      <trkpt lat="49.04563" lon="-121.45954">
        <ele>1906.66</ele>
        <time>2026-08-02T18:15:39Z</time>
      </trkpt>
      <trkpt lat="49.04567" lon="-121.45954">
        <ele>1906.27</ele>
        <time>2026-08-02T18:15:43Z</time>
      </trkpt>
      <trkpt lat="49.0457" lon="-121.45954">
        <ele>1905.98</ele>
        <time>2026-08-02T18:15:47Z</time>
      </trkpt>
      <trkpt lat="49.04573" lon="-121.45949">
        <ele>1905.19</ele>
        <time>2026-08-02T18:15:50Z</time>
      </trkpt>
      <trkpt lat="49.04576" lon="-121.45944">
        <ele>1904.46</ele>
        <time>2026-08-02T18:15:53Z</time>
      </trkpt>
      <trkpt lat="49.04578" lon="-121.4594">
        <ele>1903.68</ele>
        <time>2026-08-02T18:15:56Z</time>
      </trkpt>
      <trkpt lat="49.04581" lon="-121.45937">
        <ele>1903.05</ele>
        <time>2026-08-02T18:16:00Z</time>
      </trkpt>
      <trkpt lat="49.04584" lon="-121.45935">
        <ele>1902.74</ele>
        <time>2026-08-02T18:16:08Z</time>
      </trkpt>
      <trkpt lat="49.04587" lon="-121.45931">
        <ele>1902.72</ele>
        <time>2026-08-02T18:16:12Z</time>
      </trkpt>
      <trkpt lat="49.04589" lon="-121.45928">
        <ele>1902.73</ele>
        <time>2026-08-02T18:16:15Z</time>
      </trkpt>
      <trkpt lat="49.04592" lon="-121.45924">
        <ele>1902.91</ele>
        <time>2026-08-02T18:16:19Z</time>
      </trkpt>
      <trkpt lat="49.04594" lon="-121.4592">
        <ele>1902.98</ele>
        <time>2026-08-02T18:16:23Z</time>
      </trkpt>
      <trkpt lat="49.04596" lon="-121.45916">
        <ele>1903.03</ele>
        <time>2026-08-02T18:16:27Z</time>
      </trkpt>
      <trkpt lat="49.04598" lon="-121.45913">
        <ele>1902.76</ele>
        <time>2026-08-02T18:16:32Z</time>
      </trkpt>
      <trkpt lat="49.04601" lon="-121.4591">
        <ele>1902.64</ele>
        <time>2026-08-02T18:16:37Z</time>
      </trkpt>
      <trkpt lat="49.04605" lon="-121.45907">
        <ele>1902.63</ele>
        <time>2026-08-02T18:16:42Z</time>
      </trkpt>
      <trkpt lat="49.04608" lon="-121.45905">
        <ele>1902.62</ele>
        <time>2026-08-02T18:16:46Z</time>
      </trkpt>
      <trkpt lat="49.04611" lon="-121.45902">
        <ele>1902.23</ele>
        <time>2026-08-02T18:16:50Z</time>
      </trkpt>
      <trkpt lat="49.04614" lon="-121.45899">
        <ele>1901.25</ele>
        <time>2026-08-02T18:16:54Z</time>
      </trkpt>
      <trkpt lat="49.04617" lon="-121.45896">
        <ele>1900.45</ele>
        <time>2026-08-02T18:16:58Z</time>
      </trkpt>
      <trkpt lat="49.0462" lon="-121.45892">
        <ele>1899.65</ele>
        <time>2026-08-02T18:17:02Z</time>
      </trkpt>
      <trkpt lat="49.04623" lon="-121.45889">
        <ele>1899.3</ele>
        <time>2026-08-02T18:17:06Z</time>
      </trkpt>
      <trkpt lat="49.04626" lon="-121.45885">
        <ele>1898.77</ele>
        <time>2026-08-02T18:17:10Z</time>
      </trkpt>
      <trkpt lat="49.04629" lon="-121.45882">
        <ele>1898.44</ele>
        <time>2026-08-02T18:17:14Z</time>
      </trkpt>
      <trkpt lat="49.04631" lon="-121.45879">
        <ele>1898.01</ele>
        <time>2026-08-02T18:17:18Z</time>
      </trkpt>
      <trkpt lat="49.04635" lon="-121.45876">
        <ele>1897.8</ele>
        <time>2026-08-02T18:17:22Z</time>
      </trkpt>
      <trkpt lat="49.04638" lon="-121.45873">
        <ele>1897.47</ele>
        <time>2026-08-02T18:17:26Z</time>
      </trkpt>
      <trkpt lat="49.04641" lon="-121.4587">
        <ele>1896.93</ele>
        <time>2026-08-02T18:17:30Z</time>
      </trkpt>
      <trkpt lat="49.04644" lon="-121.45867">
        <ele>1896.41</ele>
        <time>2026-08-02T18:17:34Z</time>
      </trkpt>
      <trkpt lat="49.04648" lon="-121.45865">
        <ele>1896.22</ele>
        <time>2026-08-02T18:17:38Z</time>
      </trkpt>
      <trkpt lat="49.04651" lon="-121.45863">
        <ele>1896.1</ele>
        <time>2026-08-02T18:17:42Z</time>
      </trkpt>
      <trkpt lat="49.04654" lon="-121.45868">
        <ele>1896.77</ele>
        <time>2026-08-02T18:17:45Z</time>
      </trkpt>
      <trkpt lat="49.04657" lon="-121.45872">
        <ele>1897.12</ele>
        <time>2026-08-02T18:17:48Z</time>
      </trkpt>
      <trkpt lat="49.0466" lon="-121.45875">
        <ele>1897.24</ele>
        <time>2026-08-02T18:17:52Z</time>
      </trkpt>
      <trkpt lat="49.04664" lon="-121.45873">
        <ele>1897.05</ele>
        <time>2026-08-02T18:17:56Z</time>
      </trkpt>
      <trkpt lat="49.04667" lon="-121.4587">
        <ele>1897.1</ele>
        <time>2026-08-02T18:18:00Z</time>
      </trkpt>
      <trkpt lat="49.0467" lon="-121.45868">
        <ele>1898.02</ele>
        <time>2026-08-02T18:18:04Z</time>
      </trkpt>
      <trkpt lat="49.04673" lon="-121.45865">
        <ele>1898.99</ele>
        <time>2026-08-02T18:18:09Z</time>
      </trkpt>
      <trkpt lat="49.04674" lon="-121.45863">
        <ele>1899.34</ele>
        <time>2026-08-02T18:18:35Z</time>
      </trkpt>
      <trkpt lat="49.04677" lon="-121.45863">
        <ele>1900.3</ele>
        <time>2026-08-02T18:19:01Z</time>
      </trkpt>
      <trkpt lat="49.0468" lon="-121.45862">
        <ele>1901.29</ele>
        <time>2026-08-02T18:19:09Z</time>
      </trkpt>
      <trkpt lat="49.04683" lon="-121.45861">
        <ele>1902.3</ele>
        <time>2026-08-02T18:19:15Z</time>
      </trkpt>
      <trkpt lat="49.04686" lon="-121.45859">
        <ele>1903.45</ele>
        <time>2026-08-02T18:19:23Z</time>
      </trkpt>
      <trkpt lat="49.04688" lon="-121.45855">
        <ele>1904.54</ele>
        <time>2026-08-02T18:19:29Z</time>
      </trkpt>
      <trkpt lat="49.04688" lon="-121.4585">
        <ele>1905.05</ele>
        <time>2026-08-02T18:19:31Z</time>
      </trkpt>
      <trkpt lat="49.04689" lon="-121.45845">
        <ele>1905.99</ele>
        <time>2026-08-02T18:19:33Z</time>
      </trkpt>
      <trkpt lat="49.0469" lon="-121.4584">
        <ele>1906.99</ele>
        <time>2026-08-02T18:19:36Z</time>
      </trkpt>
      <trkpt lat="49.04692" lon="-121.45836">
        <ele>1908.43</ele>
        <time>2026-08-02T18:19:41Z</time>
      </trkpt>
      <trkpt lat="49.04695" lon="-121.45834">
        <ele>1909.96</ele>
        <time>2026-08-02T18:19:48Z</time>
      </trkpt>
      <trkpt lat="49.04698" lon="-121.45833">
        <ele>1910.36</ele>
        <time>2026-08-02T18:19:59Z</time>
      </trkpt>
      <trkpt lat="49.04701" lon="-121.45832">
        <ele>1910.63</ele>
        <time>2026-08-02T18:20:08Z</time>
      </trkpt>
      <trkpt lat="49.04704" lon="-121.45829">
        <ele>1910.89</ele>
        <time>2026-08-02T18:20:15Z</time>
      </trkpt>
      <trkpt lat="49.04706" lon="-121.45824">
        <ele>1911.08</ele>
        <time>2026-08-02T18:20:21Z</time>
      </trkpt>
      <trkpt lat="49.04708" lon="-121.4582">
        <ele>1911.43</ele>
        <time>2026-08-02T18:20:28Z</time>
      </trkpt>
      <trkpt lat="49.0471" lon="-121.45819">
        <ele>1911.87</ele>
        <time>2026-08-02T18:20:37Z</time>
      </trkpt>
      <trkpt lat="49.04713" lon="-121.45818">
        <ele>1912.56</ele>
        <time>2026-08-02T18:20:48Z</time>
      </trkpt>
      <trkpt lat="49.04716" lon="-121.45816">
        <ele>1913.36</ele>
        <time>2026-08-02T18:21:01Z</time>
      </trkpt>
      <trkpt lat="49.04719" lon="-121.45814">
        <ele>1914.26</ele>
        <time>2026-08-02T18:21:12Z</time>
      </trkpt>
      <trkpt lat="49.04715" lon="-121.45811">
        <ele>1913.38</ele>
        <time>2026-08-02T18:21:19Z</time>
      </trkpt>
      <trkpt lat="49.04712" lon="-121.4581">
        <ele>1912.56</ele>
        <time>2026-08-02T18:21:25Z</time>
      </trkpt>
      <trkpt lat="49.04713" lon="-121.45805">
        <ele>1913.03</ele>
        <time>2026-08-02T18:21:39Z</time>
      </trkpt>
      <trkpt lat="49.04712" lon="-121.45801">
        <ele>1912.78</ele>
        <time>2026-08-02T18:21:56Z</time>
      </trkpt>
      <trkpt lat="49.04714" lon="-121.45797">
        <ele>1913.78</ele>
        <time>2026-08-02T18:22:09Z</time>
      </trkpt>
      <trkpt lat="49.04717" lon="-121.45794">
        <ele>1915.45</ele>
        <time>2026-08-02T18:22:20Z</time>
      </trkpt>
      <trkpt lat="49.04719" lon="-121.45792">
        <ele>1916.72</ele>
        <time>2026-08-02T18:22:31Z</time>
      </trkpt>
      <trkpt lat="49.04722" lon="-121.45788">
        <ele>1919.03</ele>
        <time>2026-08-02T18:22:49Z</time>
      </trkpt>
      <trkpt lat="49.04724" lon="-121.45786">
        <ele>1920.2</ele>
        <time>2026-08-02T18:23:05Z</time>
      </trkpt>
      <trkpt lat="49.04726" lon="-121.45784">
        <ele>1921.4</ele>
        <time>2026-08-02T18:23:19Z</time>
      </trkpt>
      <trkpt lat="49.04729" lon="-121.45782">
        <ele>1923.12</ele>
        <time>2026-08-02T18:23:33Z</time>
      </trkpt>
      <trkpt lat="49.04732" lon="-121.4578">
        <ele>1924.95</ele>
        <time>2026-08-02T18:23:42Z</time>
      </trkpt>
      <trkpt lat="49.04735" lon="-121.45779">
        <ele>1926.6</ele>
        <time>2026-08-02T18:23:46Z</time>
      </trkpt>
      <trkpt lat="49.04739" lon="-121.45778">
        <ele>1928.77</ele>
        <time>2026-08-02T18:23:48Z</time>
      </trkpt>
      <trkpt lat="49.04742" lon="-121.45777">
        <ele>1930.3</ele>
        <time>2026-08-02T18:23:53Z</time>
      </trkpt>
      <trkpt lat="49.04743" lon="-121.45773">
        <ele>1931.02</ele>
        <time>2026-08-02T18:24:16Z</time>
      </trkpt>
      <trkpt lat="49.04746" lon="-121.45771">
        <ele>1932.79</ele>
        <time>2026-08-02T18:24:26Z</time>
      </trkpt>
      <trkpt lat="49.04749" lon="-121.45769">
        <ele>1934.69</ele>
        <time>2026-08-02T18:24:34Z</time>
      </trkpt>
      <trkpt lat="49.04752" lon="-121.45768">
        <ele>1936.16</ele>
        <time>2026-08-02T18:24:40Z</time>
      </trkpt>
      <trkpt lat="49.04755" lon="-121.45766">
        <ele>1937.62</ele>
        <time>2026-08-02T18:24:48Z</time>
      </trkpt>
      <trkpt lat="49.04758" lon="-121.45763">
        <ele>1939.33</ele>
        <time>2026-08-02T18:24:58Z</time>
      </trkpt>
      <trkpt lat="49.04761" lon="-121.45761">
        <ele>1940.94</ele>
        <time>2026-08-02T18:25:08Z</time>
      </trkpt>
      <trkpt lat="49.04764" lon="-121.4576">
        <ele>1942.39</ele>
        <time>2026-08-02T18:25:16Z</time>
      </trkpt>
      <trkpt lat="49.04767" lon="-121.45758">
        <ele>1944.1</ele>
        <time>2026-08-02T18:25:23Z</time>
      </trkpt>
      <trkpt lat="49.0477" lon="-121.45757">
        <ele>1945.63</ele>
        <time>2026-08-02T18:25:30Z</time>
      </trkpt>
      <trkpt lat="49.04773" lon="-121.45755">
        <ele>1947.45</ele>
        <time>2026-08-02T18:25:37Z</time>
      </trkpt>
      <trkpt lat="49.04776" lon="-121.45754">
        <ele>1949.05</ele>
        <time>2026-08-02T18:25:45Z</time>
      </trkpt>
      <trkpt lat="49.0478" lon="-121.45752">
        <ele>1951.24</ele>
        <time>2026-08-02T18:25:52Z</time>
      </trkpt>
      <trkpt lat="49.04783" lon="-121.45751">
        <ele>1952.61</ele>
        <time>2026-08-02T18:26:00Z</time>
      </trkpt>
      <trkpt lat="49.04786" lon="-121.45749">
        <ele>1953.81</ele>
        <time>2026-08-02T18:26:09Z</time>
      </trkpt>
      <trkpt lat="49.04789" lon="-121.45747">
        <ele>1954.65</ele>
        <time>2026-08-02T18:26:18Z</time>
      </trkpt>
      <trkpt lat="49.04792" lon="-121.45745">
        <ele>1955.59</ele>
        <time>2026-08-02T18:26:27Z</time>
      </trkpt>
      <trkpt lat="49.04795" lon="-121.45743">
        <ele>1956.63</ele>
        <time>2026-08-02T18:26:35Z</time>
      </trkpt>
      <trkpt lat="49.04798" lon="-121.45741">
        <ele>1957.75</ele>
        <time>2026-08-02T18:26:42Z</time>
      </trkpt>
      <trkpt lat="49.04801" lon="-121.4574">
        <ele>1959.01</ele>
        <time>2026-08-02T18:26:50Z</time>
      </trkpt>
      <trkpt lat="49.04804" lon="-121.45738">
        <ele>1960.29</ele>
        <time>2026-08-02T18:26:58Z</time>
      </trkpt>
      <trkpt lat="49.04806" lon="-121.45735">
        <ele>1961.08</ele>
        <time>2026-08-02T18:27:07Z</time>
      </trkpt>
      <trkpt lat="49.0481" lon="-121.45733">
        <ele>1961.84</ele>
        <time>2026-08-02T18:27:16Z</time>
      </trkpt>
      <trkpt lat="49.04813" lon="-121.45731">
        <ele>1962.44</ele>
        <time>2026-08-02T18:27:25Z</time>
      </trkpt>
      <trkpt lat="49.04816" lon="-121.45729">
        <ele>1963.07</ele>
        <time>2026-08-02T18:27:35Z</time>
      </trkpt>
      <trkpt lat="49.04813" lon="-121.45726">
        <ele>1962.54</ele>
        <time>2026-08-02T18:27:47Z</time>
      </trkpt>
      <trkpt lat="49.04811" lon="-121.45723">
        <ele>1962.17</ele>
        <time>2026-08-02T18:28:09Z</time>
      </trkpt>
      <trkpt lat="49.04814" lon="-121.45725">
        <ele>1962.76</ele>
        <time>2026-08-02T18:28:17Z</time>
      </trkpt>
      <trkpt lat="49.04815" lon="-121.4573">
        <ele>1962.85</ele>
        <time>2026-08-02T18:28:19Z</time>
      </trkpt>
      <trkpt lat="49.04817" lon="-121.45734">
        <ele>1963.12</ele>
        <time>2026-08-02T18:28:24Z</time>
      </trkpt>
      <trkpt lat="49.0482" lon="-121.45734">
        <ele>1963.68</ele>
        <time>2026-08-02T18:28:31Z</time>
      </trkpt>
      <trkpt lat="49.04823" lon="-121.45734">
        <ele>1964.24</ele>
        <time>2026-08-02T18:28:37Z</time>
      </trkpt>
      <trkpt lat="49.04826" lon="-121.45734">
        <ele>1964.79</ele>
        <time>2026-08-02T18:28:43Z</time>
      </trkpt>
      <trkpt lat="49.0483" lon="-121.45732">
        <ele>1965.66</ele>
        <time>2026-08-02T18:28:51Z</time>
      </trkpt>
      <trkpt lat="49.04832" lon="-121.4573">
        <ele>1966.18</ele>
        <time>2026-08-02T18:28:58Z</time>
      </trkpt>
      <trkpt lat="49.04835" lon="-121.45728">
        <ele>1967.0</ele>
        <time>2026-08-02T18:29:08Z</time>
      </trkpt>
      <trkpt lat="49.04838" lon="-121.45726">
        <ele>1967.96</ele>
        <time>2026-08-02T18:29:20Z</time>
      </trkpt>
      <trkpt lat="49.04841" lon="-121.45725">
        <ele>1968.87</ele>
        <time>2026-08-02T18:29:30Z</time>
      </trkpt>
      <trkpt lat="49.04844" lon="-121.45725">
        <ele>1969.68</ele>
        <time>2026-08-02T18:29:38Z</time>
      </trkpt>
      <trkpt lat="49.04847" lon="-121.45724">
        <ele>1970.65</ele>
        <time>2026-08-02T18:29:46Z</time>
      </trkpt>
      <trkpt lat="49.04851" lon="-121.45722">
        <ele>1972.07</ele>
        <time>2026-08-02T18:29:56Z</time>
      </trkpt>
      <trkpt lat="49.04854" lon="-121.45721">
        <ele>1972.9</ele>
        <time>2026-08-02T18:30:07Z</time>
      </trkpt>
      <trkpt lat="49.04857" lon="-121.45719">
        <ele>1973.73</ele>
        <time>2026-08-02T18:30:19Z</time>
      </trkpt>
      <trkpt lat="49.0486" lon="-121.45717">
        <ele>1974.64</ele>
        <time>2026-08-02T18:30:33Z</time>
      </trkpt>
      <trkpt lat="49.04862" lon="-121.45715">
        <ele>1975.39</ele>
        <time>2026-08-02T18:30:44Z</time>
      </trkpt>
      <trkpt lat="49.04865" lon="-121.45714">
        <ele>1976.77</ele>
        <time>2026-08-02T18:30:57Z</time>
      </trkpt>
      <trkpt lat="49.04869" lon="-121.45714">
        <ele>1978.6</ele>
        <time>2026-08-02T18:31:12Z</time>
      </trkpt>
      <trkpt lat="49.04872" lon="-121.45713">
        <ele>1980.09</ele>
        <time>2026-08-02T18:31:25Z</time>
      </trkpt>
      <trkpt lat="49.04874" lon="-121.45712">
        <ele>1981.18</ele>
        <time>2026-08-02T18:31:36Z</time>
      </trkpt>
      <trkpt lat="49.04877" lon="-121.45711">
        <ele>1982.8</ele>
        <time>2026-08-02T18:31:50Z</time>
      </trkpt>
      <trkpt lat="49.04874" lon="-121.45708">
        <ele>1981.78</ele>
        <time>2026-08-02T18:32:09Z</time>
      </trkpt>
      <trkpt lat="49.04875" lon="-121.45706">
        <ele>1982.63</ele>
        <time>2026-08-02T18:32:19Z</time>
      </trkpt>
      <trkpt lat="49.04879" lon="-121.45704">
        <ele>1985.24</ele>
        <time>2026-08-02T18:32:37Z</time>
      </trkpt>
      <trkpt lat="49.04882" lon="-121.45703">
        <ele>1987.2</ele>
        <time>2026-08-02T18:32:52Z</time>
      </trkpt>
      <trkpt lat="49.04885" lon="-121.45702">
        <ele>1989.23</ele>
        <time>2026-08-02T18:33:06Z</time>
      </trkpt>
      <trkpt lat="49.04887" lon="-121.45701">
        <ele>1990.73</ele>
        <time>2026-08-02T18:33:18Z</time>
      </trkpt>
      <trkpt lat="49.0489" lon="-121.45698">
        <ele>1993.41</ele>
        <time>2026-08-02T18:33:41Z</time>
      </trkpt>
      <trkpt lat="49.04892" lon="-121.45697">
        <ele>1994.74</ele>
        <time>2026-08-02T18:33:56Z</time>
      </trkpt>
      <trkpt lat="49.04894" lon="-121.45697">
        <ele>1995.75</ele>
        <time>2026-08-02T18:34:11Z</time>
      </trkpt>
      <trkpt lat="49.04898" lon="-121.45696">
        <ele>1998.09</ele>
        <time>2026-08-02T18:34:27Z</time>
      </trkpt>
      <trkpt lat="49.049" lon="-121.45696">
        <ele>1999.1</ele>
        <time>2026-08-02T18:34:44Z</time>
      </trkpt>
      <trkpt lat="49.04903" lon="-121.45693">
        <ele>2001.06</ele>
        <time>2026-08-02T18:35:09Z</time>
      </trkpt>
      <trkpt lat="49.04904" lon="-121.45692">
        <ele>2001.54</ele>
        <time>2026-08-02T18:35:18Z</time>
      </trkpt>
      <trkpt lat="49.04907" lon="-121.45689">
        <ele>2002.99</ele>
        <time>2026-08-02T18:35:44Z</time>
      </trkpt>
      <trkpt lat="49.04909" lon="-121.45687">
        <ele>2003.99</ele>
        <time>2026-08-02T18:36:10Z</time>
      </trkpt>
      <trkpt lat="49.04911" lon="-121.45685">
        <ele>2005.01</ele>
        <time>2026-08-02T18:36:39Z</time>
      </trkpt>
      <trkpt lat="49.04913" lon="-121.45682">
        <ele>2006.03</ele>
        <time>2026-08-02T18:37:10Z</time>
      </trkpt>
      <trkpt lat="49.04915" lon="-121.4568">
        <ele>2007.1</ele>
        <time>2026-08-02T18:37:33Z</time>
      </trkpt>
      <trkpt lat="49.04917" lon="-121.45678">
        <ele>2008.15</ele>
        <time>2026-08-02T18:37:55Z</time>
      </trkpt>
      <trkpt lat="49.0492" lon="-121.45676">
        <ele>2009.52</ele>
        <time>2026-08-02T18:38:23Z</time>
      </trkpt>
      <trkpt lat="49.04922" lon="-121.45675">
        <ele>2010.44</ele>
        <time>2026-08-02T18:38:40Z</time>
      </trkpt>
      <trkpt lat="49.04924" lon="-121.45672">
        <ele>2011.38</ele>
        <time>2026-08-02T18:39:14Z</time>
      </trkpt>
      <trkpt lat="49.04922" lon="-121.4567">
        <ele>2010.47</ele>
        <time>2026-08-02T18:39:49Z</time>
      </trkpt>
      <trkpt lat="49.04924" lon="-121.45667">
        <ele>2011.43</ele>
        <time>2026-08-02T18:40:49Z</time>
      </trkpt>
      <trkpt lat="49.04926" lon="-121.45667">
        <ele>2012.36</ele>
        <time>2026-08-02T18:40:59Z</time>
      </trkpt>
      <trkpt lat="49.04928" lon="-121.4567">
        <ele>2013.26</ele>
        <time>2026-08-02T18:41:07Z</time>
      </trkpt>
      <trkpt lat="49.04929" lon="-121.45675">
        <ele>2013.64</ele>
        <time>2026-08-02T18:41:10Z</time>
      </trkpt>
      <trkpt lat="49.04932" lon="-121.45674">
        <ele>2015.03</ele>
        <time>2026-08-02T18:41:20Z</time>
      </trkpt>
      <trkpt lat="49.04935" lon="-121.4567">
        <ele>2016.5</ele>
        <time>2026-08-02T18:41:28Z</time>
      </trkpt>
      <trkpt lat="49.04937" lon="-121.45667">
        <ele>2017.51</ele>
        <time>2026-08-02T18:41:37Z</time>
      </trkpt>
      <trkpt lat="49.04939" lon="-121.45664">
        <ele>2017.78</ele>
        <time>2026-08-02T18:41:47Z</time>
      </trkpt>
      <trkpt lat="49.04942" lon="-121.45662">
        <ele>2018.49</ele>
        <time>2026-08-02T18:42:00Z</time>
      </trkpt>
      <trkpt lat="49.04945" lon="-121.45662">
        <ele>2019.81</ele>
        <time>2026-08-02T18:42:16Z</time>
      </trkpt>
      <trkpt lat="49.04947" lon="-121.45663">
        <ele>2021.28</ele>
        <time>2026-08-02T18:42:26Z</time>
      </trkpt>
      <trkpt lat="49.0495" lon="-121.45664">
        <ele>2023.34</ele>
        <time>2026-08-02T18:42:51Z</time>
      </trkpt>
      <trkpt lat="49.04953" lon="-121.45663">
        <ele>2024.74</ele>
        <time>2026-08-02T18:43:11Z</time>
      </trkpt>
      <trkpt lat="49.04956" lon="-121.45662">
        <ele>2026.14</ele>
        <time>2026-08-02T18:43:30Z</time>
      </trkpt>
      <trkpt lat="49.04959" lon="-121.4566">
        <ele>2027.22</ele>
        <time>2026-08-02T18:43:54Z</time>
      </trkpt>
      <trkpt lat="49.04962" lon="-121.4566">
        <ele>2028.95</ele>
        <time>2026-08-02T18:44:13Z</time>
      </trkpt>
      <trkpt lat="49.04963" lon="-121.45661">
        <ele>2029.85</ele>
        <time>2026-08-02T18:44:28Z</time>
      </trkpt>
      <trkpt lat="49.04966" lon="-121.45662">
        <ele>2031.9</ele>
        <time>2026-08-02T18:44:51Z</time>
      </trkpt>
      <trkpt lat="49.04969" lon="-121.45663">
        <ele>2033.96</ele>
        <time>2026-08-02T18:45:17Z</time>
      </trkpt>
      <trkpt lat="49.04972" lon="-121.45663">
        <ele>2035.68</ele>
        <time>2026-08-02T18:45:39Z</time>
      </trkpt>
      <trkpt lat="49.04975" lon="-121.45663">
        <ele>2038.29</ele>
        <time>2026-08-02T18:46:03Z</time>
      </trkpt>
      <trkpt lat="49.04976" lon="-121.45663">
        <ele>2039.18</ele>
        <time>2026-08-02T18:46:16Z</time>
      </trkpt>
      <trkpt lat="49.04979" lon="-121.45663">
        <ele>2041.86</ele>
        <time>2026-08-02T18:46:39Z</time>
      </trkpt>
      <trkpt lat="49.04983" lon="-121.45663">
        <ele>2045.43</ele>
        <time>2026-08-02T18:47:03Z</time>
      </trkpt>
      <trkpt lat="49.04984" lon="-121.45663">
        <ele>2046.32</ele>
        <time>2026-08-02T18:47:18Z</time>
      </trkpt>
      <trkpt lat="49.04987" lon="-121.45662">
        <ele>2048.79</ele>
        <time>2026-08-02T18:47:40Z</time>
      </trkpt>
      <trkpt lat="49.0499" lon="-121.45659">
        <ele>2050.94</ele>
        <time>2026-08-02T18:47:57Z</time>
      </trkpt>
      <trkpt lat="49.0499" lon="-121.45652">
        <ele>2049.64</ele>
        <time>2026-08-02T18:48:00Z</time>
      </trkpt>
      <trkpt lat="49.04992" lon="-121.45648">
        <ele>2050.91</ele>
        <time>2026-08-02T18:48:11Z</time>
      </trkpt>
      <trkpt lat="49.04994" lon="-121.45648">
        <ele>2052.93</ele>
        <time>2026-08-02T18:48:28Z</time>
      </trkpt>
      <trkpt lat="49.04997" lon="-121.45646">
        <ele>2055.69</ele>
        <time>2026-08-02T18:48:46Z</time>
      </trkpt>
      <trkpt lat="49.05" lon="-121.45646">
        <ele>2058.77</ele>
        <time>2026-08-02T18:49:03Z</time>
      </trkpt>
      <trkpt lat="49.05003" lon="-121.45645">
        <ele>2061.3</ele>
        <time>2026-08-02T18:49:19Z</time>
      </trkpt>
      <trkpt lat="49.05006" lon="-121.45644">
        <ele>2063.89</ele>
        <time>2026-08-02T18:49:25Z</time>
      </trkpt>
      <trkpt lat="49.0501" lon="-121.45644">
        <ele>2067.45</ele>
        <time>2026-08-02T18:49:28Z</time>
      </trkpt>
      <trkpt lat="49.05013" lon="-121.45642">
        <ele>2070.14</ele>
        <time>2026-08-02T18:49:35Z</time>
      </trkpt>
      <trkpt lat="49.05015" lon="-121.4564">
        <ele>2072.01</ele>
        <time>2026-08-02T18:49:54Z</time>
      </trkpt>
      <trkpt lat="49.05017" lon="-121.45636">
        <ele>2073.48</ele>
        <time>2026-08-02T18:50:13Z</time>
      </trkpt>
      <trkpt lat="49.05019" lon="-121.45632">
        <ele>2074.8</ele>
        <time>2026-08-02T18:50:41Z</time>
      </trkpt>
      <trkpt lat="49.05021" lon="-121.4563">
        <ele>2076.46</ele>
        <time>2026-08-02T18:50:52Z</time>
      </trkpt>
      <trkpt lat="49.05024" lon="-121.45628">
        <ele>2079.13</ele>
        <time>2026-08-02T18:51:04Z</time>
      </trkpt>
      <trkpt lat="49.05026" lon="-121.45626">
        <ele>2080.85</ele>
        <time>2026-08-02T18:51:16Z</time>
      </trkpt>
      <trkpt lat="49.05029" lon="-121.45623">
        <ele>2082.59</ele>
        <time>2026-08-02T18:51:28Z</time>
      </trkpt>
      <trkpt lat="49.05032" lon="-121.4562">
        <ele>2083.14</ele>
        <time>2026-08-02T18:51:38Z</time>
      </trkpt>
      <trkpt lat="49.05034" lon="-121.45618">
        <ele>2083.6</ele>
        <time>2026-08-02T18:51:49Z</time>
      </trkpt>
      <trkpt lat="49.05037" lon="-121.45615">
        <ele>2084.41</ele>
        <time>2026-08-02T18:52:03Z</time>
      </trkpt>
      <trkpt lat="49.0504" lon="-121.45612">
        <ele>2085.4</ele>
        <time>2026-08-02T18:52:20Z</time>
      </trkpt>
      <trkpt lat="49.05042" lon="-121.4561">
        <ele>2086.02</ele>
        <time>2026-08-02T18:52:32Z</time>
      </trkpt>
      <trkpt lat="49.05045" lon="-121.45608">
        <ele>2087.01</ele>
        <time>2026-08-02T18:52:47Z</time>
      </trkpt>
      <trkpt lat="49.05048" lon="-121.45606">
        <ele>2088.11</ele>
        <time>2026-08-02T18:52:58Z</time>
      </trkpt>
      <trkpt lat="49.0505" lon="-121.45604">
        <ele>2088.9</ele>
        <time>2026-08-02T18:53:10Z</time>
      </trkpt>
      <trkpt lat="49.05052" lon="-121.45602">
        <ele>2089.75</ele>
        <time>2026-08-02T18:53:19Z</time>
      </trkpt>
      <trkpt lat="49.05055" lon="-121.456">
        <ele>2091.14</ele>
        <time>2026-08-02T18:53:34Z</time>
      </trkpt>
      <trkpt lat="49.05058" lon="-121.45598">
        <ele>2091.67</ele>
        <time>2026-08-02T18:53:49Z</time>
      </trkpt>
      <trkpt lat="49.05061" lon="-121.45596">
        <ele>2091.85</ele>
        <time>2026-08-02T18:54:06Z</time>
      </trkpt>
      <trkpt lat="49.05064" lon="-121.45594">
        <ele>2091.87</ele>
        <time>2026-08-02T18:54:23Z</time>
      </trkpt>
      <trkpt lat="49.05065" lon="-121.456">
        <ele>2092.42</ele>
        <time>2026-08-02T18:54:31Z</time>
      </trkpt>
      <trkpt lat="49.05066" lon="-121.45605">
        <ele>2093.02</ele>
        <time>2026-08-02T18:54:37Z</time>
      </trkpt>
      <trkpt lat="49.05069" lon="-121.45605">
        <ele>2093.54</ele>
        <time>2026-08-02T18:54:54Z</time>
      </trkpt>
      <trkpt lat="49.05072" lon="-121.45602">
        <ele>2093.53</ele>
        <time>2026-08-02T18:55:10Z</time>
      </trkpt>
      <trkpt lat="49.05074" lon="-121.45599">
        <ele>2093.19</ele>
        <time>2026-08-02T18:55:27Z</time>
      </trkpt>
      <trkpt lat="49.05077" lon="-121.45597">
        <ele>2092.99</ele>
        <time>2026-08-02T18:55:44Z</time>
      </trkpt>
      <trkpt lat="49.05079" lon="-121.45596">
        <ele>2092.86</ele>
        <time>2026-08-02T18:55:58Z</time>
      </trkpt>
      <trkpt lat="49.05082" lon="-121.45594">
        <ele>2092.42</ele>
        <time>2026-08-02T18:56:15Z</time>
      </trkpt>
      <trkpt lat="49.05085" lon="-121.45592">
        <ele>2091.46</ele>
        <time>2026-08-02T18:56:32Z</time>
      </trkpt>
      <trkpt lat="49.05088" lon="-121.45591">
        <ele>2090.56</ele>
        <time>2026-08-02T18:56:52Z</time>
      </trkpt>
      <trkpt lat="49.05091" lon="-121.45591">
        <ele>2089.97</ele>
        <time>2026-08-02T18:57:14Z</time>
      </trkpt>
      <trkpt lat="49.05088" lon="-121.4559">
        <ele>2090.29</ele>
        <time>2026-08-02T18:57:38Z</time>
      </trkpt>
      <trkpt lat="49.05085" lon="-121.45591">
        <ele>2091.15</ele>
        <time>2026-08-02T18:57:48Z</time>
      </trkpt>
      <trkpt lat="49.05085" lon="-121.45597">
        <ele>2092.98</ele>
        <time>2026-08-02T18:57:56Z</time>
      </trkpt>
      <trkpt lat="49.05085" lon="-121.45602">
        <ele>2094.51</ele>
        <time>2026-08-02T18:57:59Z</time>
      </trkpt>
      <trkpt lat="49.05085" lon="-121.45607">
        <ele>2096.03</ele>
        <time>2026-08-02T18:58:08Z</time>
      </trkpt>
      <trkpt lat="49.05086" lon="-121.4561">
        <ele>2096.52</ele>
        <time>2026-08-02T18:58:22Z</time>
      </trkpt>
      <trkpt lat="49.05089" lon="-121.45609">
        <ele>2095.01</ele>
        <time>2026-08-02T18:58:44Z</time>
      </trkpt>
      <trkpt lat="49.05093" lon="-121.45608">
        <ele>2093.17</ele>
        <time>2026-08-02T18:58:57Z</time>
      </trkpt>
      <trkpt lat="49.05096" lon="-121.45607">
        <ele>2091.8</ele>
        <time>2026-08-02T18:59:13Z</time>
      </trkpt>
      <trkpt lat="49.05099" lon="-121.45607">
        <ele>2090.65</ele>
        <time>2026-08-02T18:59:42Z</time>
      </trkpt>
      <trkpt lat="49.05102" lon="-121.45605">
        <ele>2089.29</ele>
        <time>2026-08-02T18:59:59Z</time>
      </trkpt>
      <trkpt lat="49.05106" lon="-121.45605">
        <ele>2087.84</ele>
        <time>2026-08-02T19:00:02Z</time>
      </trkpt>
      <trkpt lat="49.05109" lon="-121.45604">
        <ele>2086.74</ele>
        <time>2026-08-02T19:00:06Z</time>
      </trkpt>
      <trkpt lat="49.05111" lon="-121.456">
        <ele>2086.03</ele>
        <time>2026-08-02T19:00:36Z</time>
      </trkpt>
      <trkpt lat="49.05113" lon="-121.45599">
        <ele>2084.86</ele>
        <time>2026-08-02T19:00:55Z</time>
      </trkpt>
      <trkpt lat="49.05116" lon="-121.45597">
        <ele>2083.1</ele>
        <time>2026-08-02T19:01:19Z</time>
      </trkpt>
      <trkpt lat="49.05117" lon="-121.45599">
        <ele>2082.43</ele>
        <time>2026-08-02T19:01:59Z</time>
      </trkpt>
      <trkpt lat="49.05117" lon="-121.45601">
        <ele>2082.36</ele>
        <time>2026-08-02T19:02:17Z</time>
      </trkpt>
      <trkpt lat="49.0512" lon="-121.45603">
        <ele>2080.39</ele>
        <time>2026-08-02T19:02:49Z</time>
      </trkpt>
      <trkpt lat="49.05121" lon="-121.45607">
        <ele>2079.5</ele>
        <time>2026-08-02T19:03:23Z</time>
      </trkpt>
      <trkpt lat="49.05121" lon="-121.45615">
        <ele>2079.07</ele>
        <time>2026-08-02T19:03:26Z</time>
      </trkpt>
      <trkpt lat="49.05121" lon="-121.45619">
        <ele>2078.89</ele>
        <time>2026-08-02T19:03:41Z</time>
      </trkpt>
      <trkpt lat="49.05117" lon="-121.4562">
        <ele>2081.35</ele>
        <time>2026-08-02T19:04:35Z</time>
      </trkpt>
      <trkpt lat="49.05113" lon="-121.4562">
        <ele>2083.86</ele>
        <time>2026-08-02T19:04:39Z</time>
      </trkpt>
      <trkpt lat="49.05116" lon="-121.45622">
        <ele>2081.82</ele>
        <time>2026-08-02T19:04:49Z</time>
      </trkpt>
      <trkpt lat="49.05119" lon="-121.45623">
        <ele>2079.93</ele>
        <time>2026-08-02T19:04:54Z</time>
      </trkpt>
      <trkpt lat="49.05122" lon="-121.45622">
        <ele>2078.14</ele>
        <time>2026-08-02T19:05:05Z</time>
      </trkpt>
      <trkpt lat="49.05125" lon="-121.45622">
        <ele>2076.3</ele>
        <time>2026-08-02T19:05:31Z</time>
      </trkpt>
      <trkpt lat="49.05128" lon="-121.45622">
        <ele>2074.46</ele>
        <time>2026-08-02T19:05:56Z</time>
      </trkpt>
      <trkpt lat="49.05131" lon="-121.45621">
        <ele>2072.6</ele>
        <time>2026-08-02T19:06:12Z</time>
      </trkpt>
      <trkpt lat="49.05134" lon="-121.45619">
        <ele>2070.66</ele>
        <time>2026-08-02T19:06:44Z</time>
      </trkpt>
      <trkpt lat="49.05135" lon="-121.4562">
        <ele>2070.08</ele>
        <time>2026-08-02T19:07:00Z</time>
      </trkpt>
      <trkpt lat="49.05137" lon="-121.45625">
        <ele>2069.12</ele>
        <time>2026-08-02T19:07:14Z</time>
      </trkpt>
      <trkpt lat="49.05137" lon="-121.4563">
        <ele>2069.42</ele>
        <time>2026-08-02T19:07:17Z</time>
      </trkpt>
      <trkpt lat="49.05135" lon="-121.45635">
        <ele>2070.78</ele>
        <time>2026-08-02T19:07:30Z</time>
      </trkpt>
      <trkpt lat="49.05132" lon="-121.45636">
        <ele>2072.39</ele>
        <time>2026-08-02T19:07:32Z</time>
      </trkpt>
      <trkpt lat="49.05129" lon="-121.45638">
        <ele>2073.98</ele>
        <time>2026-08-02T19:07:36Z</time>
      </trkpt>
      <trkpt lat="49.05128" lon="-121.45643">
        <ele>2071.79</ele>
        <time>2026-08-02T19:07:43Z</time>
      </trkpt>
      <trkpt lat="49.05129" lon="-121.45647">
        <ele>2068.41</ele>
        <time>2026-08-02T19:07:50Z</time>
      </trkpt>
      <trkpt lat="49.0513" lon="-121.45651">
        <ele>2064.76</ele>
        <time>2026-08-02T19:08:06Z</time>
      </trkpt>
      <trkpt lat="49.05131" lon="-121.45645">
        <ele>2068.38</ele>
        <time>2026-08-02T19:08:35Z</time>
      </trkpt>
      <trkpt lat="49.05131" lon="-121.4564">
        <ele>2072.14</ele>
        <time>2026-08-02T19:09:27Z</time>
      </trkpt>
      <trkpt lat="49.0513" lon="-121.45645">
        <ele>2069.08</ele>
        <time>2026-08-02T19:10:11Z</time>
      </trkpt>
      <trkpt lat="49.05129" lon="-121.4565">
        <ele>2066.34</ele>
        <time>2026-08-02T19:11:01Z</time>
      </trkpt>
      <trkpt lat="49.0513" lon="-121.45645">
        <ele>2069.08</ele>
        <time>2026-08-02T19:12:16Z</time>
      </trkpt>
      <trkpt lat="49.05132" lon="-121.45642">
        <ele>2070.03</ele>
        <time>2026-08-02T19:16:59Z</time>
      </trkpt>
      <trkpt lat="49.05134" lon="-121.45638">
        <ele>2071.43</ele>
        <time>2026-08-02T19:18:25Z</time>
      </trkpt>
      <trkpt lat="49.05134" lon="-121.45634">
        <ele>2071.27</ele>
        <time>2026-08-02T19:22:13Z</time>
      </trkpt>
      <trkpt lat="49.05134" lon="-121.45628">
        <ele>2071.02</ele>
        <time>2026-08-02T19:22:16Z</time>
      </trkpt>
      <trkpt lat="49.05134" lon="-121.45623">
        <ele>2070.82</ele>
        <time>2026-08-02T19:22:20Z</time>
      </trkpt>
      <trkpt lat="49.05131" lon="-121.45625">
        <ele>2072.69</ele>
        <time>2026-08-02T19:22:27Z</time>
      </trkpt>
      <trkpt lat="49.05128" lon="-121.45625">
        <ele>2074.47</ele>
        <time>2026-08-02T19:22:30Z</time>
      </trkpt>
      <trkpt lat="49.05125" lon="-121.45626">
        <ele>2076.23</ele>
        <time>2026-08-02T19:22:40Z</time>
      </trkpt>
      <trkpt lat="49.05122" lon="-121.45625">
        <ele>2078.03</ele>
        <time>2026-08-02T19:22:55Z</time>
      </trkpt>
      <trkpt lat="49.0512" lon="-121.45622">
        <ele>2079.37</ele>
        <time>2026-08-02T19:23:11Z</time>
      </trkpt>
      <trkpt lat="49.05117" lon="-121.45622">
        <ele>2081.21</ele>
        <time>2026-08-02T19:23:26Z</time>
      </trkpt>
      <trkpt lat="49.05114" lon="-121.45623">
        <ele>2082.96</ele>
        <time>2026-08-02T19:23:37Z</time>
      </trkpt>
      <trkpt lat="49.05111" lon="-121.45624">
        <ele>2084.65</ele>
        <time>2026-08-02T19:23:45Z</time>
      </trkpt>
      <trkpt lat="49.05108" lon="-121.45625">
        <ele>2085.62</ele>
        <time>2026-08-02T19:23:54Z</time>
      </trkpt>
      <trkpt lat="49.05105" lon="-121.45628">
        <ele>2086.28</ele>
        <time>2026-08-02T19:24:05Z</time>
      </trkpt>
      <trkpt lat="49.05103" lon="-121.45632">
        <ele>2086.37</ele>
        <time>2026-08-02T19:24:10Z</time>
      </trkpt>
      <trkpt lat="49.05102" lon="-121.45638">
        <ele>2085.76</ele>
        <time>2026-08-02T19:24:13Z</time>
      </trkpt>
      <trkpt lat="49.051" lon="-121.45642">
        <ele>2085.68</ele>
        <time>2026-08-02T19:24:18Z</time>
      </trkpt>
      <trkpt lat="49.05097" lon="-121.45644">
        <ele>2086.14</ele>
        <time>2026-08-02T19:24:28Z</time>
      </trkpt>
      <trkpt lat="49.05094" lon="-121.45644">
        <ele>2086.92</ele>
        <time>2026-08-02T19:24:40Z</time>
      </trkpt>
      <trkpt lat="49.05097" lon="-121.45641">
        <ele>2086.68</ele>
        <time>2026-08-02T19:24:53Z</time>
      </trkpt>
      <trkpt lat="49.05096" lon="-121.45637">
        <ele>2087.7</ele>
        <time>2026-08-02T19:25:32Z</time>
      </trkpt>
      <trkpt lat="49.05093" lon="-121.45638">
        <ele>2088.4</ele>
        <time>2026-08-02T19:25:42Z</time>
      </trkpt>
      <trkpt lat="49.0509" lon="-121.45639">
        <ele>2089.06</ele>
        <time>2026-08-02T19:25:55Z</time>
      </trkpt>
      <trkpt lat="49.05087" lon="-121.45642">
        <ele>2089.22</ele>
        <time>2026-08-02T19:26:13Z</time>
      </trkpt>
      <trkpt lat="49.05085" lon="-121.45645">
        <ele>2089.03</ele>
        <time>2026-08-02T19:26:27Z</time>
      </trkpt>
      <trkpt lat="49.05082" lon="-121.45648">
        <ele>2088.59</ele>
        <time>2026-08-02T19:26:38Z</time>
      </trkpt>
      <trkpt lat="49.05079" lon="-121.45651">
        <ele>2087.66</ele>
        <time>2026-08-02T19:26:51Z</time>
      </trkpt>
      <trkpt lat="49.05077" lon="-121.45654">
        <ele>2086.9</ele>
        <time>2026-08-02T19:27:05Z</time>
      </trkpt>
      <trkpt lat="49.05074" lon="-121.45656">
        <ele>2086.38</ele>
        <time>2026-08-02T19:27:15Z</time>
      </trkpt>
      <trkpt lat="49.05071" lon="-121.45658">
        <ele>2085.94</ele>
        <time>2026-08-02T19:27:30Z</time>
      </trkpt>
      <trkpt lat="49.05069" lon="-121.4566">
        <ele>2085.58</ele>
        <time>2026-08-02T19:27:44Z</time>
      </trkpt>
      <trkpt lat="49.05066" lon="-121.45663">
        <ele>2085.14</ele>
        <time>2026-08-02T19:28:00Z</time>
      </trkpt>
      <trkpt lat="49.05063" lon="-121.45665">
        <ele>2084.93</ele>
        <time>2026-08-02T19:28:15Z</time>
      </trkpt>
      <trkpt lat="49.05061" lon="-121.45667">
        <ele>2084.71</ele>
        <time>2026-08-02T19:28:34Z</time>
      </trkpt>
      <trkpt lat="49.05058" lon="-121.45669">
        <ele>2084.24</ele>
        <time>2026-08-02T19:28:53Z</time>
      </trkpt>
      <trkpt lat="49.05055" lon="-121.45672">
        <ele>2083.36</ele>
        <time>2026-08-02T19:29:17Z</time>
      </trkpt>
      <trkpt lat="49.05059" lon="-121.45672">
        <ele>2083.34</ele>
        <time>2026-08-02T19:29:32Z</time>
      </trkpt>
      <trkpt lat="49.05062" lon="-121.45673">
        <ele>2082.94</ele>
        <time>2026-08-02T19:29:36Z</time>
      </trkpt>
      <trkpt lat="49.05065" lon="-121.45673">
        <ele>2082.84</ele>
        <time>2026-08-02T19:29:48Z</time>
      </trkpt>
      <trkpt lat="49.05066" lon="-121.45668">
        <ele>2084.24</ele>
        <time>2026-08-02T19:29:53Z</time>
      </trkpt>
      <trkpt lat="49.05066" lon="-121.45662">
        <ele>2085.28</ele>
        <time>2026-08-02T19:29:57Z</time>
      </trkpt>
      <trkpt lat="49.05066" lon="-121.45657">
        <ele>2085.97</ele>
        <time>2026-08-02T19:30:10Z</time>
      </trkpt>
      <trkpt lat="49.05067" lon="-121.45653">
        <ele>2086.59</ele>
        <time>2026-08-02T19:30:22Z</time>
      </trkpt>
      <trkpt lat="49.05068" lon="-121.45648">
        <ele>2087.4</ele>
        <time>2026-08-02T19:31:09Z</time>
      </trkpt>
      <trkpt lat="49.05068" lon="-121.45643">
        <ele>2088.16</ele>
        <time>2026-08-02T19:31:27Z</time>
      </trkpt>
      <trkpt lat="49.05065" lon="-121.4564">
        <ele>2088.21</ele>
        <time>2026-08-02T19:31:59Z</time>
      </trkpt>
      <trkpt lat="49.05065" lon="-121.45646">
        <ele>2087.41</ele>
        <time>2026-08-02T19:32:06Z</time>
      </trkpt>
      <trkpt lat="49.05062" lon="-121.45649">
        <ele>2086.78</ele>
        <time>2026-08-02T19:32:19Z</time>
      </trkpt>
      <trkpt lat="49.05059" lon="-121.45649">
        <ele>2086.54</ele>
        <time>2026-08-02T19:32:21Z</time>
      </trkpt>
      <trkpt lat="49.05055" lon="-121.4565">
        <ele>2086.12</ele>
        <time>2026-08-02T19:32:25Z</time>
      </trkpt>
      <trkpt lat="49.05057" lon="-121.45648">
        <ele>2086.47</ele>
        <time>2026-08-02T19:33:20Z</time>
      </trkpt>
      <trkpt lat="49.05056" lon="-121.45645">
        <ele>2086.61</ele>
        <time>2026-08-02T19:33:32Z</time>
      </trkpt>
      <trkpt lat="49.05053" lon="-121.45642">
        <ele>2086.48</ele>
        <time>2026-08-02T19:33:44Z</time>
      </trkpt>
      <trkpt lat="49.05051" lon="-121.45639">
        <ele>2086.5</ele>
        <time>2026-08-02T19:33:57Z</time>
      </trkpt>
      <trkpt lat="49.05048" lon="-121.45637">
        <ele>2086.33</ele>
        <time>2026-08-02T19:34:10Z</time>
      </trkpt>
      <trkpt lat="49.05046" lon="-121.45636">
        <ele>2086.13</ele>
        <time>2026-08-02T19:34:23Z</time>
      </trkpt>
      <trkpt lat="49.05043" lon="-121.45636">
        <ele>2085.73</ele>
        <time>2026-08-02T19:34:38Z</time>
      </trkpt>
      <trkpt lat="49.0504" lon="-121.45635">
        <ele>2085.33</ele>
        <time>2026-08-02T19:35:02Z</time>
      </trkpt>
      <trkpt lat="49.05039" lon="-121.4563">
        <ele>2085.16</ele>
        <time>2026-08-02T19:35:15Z</time>
      </trkpt>
      <trkpt lat="49.05039" lon="-121.45624">
        <ele>2085.12</ele>
        <time>2026-08-02T19:35:18Z</time>
      </trkpt>
      <trkpt lat="49.05042" lon="-121.45622">
        <ele>2085.89</ele>
        <time>2026-08-02T19:35:27Z</time>
      </trkpt>
      <trkpt lat="49.05046" lon="-121.45621">
        <ele>2086.99</ele>
        <time>2026-08-02T19:35:32Z</time>
      </trkpt>
      <trkpt lat="49.05044" lon="-121.45623">
        <ele>2086.37</ele>
        <time>2026-08-02T19:36:12Z</time>
      </trkpt>
      <trkpt lat="49.05041" lon="-121.45623">
        <ele>2085.62</ele>
        <time>2026-08-02T19:36:30Z</time>
      </trkpt>
      <trkpt lat="49.05038" lon="-121.45621">
        <ele>2084.83</ele>
        <time>2026-08-02T19:36:46Z</time>
      </trkpt>
      <trkpt lat="49.05037" lon="-121.45617">
        <ele>2084.46</ele>
        <time>2026-08-02T19:37:02Z</time>
      </trkpt>
      <trkpt lat="49.05035" lon="-121.45614">
        <ele>2083.72</ele>
        <time>2026-08-02T19:37:28Z</time>
      </trkpt>
      <trkpt lat="49.05033" lon="-121.45618">
        <ele>2083.3</ele>
        <time>2026-08-02T19:37:40Z</time>
      </trkpt>
      <trkpt lat="49.05033" lon="-121.45623">
        <ele>2083.6</ele>
        <time>2026-08-02T19:37:43Z</time>
      </trkpt>
      <trkpt lat="49.05029" lon="-121.45624">
        <ele>2082.69</ele>
        <time>2026-08-02T19:38:04Z</time>
      </trkpt>
      <trkpt lat="49.05026" lon="-121.45625">
        <ele>2080.74</ele>
        <time>2026-08-02T19:38:07Z</time>
      </trkpt>
      <trkpt lat="49.05023" lon="-121.45627">
        <ele>2078.02</ele>
        <time>2026-08-02T19:38:10Z</time>
      </trkpt>
      <trkpt lat="49.0502" lon="-121.45629">
        <ele>2075.35</ele>
        <time>2026-08-02T19:38:17Z</time>
      </trkpt>
      <trkpt lat="49.05017" lon="-121.45632">
        <ele>2072.88</ele>
        <time>2026-08-02T19:38:24Z</time>
      </trkpt>
      <trkpt lat="49.05015" lon="-121.45634">
        <ele>2071.27</ele>
        <time>2026-08-02T19:38:34Z</time>
      </trkpt>
      <trkpt lat="49.05012" lon="-121.45637">
        <ele>2068.91</ele>
        <time>2026-08-02T19:38:44Z</time>
      </trkpt>
      <trkpt lat="49.0501" lon="-121.45641">
        <ele>2067.4</ele>
        <time>2026-08-02T19:39:20Z</time>
      </trkpt>
      <trkpt lat="49.05009" lon="-121.45643">
        <ele>2066.53</ele>
        <time>2026-08-02T19:40:02Z</time>
      </trkpt>
      <trkpt lat="49.05008" lon="-121.45645">
        <ele>2065.7</ele>
        <time>2026-08-02T19:40:13Z</time>
      </trkpt>
      <trkpt lat="49.05005" lon="-121.45647">
        <ele>2063.19</ele>
        <time>2026-08-02T19:40:25Z</time>
      </trkpt>
      <trkpt lat="49.05002" lon="-121.45648">
        <ele>2060.69</ele>
        <time>2026-08-02T19:40:36Z</time>
      </trkpt>
      <trkpt lat="49.04999" lon="-121.4565">
        <ele>2058.21</ele>
        <time>2026-08-02T19:40:44Z</time>
      </trkpt>
      <trkpt lat="49.04995" lon="-121.4565">
        <ele>2054.23</ele>
        <time>2026-08-02T19:40:47Z</time>
      </trkpt>
      <trkpt lat="49.04991" lon="-121.4565">
        <ele>2050.26</ele>
        <time>2026-08-02T19:40:51Z</time>
      </trkpt>
      <trkpt lat="49.04989" lon="-121.45653">
        <ele>2048.85</ele>
        <time>2026-08-02T19:41:19Z</time>
      </trkpt>
      <trkpt lat="49.04986" lon="-121.45655">
        <ele>2046.37</ele>
        <time>2026-08-02T19:41:31Z</time>
      </trkpt>
      <trkpt lat="49.04983" lon="-121.45658">
        <ele>2044.23</ele>
        <time>2026-08-02T19:41:42Z</time>
      </trkpt>
      <trkpt lat="49.0498" lon="-121.4566">
        <ele>2041.96</ele>
        <time>2026-08-02T19:41:55Z</time>
      </trkpt>
      <trkpt lat="49.04978" lon="-121.45663">
        <ele>2040.97</ele>
        <time>2026-08-02T19:42:13Z</time>
      </trkpt>
      <trkpt lat="49.04976" lon="-121.45665">
        <ele>2039.77</ele>
        <time>2026-08-02T19:42:38Z</time>
      </trkpt>
      <trkpt lat="49.04973" lon="-121.45667">
        <ele>2037.7</ele>
        <time>2026-08-02T19:42:56Z</time>
      </trkpt>
      <trkpt lat="49.04971" lon="-121.45669">
        <ele>2036.45</ele>
        <time>2026-08-02T19:43:16Z</time>
      </trkpt>
      <trkpt lat="49.04969" lon="-121.4567">
        <ele>2035.34</ele>
        <time>2026-08-02T19:43:25Z</time>
      </trkpt>
      <trkpt lat="49.04968" lon="-121.45664">
        <ele>2033.7</ele>
        <time>2026-08-02T19:43:35Z</time>
      </trkpt>
      <trkpt lat="49.04968" lon="-121.45658">
        <ele>2031.76</ele>
        <time>2026-08-02T19:43:38Z</time>
      </trkpt>
      <trkpt lat="49.04965" lon="-121.45659">
        <ele>2030.36</ele>
        <time>2026-08-02T19:43:56Z</time>
      </trkpt>
      <trkpt lat="49.04963" lon="-121.45656">
        <ele>2028.23</ele>
        <time>2026-08-02T19:44:09Z</time>
      </trkpt>
      <trkpt lat="49.0496" lon="-121.45656">
        <ele>2026.5</ele>
        <time>2026-08-02T19:44:21Z</time>
      </trkpt>
      <trkpt lat="49.04957" lon="-121.45657">
        <ele>2025.1</ele>
        <time>2026-08-02T19:44:34Z</time>
      </trkpt>
      <trkpt lat="49.04955" lon="-121.45658">
        <ele>2024.27</ele>
        <time>2026-08-02T19:44:47Z</time>
      </trkpt>
      <trkpt lat="49.04952" lon="-121.4566">
        <ele>2023.19</ele>
        <time>2026-08-02T19:45:00Z</time>
      </trkpt>
      <trkpt lat="49.04949" lon="-121.45662">
        <ele>2022.11</ele>
        <time>2026-08-02T19:45:15Z</time>
      </trkpt>
      <trkpt lat="49.04946" lon="-121.45663">
        <ele>2020.71</ele>
        <time>2026-08-02T19:45:33Z</time>
      </trkpt>
      <trkpt lat="49.04943" lon="-121.45663">
        <ele>2019.2</ele>
        <time>2026-08-02T19:45:51Z</time>
      </trkpt>
      <trkpt lat="49.0494" lon="-121.45663">
        <ele>2017.94</ele>
        <time>2026-08-02T19:46:08Z</time>
      </trkpt>
      <trkpt lat="49.04937" lon="-121.45665">
        <ele>2017.14</ele>
        <time>2026-08-02T19:46:22Z</time>
      </trkpt>
      <trkpt lat="49.04935" lon="-121.45666">
        <ele>2016.45</ele>
        <time>2026-08-02T19:46:35Z</time>
      </trkpt>
      <trkpt lat="49.04932" lon="-121.45667">
        <ele>2015.17</ele>
        <time>2026-08-02T19:46:48Z</time>
      </trkpt>
      <trkpt lat="49.04929" lon="-121.45667">
        <ele>2013.77</ele>
        <time>2026-08-02T19:47:02Z</time>
      </trkpt>
      <trkpt lat="49.04926" lon="-121.45668">
        <ele>2012.35</ele>
        <time>2026-08-02T19:47:18Z</time>
      </trkpt>
      <trkpt lat="49.04923" lon="-121.45671">
        <ele>2010.93</ele>
        <time>2026-08-02T19:47:33Z</time>
      </trkpt>
      <trkpt lat="49.04921" lon="-121.45672">
        <ele>2010.0</ele>
        <time>2026-08-02T19:47:46Z</time>
      </trkpt>
      <trkpt lat="49.04918" lon="-121.45674">
        <ele>2008.61</ele>
        <time>2026-08-02T19:48:02Z</time>
      </trkpt>
      <trkpt lat="49.04915" lon="-121.45676">
        <ele>2007.08</ele>
        <time>2026-08-02T19:48:17Z</time>
      </trkpt>
      <trkpt lat="49.04913" lon="-121.45678">
        <ele>2006.0</ele>
        <time>2026-08-02T19:48:33Z</time>
      </trkpt>
      <trkpt lat="49.0491" lon="-121.45679">
        <ele>2004.37</ele>
        <time>2026-08-02T19:48:48Z</time>
      </trkpt>
      <trkpt lat="49.04907" lon="-121.4568">
        <ele>2002.77</ele>
        <time>2026-08-02T19:49:03Z</time>
      </trkpt>
      <trkpt lat="49.04905" lon="-121.45681">
        <ele>2001.71</ele>
        <time>2026-08-02T19:49:17Z</time>
      </trkpt>
      <trkpt lat="49.04902" lon="-121.45682">
        <ele>2000.13</ele>
        <time>2026-08-02T19:49:36Z</time>
      </trkpt>
      <trkpt lat="49.04905" lon="-121.45683">
        <ele>2001.77</ele>
        <time>2026-08-02T19:49:46Z</time>
      </trkpt>
      <trkpt lat="49.04903" lon="-121.45686">
        <ele>2000.81</ele>
        <time>2026-08-02T19:50:18Z</time>
      </trkpt>
      <trkpt lat="49.049" lon="-121.45687">
        <ele>1999.28</ele>
        <time>2026-08-02T19:50:31Z</time>
      </trkpt>
      <trkpt lat="49.04898" lon="-121.4569">
        <ele>1998.38</ele>
        <time>2026-08-02T19:50:56Z</time>
      </trkpt>
      <trkpt lat="49.04897" lon="-121.45696">
        <ele>1997.58</ele>
        <time>2026-08-02T19:51:16Z</time>
      </trkpt>
      <trkpt lat="49.04897" lon="-121.45702">
        <ele>1995.64</ele>
        <time>2026-08-02T19:51:19Z</time>
      </trkpt>
      <trkpt lat="49.04895" lon="-121.45704">
        <ele>1993.98</ele>
        <time>2026-08-02T19:51:36Z</time>
      </trkpt>
      <trkpt lat="49.04893" lon="-121.45699">
        <ele>1994.6</ele>
        <time>2026-08-02T19:51:46Z</time>
      </trkpt>
      <trkpt lat="49.04891" lon="-121.45698">
        <ele>1993.91</ele>
        <time>2026-08-02T19:51:58Z</time>
      </trkpt>
      <trkpt lat="49.04888" lon="-121.45699">
        <ele>1991.96</ele>
        <time>2026-08-02T19:52:11Z</time>
      </trkpt>
      <trkpt lat="49.04886" lon="-121.45701">
        <ele>1990.12</ele>
        <time>2026-08-02T19:52:22Z</time>
      </trkpt>
      <trkpt lat="49.04884" lon="-121.45702">
        <ele>1988.64</ele>
        <time>2026-08-02T19:52:34Z</time>
      </trkpt>
      <trkpt lat="49.0488" lon="-121.45703">
        <ele>1986.04</ele>
        <time>2026-08-02T19:52:50Z</time>
      </trkpt>
      <trkpt lat="49.04877" lon="-121.45703">
        <ele>1984.28</ele>
        <time>2026-08-02T19:53:06Z</time>
      </trkpt>
      <trkpt lat="49.04875" lon="-121.45706">
        <ele>1982.63</ele>
        <time>2026-08-02T19:53:21Z</time>
      </trkpt>
      <trkpt lat="49.04872" lon="-121.45708">
        <ele>1980.73</ele>
        <time>2026-08-02T19:53:40Z</time>
      </trkpt>
      <trkpt lat="49.0487" lon="-121.45711">
        <ele>1979.36</ele>
        <time>2026-08-02T19:54:00Z</time>
      </trkpt>
      <trkpt lat="49.04868" lon="-121.45713">
        <ele>1978.22</ele>
        <time>2026-08-02T19:54:14Z</time>
      </trkpt>
      <trkpt lat="49.04865" lon="-121.45715">
        <ele>1976.73</ele>
        <time>2026-08-02T19:54:31Z</time>
      </trkpt>
      <trkpt lat="49.04861" lon="-121.45715">
        <ele>1974.96</ele>
        <time>2026-08-02T19:54:38Z</time>
      </trkpt>
      <trkpt lat="49.04857" lon="-121.45715">
        <ele>1973.62</ele>
        <time>2026-08-02T19:54:41Z</time>
      </trkpt>
      <trkpt lat="49.04854" lon="-121.45716">
        <ele>1972.67</ele>
        <time>2026-08-02T19:54:47Z</time>
      </trkpt>
      <trkpt lat="49.04851" lon="-121.45716">
        <ele>1971.68</ele>
        <time>2026-08-02T19:54:56Z</time>
      </trkpt>
      <trkpt lat="49.04848" lon="-121.45717">
        <ele>1970.78</ele>
        <time>2026-08-02T19:55:03Z</time>
      </trkpt>
      <trkpt lat="49.04844" lon="-121.45718">
        <ele>1969.6</ele>
        <time>2026-08-02T19:55:11Z</time>
      </trkpt>
      <trkpt lat="49.04841" lon="-121.4572">
        <ele>1968.92</ele>
        <time>2026-08-02T19:55:19Z</time>
      </trkpt>
      <trkpt lat="49.04839" lon="-121.45724">
        <ele>1968.44</ele>
        <time>2026-08-02T19:55:25Z</time>
      </trkpt>
      <trkpt lat="49.04837" lon="-121.4573">
        <ele>1967.31</ele>
        <time>2026-08-02T19:55:28Z</time>
      </trkpt>
      <trkpt lat="49.04836" lon="-121.45735">
        <ele>1966.63</ele>
        <time>2026-08-02T19:55:33Z</time>
      </trkpt>
      <trkpt lat="49.0484" lon="-121.45738">
        <ele>1967.1</ele>
        <time>2026-08-02T19:55:39Z</time>
      </trkpt>
      <trkpt lat="49.04842" lon="-121.45741">
        <ele>1967.09</ele>
        <time>2026-08-02T19:55:43Z</time>
      </trkpt>
      <trkpt lat="49.04845" lon="-121.45742">
        <ele>1967.44</ele>
        <time>2026-08-02T19:55:55Z</time>
      </trkpt>
      <trkpt lat="49.04848" lon="-121.45741">
        <ele>1968.09</ele>
        <time>2026-08-02T19:56:02Z</time>
      </trkpt>
      <trkpt lat="49.0485" lon="-121.45738">
        <ele>1968.96</ele>
        <time>2026-08-02T19:56:55Z</time>
      </trkpt>
      <trkpt lat="49.04848" lon="-121.45733">
        <ele>1969.42</ele>
        <time>2026-08-02T19:57:18Z</time>
      </trkpt>
      <trkpt lat="49.04848" lon="-121.45732">
        <ele>1969.59</ele>
        <time>2026-08-02T19:57:38Z</time>
      </trkpt>
      <trkpt lat="49.04845" lon="-121.45735">
        <ele>1968.47</ele>
        <time>2026-08-02T19:59:52Z</time>
      </trkpt>
      <trkpt lat="49.04842" lon="-121.45735">
        <ele>1967.86</ele>
        <time>2026-08-02T19:59:54Z</time>
      </trkpt>
      <trkpt lat="49.04838" lon="-121.45735">
        <ele>1967.04</ele>
        <time>2026-08-02T19:59:57Z</time>
      </trkpt>
      <trkpt lat="49.04835" lon="-121.45735">
        <ele>1966.42</ele>
        <time>2026-08-02T20:00:01Z</time>
      </trkpt>
      <trkpt lat="49.04831" lon="-121.45734">
        <ele>1965.72</ele>
        <time>2026-08-02T20:00:05Z</time>
      </trkpt>
      <trkpt lat="49.04828" lon="-121.45734">
        <ele>1965.16</ele>
        <time>2026-08-02T20:00:09Z</time>
      </trkpt>
      <trkpt lat="49.04825" lon="-121.45734">
        <ele>1964.61</ele>
        <time>2026-08-02T20:00:14Z</time>
      </trkpt>
      <trkpt lat="49.04822" lon="-121.45733">
        <ele>1964.09</ele>
        <time>2026-08-02T20:00:21Z</time>
      </trkpt>
      <trkpt lat="49.04818" lon="-121.45733">
        <ele>1963.34</ele>
        <time>2026-08-02T20:00:29Z</time>
      </trkpt>
      <trkpt lat="49.04815" lon="-121.45733">
        <ele>1962.78</ele>
        <time>2026-08-02T20:00:38Z</time>
      </trkpt>
      <trkpt lat="49.04812" lon="-121.45732">
        <ele>1962.23</ele>
        <time>2026-08-02T20:00:45Z</time>
      </trkpt>
      <trkpt lat="49.04808" lon="-121.45732">
        <ele>1961.47</ele>
        <time>2026-08-02T20:00:52Z</time>
      </trkpt>
      <trkpt lat="49.04811" lon="-121.45731">
        <ele>1962.05</ele>
        <time>2026-08-02T20:01:05Z</time>
      </trkpt>
      <trkpt lat="49.04809" lon="-121.45731">
        <ele>1961.67</ele>
        <time>2026-08-02T20:01:14Z</time>
      </trkpt>
      <trkpt lat="49.04805" lon="-121.45731">
        <ele>1960.72</ele>
        <time>2026-08-02T20:01:18Z</time>
      </trkpt>
      <trkpt lat="49.04802" lon="-121.45731">
        <ele>1959.19</ele>
        <time>2026-08-02T20:01:22Z</time>
      </trkpt>
      <trkpt lat="49.04798" lon="-121.45731">
        <ele>1957.16</ele>
        <time>2026-08-02T20:01:26Z</time>
      </trkpt>
      <trkpt lat="49.04794" lon="-121.45731">
        <ele>1955.13</ele>
        <time>2026-08-02T20:01:30Z</time>
      </trkpt>
      <trkpt lat="49.04791" lon="-121.45732">
        <ele>1953.72</ele>
        <time>2026-08-02T20:01:35Z</time>
      </trkpt>
      <trkpt lat="49.04787" lon="-121.45732">
        <ele>1951.72</ele>
        <time>2026-08-02T20:01:40Z</time>
      </trkpt>
      <trkpt lat="49.04784" lon="-121.45732">
        <ele>1950.22</ele>
        <time>2026-08-02T20:01:45Z</time>
      </trkpt>
      <trkpt lat="49.04781" lon="-121.45733">
        <ele>1948.91</ele>
        <time>2026-08-02T20:01:52Z</time>
      </trkpt>
      <trkpt lat="49.0478" lon="-121.45739">
        <ele>1949.61</ele>
        <time>2026-08-02T20:01:55Z</time>
      </trkpt>
      <trkpt lat="49.04779" lon="-121.45744">
        <ele>1950.2</ele>
        <time>2026-08-02T20:01:58Z</time>
      </trkpt>
      <trkpt lat="49.04777" lon="-121.45749">
        <ele>1950.41</ele>
        <time>2026-08-02T20:02:02Z</time>
      </trkpt>
      <trkpt lat="49.04776" lon="-121.45754">
        <ele>1949.05</ele>
        <time>2026-08-02T20:02:07Z</time>
      </trkpt>
      <trkpt lat="49.04779" lon="-121.45755">
        <ele>1950.02</ele>
        <time>2026-08-02T20:02:21Z</time>
      </trkpt>
      <trkpt lat="49.04776" lon="-121.45753">
        <ele>1949.33</ele>
        <time>2026-08-02T20:03:01Z</time>
      </trkpt>
      <trkpt lat="49.04774" lon="-121.45756">
        <ele>1947.62</ele>
        <time>2026-08-02T20:03:30Z</time>
      </trkpt>
      <trkpt lat="49.0477" lon="-121.45757">
        <ele>1945.63</ele>
        <time>2026-08-02T20:03:40Z</time>
      </trkpt>
      <trkpt lat="49.04766" lon="-121.45758">
        <ele>1943.67</ele>
        <time>2026-08-02T20:03:42Z</time>
      </trkpt>
      <trkpt lat="49.04763" lon="-121.45758">
        <ele>1942.39</ele>
        <time>2026-08-02T20:03:44Z</time>
      </trkpt>
      <trkpt lat="49.04763" lon="-121.45759">
        <ele>1942.18</ele>
        <time>2026-08-02T20:04:03Z</time>
      </trkpt>
      <trkpt lat="49.04762" lon="-121.45762">
        <ele>1941.14</ele>
        <time>2026-08-02T20:04:19Z</time>
      </trkpt>
      <trkpt lat="49.04759" lon="-121.45764">
        <ele>1939.54</ele>
        <time>2026-08-02T20:04:32Z</time>
      </trkpt>
      <trkpt lat="49.04758" lon="-121.45767">
        <ele>1938.59</ele>
        <time>2026-08-02T20:10:44Z</time>
      </trkpt>
      <trkpt lat="49.04754" lon="-121.45765">
        <ele>1937.4</ele>
        <time>2026-08-02T20:27:37Z</time>
      </trkpt>
      <trkpt lat="49.04751" lon="-121.45765">
        <ele>1936.23</ele>
        <time>2026-08-02T20:27:39Z</time>
      </trkpt>
      <trkpt lat="49.04747" lon="-121.45765">
        <ele>1933.99</ele>
        <time>2026-08-02T20:27:42Z</time>
      </trkpt>
      <trkpt lat="49.04743" lon="-121.45765">
        <ele>1931.52</ele>
        <time>2026-08-02T20:27:50Z</time>
      </trkpt>
      <trkpt lat="49.0474" lon="-121.45766">
        <ele>1929.64</ele>
        <time>2026-08-02T20:27:56Z</time>
      </trkpt>
      <trkpt lat="49.04738" lon="-121.45773">
        <ele>1928.4</ele>
        <time>2026-08-02T20:27:59Z</time>
      </trkpt>
      <trkpt lat="49.04737" lon="-121.45778">
        <ele>1927.84</ele>
        <time>2026-08-02T20:28:01Z</time>
      </trkpt>
      <trkpt lat="49.04735" lon="-121.45782">
        <ele>1925.66</ele>
        <time>2026-08-02T20:28:05Z</time>
      </trkpt>
      <trkpt lat="49.04732" lon="-121.45785">
        <ele>1923.54</ele>
        <time>2026-08-02T20:28:11Z</time>
      </trkpt>
      <trkpt lat="49.04729" lon="-121.45789">
        <ele>1921.36</ele>
        <time>2026-08-02T20:28:17Z</time>
      </trkpt>
      <trkpt lat="49.04727" lon="-121.45791">
        <ele>1920.2</ele>
        <time>2026-08-02T20:28:23Z</time>
      </trkpt>
      <trkpt lat="49.04724" lon="-121.45793">
        <ele>1918.81</ele>
        <time>2026-08-02T20:28:31Z</time>
      </trkpt>
      <trkpt lat="49.04721" lon="-121.45795">
        <ele>1917.3</ele>
        <time>2026-08-02T20:28:41Z</time>
      </trkpt>
      <trkpt lat="49.04719" lon="-121.45797">
        <ele>1916.07</ele>
        <time>2026-08-02T20:28:49Z</time>
      </trkpt>
      <trkpt lat="49.04716" lon="-121.458">
        <ele>1914.45</ele>
        <time>2026-08-02T20:29:02Z</time>
      </trkpt>
      <trkpt lat="49.0472" lon="-121.45801">
        <ele>1915.94</ele>
        <time>2026-08-02T20:29:19Z</time>
      </trkpt>
      <trkpt lat="49.04718" lon="-121.45802">
        <ele>1915.04</ele>
        <time>2026-08-02T20:29:31Z</time>
      </trkpt>
      <trkpt lat="49.04716" lon="-121.45804">
        <ele>1914.11</ele>
        <time>2026-08-02T20:29:42Z</time>
      </trkpt>
      <trkpt lat="49.04714" lon="-121.45808">
        <ele>1913.23</ele>
        <time>2026-08-02T20:29:55Z</time>
      </trkpt>
      <trkpt lat="49.04714" lon="-121.45812">
        <ele>1913.05</ele>
        <time>2026-08-02T20:30:08Z</time>
      </trkpt>
      <trkpt lat="49.04714" lon="-121.45816">
        <ele>1912.88</ele>
        <time>2026-08-02T20:30:18Z</time>
      </trkpt>
      <trkpt lat="49.04712" lon="-121.4582">
        <ele>1912.28</ele>
        <time>2026-08-02T20:30:28Z</time>
      </trkpt>
      <trkpt lat="49.0471" lon="-121.45823">
        <ele>1911.81</ele>
        <time>2026-08-02T20:30:41Z</time>
      </trkpt>
      <trkpt lat="49.04708" lon="-121.45826">
        <ele>1911.44</ele>
        <time>2026-08-02T20:30:54Z</time>
      </trkpt>
      <trkpt lat="49.04706" lon="-121.4583">
        <ele>1911.19</ele>
        <time>2026-08-02T20:31:05Z</time>
      </trkpt>
      <trkpt lat="49.04702" lon="-121.45832">
        <ele>1910.75</ele>
        <time>2026-08-02T20:31:11Z</time>
      </trkpt>
      <trkpt lat="49.04698" lon="-121.45833">
        <ele>1910.36</ele>
        <time>2026-08-02T20:31:14Z</time>
      </trkpt>
      <trkpt lat="49.04695" lon="-121.45835">
        <ele>1909.82</ele>
        <time>2026-08-02T20:31:20Z</time>
      </trkpt>
      <trkpt lat="49.04693" lon="-121.45838">
        <ele>1908.64</ele>
        <time>2026-08-02T20:31:33Z</time>
      </trkpt>
      <trkpt lat="49.0469" lon="-121.45842">
        <ele>1906.76</ele>
        <time>2026-08-02T20:31:42Z</time>
      </trkpt>
      <trkpt lat="49.04688" lon="-121.45845">
        <ele>1905.56</ele>
        <time>2026-08-02T20:31:51Z</time>
      </trkpt>
      <trkpt lat="49.04687" lon="-121.4585">
        <ele>1904.65</ele>
        <time>2026-08-02T20:31:56Z</time>
      </trkpt>
      <trkpt lat="49.04686" lon="-121.45857">
        <ele>1903.63</ele>
        <time>2026-08-02T20:31:59Z</time>
      </trkpt>
      <trkpt lat="49.04685" lon="-121.45861">
        <ele>1902.95</ele>
        <time>2026-08-02T20:32:03Z</time>
      </trkpt>
      <trkpt lat="49.04683" lon="-121.45864">
        <ele>1902.17</ele>
        <time>2026-08-02T20:32:10Z</time>
      </trkpt>
      <trkpt lat="49.0468" lon="-121.45866">
        <ele>1901.15</ele>
        <time>2026-08-02T20:32:17Z</time>
      </trkpt>
      <trkpt lat="49.04677" lon="-121.45867">
        <ele>1900.19</ele>
        <time>2026-08-02T20:32:25Z</time>
      </trkpt>
      <trkpt lat="49.04674" lon="-121.45868">
        <ele>1899.25</ele>
        <time>2026-08-02T20:32:33Z</time>
      </trkpt>
      <trkpt lat="49.04671" lon="-121.45868">
        <ele>1898.33</ele>
        <time>2026-08-02T20:32:41Z</time>
      </trkpt>
      <trkpt lat="49.04668" lon="-121.45869">
        <ele>1897.4</ele>
        <time>2026-08-02T20:32:51Z</time>
      </trkpt>
      <trkpt lat="49.04665" lon="-121.45871">
        <ele>1897.01</ele>
        <time>2026-08-02T20:33:00Z</time>
      </trkpt>
      <trkpt lat="49.04662" lon="-121.45873">
        <ele>1897.1</ele>
        <time>2026-08-02T20:33:10Z</time>
      </trkpt>
      <trkpt lat="49.04659" lon="-121.45873">
        <ele>1897.16</ele>
        <time>2026-08-02T20:33:17Z</time>
      </trkpt>
      <trkpt lat="49.04654" lon="-121.45873">
        <ele>1897.26</ele>
        <time>2026-08-02T20:33:20Z</time>
      </trkpt>
      <trkpt lat="49.0465" lon="-121.45873">
        <ele>1897.34</ele>
        <time>2026-08-02T20:33:22Z</time>
      </trkpt>
      <trkpt lat="49.04646" lon="-121.45873">
        <ele>1897.42</ele>
        <time>2026-08-02T20:33:24Z</time>
      </trkpt>
      <trkpt lat="49.04642" lon="-121.45873">
        <ele>1897.5</ele>
        <time>2026-08-02T20:33:27Z</time>
      </trkpt>
      <trkpt lat="49.04639" lon="-121.45874">
        <ele>1897.78</ele>
        <time>2026-08-02T20:33:30Z</time>
      </trkpt>
      <trkpt lat="49.04634" lon="-121.45874">
        <ele>1897.26</ele>
        <time>2026-08-02T20:33:34Z</time>
      </trkpt>
      <trkpt lat="49.04631" lon="-121.45875">
        <ele>1897.15</ele>
        <time>2026-08-02T20:33:38Z</time>
      </trkpt>
      <trkpt lat="49.04627" lon="-121.45877">
        <ele>1897.15</ele>
        <time>2026-08-02T20:33:42Z</time>
      </trkpt>
      <trkpt lat="49.04624" lon="-121.45878">
        <ele>1897.04</ele>
        <time>2026-08-02T20:33:46Z</time>
      </trkpt>
      <trkpt lat="49.04621" lon="-121.4588">
        <ele>1897.15</ele>
        <time>2026-08-02T20:33:50Z</time>
      </trkpt>
      <trkpt lat="49.04617" lon="-121.45882">
        <ele>1897.15</ele>
        <time>2026-08-02T20:33:54Z</time>
      </trkpt>
      <trkpt lat="49.04614" lon="-121.45885">
        <ele>1897.47</ele>
        <time>2026-08-02T20:33:58Z</time>
      </trkpt>
      <trkpt lat="49.04613" lon="-121.4589">
        <ele>1898.54</ele>
        <time>2026-08-02T20:34:00Z</time>
      </trkpt>
      <trkpt lat="49.04612" lon="-121.45897">
        <ele>1900.64</ele>
        <time>2026-08-02T20:34:02Z</time>
      </trkpt>
      <trkpt lat="49.0461" lon="-121.45902">
        <ele>1902.05</ele>
        <time>2026-08-02T20:34:04Z</time>
      </trkpt>
      <trkpt lat="49.04608" lon="-121.45907">
        <ele>1903.24</ele>
        <time>2026-08-02T20:34:07Z</time>
      </trkpt>
      <trkpt lat="49.04605" lon="-121.4591">
        <ele>1903.51</ele>
        <time>2026-08-02T20:34:11Z</time>
      </trkpt>
      <trkpt lat="49.04602" lon="-121.45912">
        <ele>1903.41</ele>
        <time>2026-08-02T20:34:16Z</time>
      </trkpt>
      <trkpt lat="49.04599" lon="-121.45914">
        <ele>1903.25</ele>
        <time>2026-08-02T20:34:21Z</time>
      </trkpt>
      <trkpt lat="49.04595" lon="-121.45915">
        <ele>1902.54</ele>
        <time>2026-08-02T20:34:27Z</time>
      </trkpt>
      <trkpt lat="49.04592" lon="-121.45917">
        <ele>1902.22</ele>
        <time>2026-08-02T20:34:32Z</time>
      </trkpt>
      <trkpt lat="49.04589" lon="-121.45917">
        <ele>1901.47</ele>
        <time>2026-08-02T20:34:38Z</time>
      </trkpt>
      <trkpt lat="49.04585" lon="-121.45918">
        <ele>1900.6</ele>
        <time>2026-08-02T20:34:44Z</time>
      </trkpt>
      <trkpt lat="49.04582" lon="-121.45919">
        <ele>1900.34</ele>
        <time>2026-08-02T20:34:50Z</time>
      </trkpt>
      <trkpt lat="49.04578" lon="-121.4592">
        <ele>1900.53</ele>
        <time>2026-08-02T20:34:56Z</time>
      </trkpt>
      <trkpt lat="49.04575" lon="-121.45923">
        <ele>1901.05</ele>
        <time>2026-08-02T20:35:01Z</time>
      </trkpt>
      <trkpt lat="49.04577" lon="-121.45927">
        <ele>1901.66</ele>
        <time>2026-08-02T20:35:06Z</time>
      </trkpt>
      <trkpt lat="49.04579" lon="-121.45931">
        <ele>1902.22</ele>
        <time>2026-08-02T20:35:11Z</time>
      </trkpt>
      <trkpt lat="49.04578" lon="-121.45935">
        <ele>1902.89</ele>
        <time>2026-08-02T20:35:17Z</time>
      </trkpt>
      <trkpt lat="49.04575" lon="-121.45939">
        <ele>1903.7</ele>
        <time>2026-08-02T20:35:22Z</time>
      </trkpt>
      <trkpt lat="49.04571" lon="-121.45942">
        <ele>1904.46</ele>
        <time>2026-08-02T20:35:26Z</time>
      </trkpt>
      <trkpt lat="49.04568" lon="-121.45945">
        <ele>1905.17</ele>
        <time>2026-08-02T20:35:30Z</time>
      </trkpt>
      <trkpt lat="49.04564" lon="-121.45948">
        <ele>1905.83</ele>
        <time>2026-08-02T20:35:34Z</time>
      </trkpt>
      <trkpt lat="49.04561" lon="-121.45951">
        <ele>1906.46</ele>
        <time>2026-08-02T20:35:39Z</time>
      </trkpt>
      <trkpt lat="49.04558" lon="-121.45954">
        <ele>1907.14</ele>
        <time>2026-08-02T20:35:46Z</time>
      </trkpt>
      <trkpt lat="49.04556" lon="-121.4595">
        <ele>1906.76</ele>
        <time>2026-08-02T20:35:59Z</time>
      </trkpt>
      <trkpt lat="49.0456" lon="-121.4595">
        <ele>1906.42</ele>
        <time>2026-08-02T20:37:00Z</time>
      </trkpt>
      <trkpt lat="49.04563" lon="-121.4595">
        <ele>1906.16</ele>
        <time>2026-08-02T20:37:13Z</time>
      </trkpt>
      <trkpt lat="49.0456" lon="-121.45951">
        <ele>1906.55</ele>
        <time>2026-08-02T20:37:22Z</time>
      </trkpt>
      <trkpt lat="49.04556" lon="-121.45952">
        <ele>1907.05</ele>
        <time>2026-08-02T20:37:25Z</time>
      </trkpt>
      <trkpt lat="49.04552" lon="-121.45952">
        <ele>1907.08</ele>
        <time>2026-08-02T20:37:27Z</time>
      </trkpt>
      <trkpt lat="49.04548" lon="-121.45953">
        <ele>1907.27</ele>
        <time>2026-08-02T20:37:29Z</time>
      </trkpt>
      <trkpt lat="49.04544" lon="-121.45954">
        <ele>1907.55</ele>
        <time>2026-08-02T20:37:32Z</time>
      </trkpt>
      <trkpt lat="49.04543" lon="-121.45961">
        <ele>1909.37</ele>
        <time>2026-08-02T20:37:37Z</time>
      </trkpt>
      <trkpt lat="49.04543" lon="-121.45968">
        <ele>1911.17</ele>
        <time>2026-08-02T20:37:39Z</time>
      </trkpt>
      <trkpt lat="49.04543" lon="-121.45974">
        <ele>1912.42</ele>
        <time>2026-08-02T20:37:41Z</time>
      </trkpt>
      <trkpt lat="49.04543" lon="-121.45979">
        <ele>1912.86</ele>
        <time>2026-08-02T20:37:44Z</time>
      </trkpt>
      <trkpt lat="49.04544" lon="-121.45984">
        <ele>1913.1</ele>
        <time>2026-08-02T20:37:48Z</time>
      </trkpt>
      <trkpt lat="49.04546" lon="-121.45988">
        <ele>1913.05</ele>
        <time>2026-08-02T20:37:52Z</time>
      </trkpt>
      <trkpt lat="49.04548" lon="-121.45992">
        <ele>1912.98</ele>
        <time>2026-08-02T20:37:57Z</time>
      </trkpt>
      <trkpt lat="49.04551" lon="-121.45995">
        <ele>1912.59</ele>
        <time>2026-08-02T20:38:03Z</time>
      </trkpt>
      <trkpt lat="49.04553" lon="-121.45998">
        <ele>1912.4</ele>
        <time>2026-08-02T20:38:09Z</time>
      </trkpt>
      <trkpt lat="49.04555" lon="-121.46001">
        <ele>1912.01</ele>
        <time>2026-08-02T20:38:15Z</time>
      </trkpt>
      <trkpt lat="49.04558" lon="-121.46004">
        <ele>1911.24</ele>
        <time>2026-08-02T20:38:23Z</time>
      </trkpt>
      <trkpt lat="49.0456" lon="-121.46007">
        <ele>1910.56</ele>
        <time>2026-08-02T20:38:41Z</time>
      </trkpt>
      <trkpt lat="49.04562" lon="-121.46009">
        <ele>1909.96</ele>
        <time>2026-08-02T20:38:52Z</time>
      </trkpt>
      <trkpt lat="49.04563" lon="-121.46014">
        <ele>1909.01</ele>
        <time>2026-08-02T20:39:01Z</time>
      </trkpt>
      <trkpt lat="49.04564" lon="-121.46019">
        <ele>1908.0</ele>
        <time>2026-08-02T20:39:14Z</time>
      </trkpt>
      <trkpt lat="49.04565" lon="-121.46022">
        <ele>1907.26</ele>
        <time>2026-08-02T20:39:27Z</time>
      </trkpt>
      <trkpt lat="49.04567" lon="-121.46026">
        <ele>1906.03</ele>
        <time>2026-08-02T20:39:39Z</time>
      </trkpt>
      <trkpt lat="49.04567" lon="-121.46029">
        <ele>1905.49</ele>
        <time>2026-08-02T20:39:49Z</time>
      </trkpt>
      <trkpt lat="49.04566" lon="-121.46033">
        <ele>1905.12</ele>
        <time>2026-08-02T20:39:59Z</time>
      </trkpt>
      <trkpt lat="49.04563" lon="-121.46034">
        <ele>1905.99</ele>
        <time>2026-08-02T20:40:02Z</time>
      </trkpt>
      <trkpt lat="49.0456" lon="-121.46038">
        <ele>1906.57</ele>
        <time>2026-08-02T20:40:09Z</time>
      </trkpt>
      <trkpt lat="49.0456" lon="-121.46042">
        <ele>1906.12</ele>
        <time>2026-08-02T20:40:20Z</time>
      </trkpt>
      <trkpt lat="49.04559" lon="-121.46047">
        <ele>1906.02</ele>
        <time>2026-08-02T20:40:33Z</time>
      </trkpt>
      <trkpt lat="49.04558" lon="-121.46051">
        <ele>1906.11</ele>
        <time>2026-08-02T20:40:45Z</time>
      </trkpt>
      <trkpt lat="49.0456" lon="-121.46055">
        <ele>1904.66</ele>
        <time>2026-08-02T20:40:57Z</time>
      </trkpt>
      <trkpt lat="49.04562" lon="-121.46059">
        <ele>1902.7</ele>
        <time>2026-08-02T20:41:12Z</time>
      </trkpt>
      <trkpt lat="49.04563" lon="-121.46056">
        <ele>1902.87</ele>
        <time>2026-08-02T20:41:22Z</time>
      </trkpt>
      <trkpt lat="49.04564" lon="-121.4605">
        <ele>1903.27</ele>
        <time>2026-08-02T20:41:26Z</time>
      </trkpt>
      <trkpt lat="49.04566" lon="-121.46053">
        <ele>1901.79</ele>
        <time>2026-08-02T20:41:48Z</time>
      </trkpt>
      <trkpt lat="49.04567" lon="-121.46054">
        <ele>1901.09</ele>
        <time>2026-08-02T20:41:56Z</time>
      </trkpt>
      <trkpt lat="49.04569" lon="-121.46056">
        <ele>1899.61</ele>
        <time>2026-08-02T20:42:05Z</time>
      </trkpt>
      <trkpt lat="49.04573" lon="-121.46056">
        <ele>1897.43</ele>
        <time>2026-08-02T20:42:08Z</time>
      </trkpt>
      <trkpt lat="49.04576" lon="-121.46057">
        <ele>1895.43</ele>
        <time>2026-08-02T20:42:11Z</time>
      </trkpt>
      <trkpt lat="49.04579" lon="-121.46058">
        <ele>1893.38</ele>
        <time>2026-08-02T20:42:19Z</time>
      </trkpt>
      <trkpt lat="49.04582" lon="-121.46059">
        <ele>1891.27</ele>
        <time>2026-08-02T20:42:28Z</time>
      </trkpt>
      <trkpt lat="49.04584" lon="-121.4606">
        <ele>1889.63</ele>
        <time>2026-08-02T20:42:37Z</time>
      </trkpt>
      <trkpt lat="49.04587" lon="-121.46062">
        <ele>1886.82</ele>
        <time>2026-08-02T20:42:48Z</time>
      </trkpt>
      <trkpt lat="49.0459" lon="-121.46064">
        <ele>1884.14</ele>
        <time>2026-08-02T20:43:00Z</time>
      </trkpt>
      <trkpt lat="49.04593" lon="-121.46065">
        <ele>1881.91</ele>
        <time>2026-08-02T20:43:16Z</time>
      </trkpt>
      <trkpt lat="49.04596" lon="-121.46067">
        <ele>1879.44</ele>
        <time>2026-08-02T20:43:27Z</time>
      </trkpt>
      <trkpt lat="49.04599" lon="-121.46068">
        <ele>1877.37</ele>
        <time>2026-08-02T20:43:37Z</time>
      </trkpt>
      <trkpt lat="49.04602" lon="-121.4607">
        <ele>1875.12</ele>
        <time>2026-08-02T20:43:52Z</time>
      </trkpt>
      <trkpt lat="49.04605" lon="-121.46072">
        <ele>1872.99</ele>
        <time>2026-08-02T20:44:23Z</time>
      </trkpt>
      <trkpt lat="49.04607" lon="-121.46074">
        <ele>1871.52</ele>
        <time>2026-08-02T20:44:45Z</time>
      </trkpt>
      <trkpt lat="49.04609" lon="-121.46076">
        <ele>1870.13</ele>
        <time>2026-08-02T20:45:00Z</time>
      </trkpt>
      <trkpt lat="49.04611" lon="-121.46079">
        <ele>1868.68</ele>
        <time>2026-08-02T20:45:14Z</time>
      </trkpt>
      <trkpt lat="49.04614" lon="-121.46081">
        <ele>1866.32</ele>
        <time>2026-08-02T20:45:26Z</time>
      </trkpt>
      <trkpt lat="49.04616" lon="-121.46083">
        <ele>1864.54</ele>
        <time>2026-08-02T20:45:34Z</time>
      </trkpt>
      <trkpt lat="49.04618" lon="-121.46085">
        <ele>1862.83</ele>
        <time>2026-08-02T20:45:44Z</time>
      </trkpt>
      <trkpt lat="49.04622" lon="-121.46086">
        <ele>1859.85</ele>
        <time>2026-08-02T20:45:51Z</time>
      </trkpt>
      <trkpt lat="49.04626" lon="-121.46086">
        <ele>1857.0</ele>
        <time>2026-08-02T20:45:54Z</time>
      </trkpt>
      <trkpt lat="49.04629" lon="-121.46087">
        <ele>1854.76</ele>
        <time>2026-08-02T20:45:59Z</time>
      </trkpt>
      <trkpt lat="49.04632" lon="-121.46089">
        <ele>1852.45</ele>
        <time>2026-08-02T20:46:13Z</time>
      </trkpt>
      <trkpt lat="49.04635" lon="-121.46089">
        <ele>1850.33</ele>
        <time>2026-08-02T20:46:22Z</time>
      </trkpt>
      <trkpt lat="49.04638" lon="-121.46091">
        <ele>1848.07</ele>
        <time>2026-08-02T20:46:32Z</time>
      </trkpt>
      <trkpt lat="49.04641" lon="-121.46092">
        <ele>1847.07</ele>
        <time>2026-08-02T20:46:40Z</time>
      </trkpt>
      <trkpt lat="49.04644" lon="-121.46093">
        <ele>1846.57</ele>
        <time>2026-08-02T20:46:47Z</time>
      </trkpt>
      <trkpt lat="49.04647" lon="-121.46094">
        <ele>1846.06</ele>
        <time>2026-08-02T20:46:54Z</time>
      </trkpt>
      <trkpt lat="49.0465" lon="-121.46095">
        <ele>1845.56</ele>
        <time>2026-08-02T20:47:02Z</time>
      </trkpt>
      <trkpt lat="49.04653" lon="-121.46097">
        <ele>1844.98</ele>
        <time>2026-08-02T20:47:13Z</time>
      </trkpt>
      <trkpt lat="49.04655" lon="-121.46099">
        <ele>1844.55</ele>
        <time>2026-08-02T20:47:27Z</time>
      </trkpt>
      <trkpt lat="49.04658" lon="-121.46101">
        <ele>1843.98</ele>
        <time>2026-08-02T20:47:35Z</time>
      </trkpt>
      <trkpt lat="49.0466" lon="-121.46102">
        <ele>1843.62</ele>
        <time>2026-08-02T20:47:44Z</time>
      </trkpt>
      <trkpt lat="49.04663" lon="-121.46106">
        <ele>1842.9</ele>
        <time>2026-08-02T20:47:52Z</time>
      </trkpt>
      <trkpt lat="49.04664" lon="-121.46111">
        <ele>1842.39</ele>
        <time>2026-08-02T20:47:55Z</time>
      </trkpt>
      <trkpt lat="49.04665" lon="-121.46116">
        <ele>1840.88</ele>
        <time>2026-08-02T20:47:59Z</time>
      </trkpt>
      <trkpt lat="49.04668" lon="-121.46118">
        <ele>1839.2</ele>
        <time>2026-08-02T20:48:06Z</time>
      </trkpt>
      <trkpt lat="49.04669" lon="-121.46122">
        <ele>1837.44</ele>
        <time>2026-08-02T20:48:13Z</time>
      </trkpt>
      <trkpt lat="49.04672" lon="-121.46125">
        <ele>1834.74</ele>
        <time>2026-08-02T20:48:20Z</time>
      </trkpt>
      <trkpt lat="49.04675" lon="-121.46125">
        <ele>1832.9</ele>
        <time>2026-08-02T20:48:30Z</time>
      </trkpt>
      <trkpt lat="49.04677" lon="-121.46126">
        <ele>1831.39</ele>
        <time>2026-08-02T20:48:39Z</time>
      </trkpt>
      <trkpt lat="49.0468" lon="-121.46129">
        <ele>1828.69</ele>
        <time>2026-08-02T20:48:49Z</time>
      </trkpt>
      <trkpt lat="49.04682" lon="-121.46133">
        <ele>1826.31</ele>
        <time>2026-08-02T20:48:59Z</time>
      </trkpt>
      <trkpt lat="49.04685" lon="-121.46135">
        <ele>1823.9</ele>
        <time>2026-08-02T20:49:09Z</time>
      </trkpt>
      <trkpt lat="49.04687" lon="-121.46138">
        <ele>1821.81</ele>
        <time>2026-08-02T20:49:20Z</time>
      </trkpt>
      <trkpt lat="49.0469" lon="-121.4614">
        <ele>1819.37</ele>
        <time>2026-08-02T20:49:30Z</time>
      </trkpt>
      <trkpt lat="49.04692" lon="-121.46141">
        <ele>1817.83</ele>
        <time>2026-08-02T20:49:40Z</time>
      </trkpt>
      <trkpt lat="49.04695" lon="-121.46141">
        <ele>1815.98</ele>
        <time>2026-08-02T20:49:49Z</time>
      </trkpt>
      <trkpt lat="49.04698" lon="-121.46142">
        <ele>1813.86</ele>
        <time>2026-08-02T20:50:02Z</time>
      </trkpt>
      <trkpt lat="49.047" lon="-121.46143">
        <ele>1812.36</ele>
        <time>2026-08-02T20:50:10Z</time>
      </trkpt>
      <trkpt lat="49.04703" lon="-121.46143">
        <ele>1810.57</ele>
        <time>2026-08-02T20:50:21Z</time>
      </trkpt>
      <trkpt lat="49.04706" lon="-121.46144">
        <ele>1808.5</ele>
        <time>2026-08-02T20:50:35Z</time>
      </trkpt>
      <trkpt lat="49.04708" lon="-121.46144">
        <ele>1807.32</ele>
        <time>2026-08-02T20:50:46Z</time>
      </trkpt>
      <trkpt lat="49.0471" lon="-121.46145">
        <ele>1805.87</ele>
        <time>2026-08-02T20:50:58Z</time>
      </trkpt>
      <trkpt lat="49.04713" lon="-121.46146">
        <ele>1803.85</ele>
        <time>2026-08-02T20:51:10Z</time>
      </trkpt>
      <trkpt lat="49.04715" lon="-121.46151">
        <ele>1801.46</ele>
        <time>2026-08-02T20:51:19Z</time>
      </trkpt>
      <trkpt lat="49.04716" lon="-121.46157">
        <ele>1799.46</ele>
        <time>2026-08-02T20:51:22Z</time>
      </trkpt>
      <trkpt lat="49.04717" lon="-121.46161">
        <ele>1797.97</ele>
        <time>2026-08-02T20:51:28Z</time>
      </trkpt>
      <trkpt lat="49.04719" lon="-121.46165">
        <ele>1796.0</ele>
        <time>2026-08-02T20:51:35Z</time>
      </trkpt>
      <trkpt lat="49.04721" lon="-121.46169">
        <ele>1794.11</ele>
        <time>2026-08-02T20:51:43Z</time>
      </trkpt>
      <trkpt lat="49.04723" lon="-121.46172">
        <ele>1792.36</ele>
        <time>2026-08-02T20:51:52Z</time>
      </trkpt>
      <trkpt lat="49.04726" lon="-121.46173">
        <ele>1790.28</ele>
        <time>2026-08-02T20:52:02Z</time>
      </trkpt>
      <trkpt lat="49.04728" lon="-121.46173">
        <ele>1789.03</ele>
        <time>2026-08-02T20:52:08Z</time>
      </trkpt>
      <trkpt lat="49.0473" lon="-121.46173">
        <ele>1787.78</ele>
        <time>2026-08-02T20:52:17Z</time>
      </trkpt>
      <trkpt lat="49.04733" lon="-121.46173">
        <ele>1785.91</ele>
        <time>2026-08-02T20:52:27Z</time>
      </trkpt>
      <trkpt lat="49.04736" lon="-121.46173">
        <ele>1784.04</ele>
        <time>2026-08-02T20:52:40Z</time>
      </trkpt>
      <trkpt lat="49.04739" lon="-121.46172">
        <ele>1782.32</ele>
        <time>2026-08-02T20:52:55Z</time>
      </trkpt>
      <trkpt lat="49.04741" lon="-121.46172">
        <ele>1781.07</ele>
        <time>2026-08-02T20:53:04Z</time>
      </trkpt>
      <trkpt lat="49.04743" lon="-121.46172">
        <ele>1779.81</ele>
        <time>2026-08-02T20:53:15Z</time>
      </trkpt>
      <trkpt lat="49.04746" lon="-121.46173">
        <ele>1777.81</ele>
        <time>2026-08-02T20:53:29Z</time>
      </trkpt>
      <trkpt lat="49.04749" lon="-121.46177">
        <ele>1775.49</ele>
        <time>2026-08-02T20:53:38Z</time>
      </trkpt>
      <trkpt lat="49.04749" lon="-121.46182">
        <ele>1774.93</ele>
        <time>2026-08-02T20:53:41Z</time>
      </trkpt>
      <trkpt lat="49.04751" lon="-121.46187">
        <ele>1773.35</ele>
        <time>2026-08-02T20:53:47Z</time>
      </trkpt>
      <trkpt lat="49.04753" lon="-121.46191">
        <ele>1771.82</ele>
        <time>2026-08-02T20:53:56Z</time>
      </trkpt>
      <trkpt lat="49.04756" lon="-121.46194">
        <ele>1769.64</ele>
        <time>2026-08-02T20:54:07Z</time>
      </trkpt>
      <trkpt lat="49.04759" lon="-121.46193">
        <ele>1768.19</ele>
        <time>2026-08-02T20:54:21Z</time>
      </trkpt>
      <trkpt lat="49.04761" lon="-121.46193">
        <ele>1767.09</ele>
        <time>2026-08-02T20:54:33Z</time>
      </trkpt>
      <trkpt lat="49.04758" lon="-121.46192">
        <ele>1768.99</ele>
        <time>2026-08-02T20:54:42Z</time>
      </trkpt>
      <trkpt lat="49.0476" lon="-121.46192">
        <ele>1767.92</ele>
        <time>2026-08-02T20:55:15Z</time>
      </trkpt>
      <trkpt lat="49.04763" lon="-121.46193">
        <ele>1765.98</ele>
        <time>2026-08-02T20:55:36Z</time>
      </trkpt>
      <trkpt lat="49.04766" lon="-121.46192">
        <ele>1764.71</ele>
        <time>2026-08-02T20:55:52Z</time>
      </trkpt>
      <trkpt lat="49.04769" lon="-121.46194">
        <ele>1762.25</ele>
        <time>2026-08-02T20:56:08Z</time>
      </trkpt>
      <trkpt lat="49.04771" lon="-121.46195">
        <ele>1760.84</ele>
        <time>2026-08-02T20:56:18Z</time>
      </trkpt>
      <trkpt lat="49.04774" lon="-121.46197">
        <ele>1758.85</ele>
        <time>2026-08-02T20:56:34Z</time>
      </trkpt>
      <trkpt lat="49.04776" lon="-121.46198">
        <ele>1757.54</ele>
        <time>2026-08-02T20:56:44Z</time>
      </trkpt>
      <trkpt lat="49.04778" lon="-121.462">
        <ele>1756.16</ele>
        <time>2026-08-02T20:57:01Z</time>
      </trkpt>
      <trkpt lat="49.04781" lon="-121.46203">
        <ele>1755.08</ele>
        <time>2026-08-02T20:57:16Z</time>
      </trkpt>
      <trkpt lat="49.04784" lon="-121.46205">
        <ele>1754.1</ele>
        <time>2026-08-02T20:57:30Z</time>
      </trkpt>
      <trkpt lat="49.04786" lon="-121.46207">
        <ele>1753.31</ele>
        <time>2026-08-02T20:57:42Z</time>
      </trkpt>
      <trkpt lat="49.04789" lon="-121.46208">
        <ele>1752.44</ele>
        <time>2026-08-02T20:57:53Z</time>
      </trkpt>
      <trkpt lat="49.04792" lon="-121.46211">
        <ele>1751.14</ele>
        <time>2026-08-02T20:58:06Z</time>
      </trkpt>
      <trkpt lat="49.04794" lon="-121.46213">
        <ele>1750.24</ele>
        <time>2026-08-02T20:58:19Z</time>
      </trkpt>
      <trkpt lat="49.04796" lon="-121.46219">
        <ele>1748.44</ele>
        <time>2026-08-02T20:58:27Z</time>
      </trkpt>
      <trkpt lat="49.04797" lon="-121.46225">
        <ele>1747.52</ele>
        <time>2026-08-02T20:58:29Z</time>
      </trkpt>
      <trkpt lat="49.04797" lon="-121.4623">
        <ele>1747.62</ele>
        <time>2026-08-02T20:58:32Z</time>
      </trkpt>
      <trkpt lat="49.048" lon="-121.46234">
        <ele>1746.6</ele>
        <time>2026-08-02T20:58:42Z</time>
      </trkpt>
      <trkpt lat="49.04802" lon="-121.46237">
        <ele>1745.83</ele>
        <time>2026-08-02T20:58:52Z</time>
      </trkpt>
      <trkpt lat="49.04804" lon="-121.4624">
        <ele>1744.99</ele>
        <time>2026-08-02T20:59:02Z</time>
      </trkpt>
      <trkpt lat="49.04806" lon="-121.46242">
        <ele>1744.21</ele>
        <time>2026-08-02T20:59:09Z</time>
      </trkpt>
      <trkpt lat="49.04809" lon="-121.46246">
        <ele>1743.4</ele>
        <time>2026-08-02T20:59:19Z</time>
      </trkpt>
      <trkpt lat="49.04811" lon="-121.46249">
        <ele>1742.71</ele>
        <time>2026-08-02T20:59:27Z</time>
      </trkpt>
      <trkpt lat="49.04815" lon="-121.46251">
        <ele>1741.52</ele>
        <time>2026-08-02T20:59:32Z</time>
      </trkpt>
      <trkpt lat="49.04819" lon="-121.46252">
        <ele>1740.37</ele>
        <time>2026-08-02T20:59:34Z</time>
      </trkpt>
      <trkpt lat="49.04822" lon="-121.46254">
        <ele>1739.29</ele>
        <time>2026-08-02T20:59:37Z</time>
      </trkpt>
      <trkpt lat="49.04825" lon="-121.46258">
        <ele>1737.8</ele>
        <time>2026-08-02T20:59:44Z</time>
      </trkpt>
      <trkpt lat="49.04828" lon="-121.46261">
        <ele>1736.35</ele>
        <time>2026-08-02T20:59:50Z</time>
      </trkpt>
      <trkpt lat="49.04829" lon="-121.46266">
        <ele>1735.09</ele>
        <time>2026-08-02T21:00:01Z</time>
      </trkpt>
      <trkpt lat="49.04829" lon="-121.4627">
        <ele>1734.33</ele>
        <time>2026-08-02T21:00:26Z</time>
      </trkpt>
      <trkpt lat="49.04831" lon="-121.46272">
        <ele>1733.17</ele>
        <time>2026-08-02T21:00:39Z</time>
      </trkpt>
      <trkpt lat="49.04831" lon="-121.46266">
        <ele>1734.37</ele>
        <time>2026-08-02T21:00:47Z</time>
      </trkpt>
      <trkpt lat="49.04834" lon="-121.46265">
        <ele>1733.66</ele>
        <time>2026-08-02T21:01:13Z</time>
      </trkpt>
      <trkpt lat="49.04837" lon="-121.46266">
        <ele>1732.98</ele>
        <time>2026-08-02T21:01:25Z</time>
      </trkpt>
      <trkpt lat="49.0484" lon="-121.46267">
        <ele>1732.26</ele>
        <time>2026-08-02T21:01:33Z</time>
      </trkpt>
      <trkpt lat="49.04844" lon="-121.46267">
        <ele>1731.62</ele>
        <time>2026-08-02T21:01:37Z</time>
      </trkpt>
      <trkpt lat="49.04847" lon="-121.46268">
        <ele>1730.85</ele>
        <time>2026-08-02T21:01:40Z</time>
      </trkpt>
      <trkpt lat="49.04851" lon="-121.46268">
        <ele>1730.19</ele>
        <time>2026-08-02T21:01:44Z</time>
      </trkpt>
      <trkpt lat="49.04854" lon="-121.46269">
        <ele>1729.37</ele>
        <time>2026-08-02T21:01:49Z</time>
      </trkpt>
      <trkpt lat="49.04858" lon="-121.46271">
        <ele>1728.0</ele>
        <time>2026-08-02T21:01:56Z</time>
      </trkpt>
      <trkpt lat="49.0486" lon="-121.46274">
        <ele>1726.58</ele>
        <time>2026-08-02T21:02:02Z</time>
      </trkpt>
      <trkpt lat="49.04863" lon="-121.46277">
        <ele>1725.22</ele>
        <time>2026-08-02T21:02:11Z</time>
      </trkpt>
      <trkpt lat="49.04865" lon="-121.46279">
        <ele>1724.28</ele>
        <time>2026-08-02T21:02:19Z</time>
      </trkpt>
      <trkpt lat="49.04868" lon="-121.46281">
        <ele>1723.22</ele>
        <time>2026-08-02T21:02:27Z</time>
      </trkpt>
      <trkpt lat="49.04871" lon="-121.46283">
        <ele>1722.13</ele>
        <time>2026-08-02T21:02:39Z</time>
      </trkpt>
      <trkpt lat="49.04874" lon="-121.46285">
        <ele>1721.04</ele>
        <time>2026-08-02T21:02:55Z</time>
      </trkpt>
      <trkpt lat="49.04877" lon="-121.46287">
        <ele>1719.92</ele>
        <time>2026-08-02T21:03:05Z</time>
      </trkpt>
      <trkpt lat="49.0488" lon="-121.46288">
        <ele>1719.29</ele>
        <time>2026-08-02T21:03:12Z</time>
      </trkpt>
      <trkpt lat="49.04883" lon="-121.4629">
        <ele>1718.15</ele>
        <time>2026-08-02T21:03:18Z</time>
      </trkpt>
      <trkpt lat="49.04886" lon="-121.46291">
        <ele>1717.49</ele>
        <time>2026-08-02T21:03:25Z</time>
      </trkpt>
      <trkpt lat="49.04889" lon="-121.46293">
        <ele>1716.35</ele>
        <time>2026-08-02T21:03:31Z</time>
      </trkpt>
      <trkpt lat="49.04894" lon="-121.46294">
        <ele>1716.85</ele>
        <time>2026-08-02T21:03:34Z</time>
      </trkpt>
      <trkpt lat="49.04898" lon="-121.46294">
        <ele>1717.66</ele>
        <time>2026-08-02T21:03:36Z</time>
      </trkpt>
      <trkpt lat="49.04901" lon="-121.46295">
        <ele>1717.77</ele>
        <time>2026-08-02T21:03:40Z</time>
      </trkpt>
      <trkpt lat="49.04903" lon="-121.46299">
        <ele>1716.23</ele>
        <time>2026-08-02T21:03:55Z</time>
      </trkpt>
      <trkpt lat="49.04906" lon="-121.46301">
        <ele>1715.89</ele>
        <time>2026-08-02T21:04:06Z</time>
      </trkpt>
      <trkpt lat="49.04908" lon="-121.46302">
        <ele>1715.83</ele>
        <time>2026-08-02T21:04:11Z</time>
      </trkpt>
      <trkpt lat="49.04912" lon="-121.46304">
        <ele>1715.73</ele>
        <time>2026-08-02T21:04:20Z</time>
      </trkpt>
      <trkpt lat="49.04915" lon="-121.46305">
        <ele>1715.9</ele>
        <time>2026-08-02T21:04:27Z</time>
      </trkpt>
      <trkpt lat="49.04918" lon="-121.46305">
        <ele>1716.55</ele>
        <time>2026-08-02T21:04:34Z</time>
      </trkpt>
      <trkpt lat="49.04921" lon="-121.46307">
        <ele>1716.34</ele>
        <time>2026-08-02T21:04:42Z</time>
      </trkpt>
      <trkpt lat="49.04924" lon="-121.46309">
        <ele>1716.19</ele>
        <time>2026-08-02T21:04:50Z</time>
      </trkpt>
      <trkpt lat="49.04927" lon="-121.4631">
        <ele>1716.49</ele>
        <time>2026-08-02T21:04:58Z</time>
      </trkpt>
      <trkpt lat="49.0493" lon="-121.46311">
        <ele>1716.81</ele>
        <time>2026-08-02T21:05:05Z</time>
      </trkpt>
      <trkpt lat="49.04934" lon="-121.46312">
        <ele>1717.39</ele>
        <time>2026-08-02T21:05:13Z</time>
      </trkpt>
      <trkpt lat="49.04937" lon="-121.46312">
        <ele>1718.12</ele>
        <time>2026-08-02T21:05:22Z</time>
      </trkpt>
      <trkpt lat="49.0494" lon="-121.46313">
        <ele>1718.5</ele>
        <time>2026-08-02T21:05:32Z</time>
      </trkpt>
      <trkpt lat="49.04938" lon="-121.46316">
        <ele>1716.96</ele>
        <time>2026-08-02T21:05:51Z</time>
      </trkpt>
      <trkpt lat="49.0494" lon="-121.46318">
        <ele>1716.79</ele>
        <time>2026-08-02T21:06:05Z</time>
      </trkpt>
      <trkpt lat="49.04941" lon="-121.46321">
        <ele>1716.05</ele>
        <time>2026-08-02T21:06:33Z</time>
      </trkpt>
      <trkpt lat="49.0494" lon="-121.46316">
        <ele>1717.48</ele>
        <time>2026-08-02T21:07:05Z</time>
      </trkpt>
      <trkpt lat="49.04944" lon="-121.46316">
        <ele>1718.5</ele>
        <time>2026-08-02T21:07:58Z</time>
      </trkpt>
      <trkpt lat="49.04948" lon="-121.46317">
        <ele>1719.52</ele>
        <time>2026-08-02T21:08:00Z</time>
      </trkpt>
      <trkpt lat="49.04951" lon="-121.46318">
        <ele>1720.22</ele>
        <time>2026-08-02T21:08:02Z</time>
      </trkpt>
      <trkpt lat="49.04955" lon="-121.46319">
        <ele>1721.26</ele>
        <time>2026-08-02T21:08:06Z</time>
      </trkpt>
      <trkpt lat="49.04956" lon="-121.46323">
        <ele>1720.25</ele>
        <time>2026-08-02T21:08:10Z</time>
      </trkpt>
      <trkpt lat="49.04957" lon="-121.46329">
        <ele>1718.54</ele>
        <time>2026-08-02T21:08:13Z</time>
      </trkpt>
      <trkpt lat="49.04959" lon="-121.46335">
        <ele>1717.24</ele>
        <time>2026-08-02T21:08:17Z</time>
      </trkpt>
      <trkpt lat="49.04962" lon="-121.46335">
        <ele>1718.22</ele>
        <time>2026-08-02T21:08:24Z</time>
      </trkpt>
      <trkpt lat="49.04965" lon="-121.46335">
        <ele>1719.21</ele>
        <time>2026-08-02T21:08:32Z</time>
      </trkpt>
      <trkpt lat="49.04968" lon="-121.46337">
        <ele>1719.67</ele>
        <time>2026-08-02T21:09:34Z</time>
      </trkpt>
      <trkpt lat="49.04971" lon="-121.4634">
        <ele>1719.9</ele>
        <time>2026-08-02T21:09:49Z</time>
      </trkpt>
      <trkpt lat="49.04974" lon="-121.46341">
        <ele>1720.84</ele>
        <time>2026-08-02T21:10:13Z</time>
      </trkpt>
      <trkpt lat="49.04976" lon="-121.46343">
        <ele>1721.2</ele>
        <time>2026-08-02T21:10:25Z</time>
      </trkpt>
      <trkpt lat="49.04979" lon="-121.46346">
        <ele>1721.74</ele>
        <time>2026-08-02T21:10:38Z</time>
      </trkpt>
      <trkpt lat="49.04981" lon="-121.46349">
        <ele>1721.84</ele>
        <time>2026-08-02T21:10:52Z</time>
      </trkpt>
      <trkpt lat="49.04984" lon="-121.46352">
        <ele>1722.38</ele>
        <time>2026-08-02T21:11:05Z</time>
      </trkpt>
      <trkpt lat="49.04985" lon="-121.46357">
        <ele>1721.56</ele>
        <time>2026-08-02T21:11:12Z</time>
      </trkpt>
      <trkpt lat="49.04985" lon="-121.46362">
        <ele>1720.28</ele>
        <time>2026-08-02T21:11:14Z</time>
      </trkpt>
      <trkpt lat="49.04986" lon="-121.46368">
        <ele>1719.09</ele>
        <time>2026-08-02T21:11:18Z</time>
      </trkpt>
      <trkpt lat="49.04988" lon="-121.46372">
        <ele>1718.85</ele>
        <time>2026-08-02T21:11:23Z</time>
      </trkpt>
      <trkpt lat="49.04989" lon="-121.46377">
        <ele>1717.9</ele>
        <time>2026-08-02T21:11:29Z</time>
      </trkpt>
      <trkpt lat="49.04992" lon="-121.46377">
        <ele>1719.13</ele>
        <time>2026-08-02T21:11:45Z</time>
      </trkpt>
      <trkpt lat="49.04995" lon="-121.46376">
        <ele>1720.65</ele>
        <time>2026-08-02T21:12:06Z</time>
      </trkpt>
      <trkpt lat="49.04998" lon="-121.46378">
        <ele>1721.32</ele>
        <time>2026-08-02T21:12:29Z</time>
      </trkpt>
      <trkpt lat="49.05001" lon="-121.46382">
        <ele>1721.35</ele>
        <time>2026-08-02T21:12:40Z</time>
      </trkpt>
      <trkpt lat="49.05002" lon="-121.46385">
        <ele>1720.82</ele>
        <time>2026-08-02T21:12:47Z</time>
      </trkpt>
      <trkpt lat="49.05005" lon="-121.46387">
        <ele>1721.23</ele>
        <time>2026-08-02T21:12:52Z</time>
      </trkpt>
      <trkpt lat="49.05009" lon="-121.46389">
        <ele>1721.87</ele>
        <time>2026-08-02T21:12:55Z</time>
      </trkpt>
      <trkpt lat="49.05013" lon="-121.46391">
        <ele>1722.35</ele>
        <time>2026-08-02T21:13:00Z</time>
      </trkpt>
      <trkpt lat="49.05016" lon="-121.46393">
        <ele>1722.45</ele>
        <time>2026-08-02T21:13:05Z</time>
      </trkpt>
      <trkpt lat="49.05019" lon="-121.46395">
        <ele>1722.5</ele>
        <time>2026-08-02T21:13:11Z</time>
      </trkpt>
      <trkpt lat="49.05021" lon="-121.46399">
        <ele>1721.34</ele>
        <time>2026-08-02T21:13:18Z</time>
      </trkpt>
      <trkpt lat="49.05023" lon="-121.46402">
        <ele>1720.56</ele>
        <time>2026-08-02T21:13:25Z</time>
      </trkpt>
      <trkpt lat="49.05026" lon="-121.46405">
        <ele>1720.0</ele>
        <time>2026-08-02T21:13:32Z</time>
      </trkpt>
      <trkpt lat="49.05028" lon="-121.46409">
        <ele>1718.6</ele>
        <time>2026-08-02T21:13:41Z</time>
      </trkpt>
      <trkpt lat="49.0503" lon="-121.46412">
        <ele>1717.26</ele>
        <time>2026-08-02T21:13:47Z</time>
      </trkpt>
      <trkpt lat="49.05032" lon="-121.46416">
        <ele>1715.46</ele>
        <time>2026-08-02T21:13:54Z</time>
      </trkpt>
      <trkpt lat="49.05034" lon="-121.4642">
        <ele>1713.8</ele>
        <time>2026-08-02T21:14:02Z</time>
      </trkpt>
      <trkpt lat="49.05036" lon="-121.46424">
        <ele>1712.25</ele>
        <time>2026-08-02T21:14:10Z</time>
      </trkpt>
      <trkpt lat="49.05037" lon="-121.46428">
        <ele>1710.71</ele>
        <time>2026-08-02T21:14:19Z</time>
      </trkpt>
      <trkpt lat="49.05039" lon="-121.46432">
        <ele>1709.34</ele>
        <time>2026-08-02T21:14:27Z</time>
      </trkpt>
      <trkpt lat="49.0504" lon="-121.46436">
        <ele>1707.92</ele>
        <time>2026-08-02T21:14:36Z</time>
      </trkpt>
      <trkpt lat="49.05037" lon="-121.46438">
        <ele>1706.62</ele>
        <time>2026-08-02T21:14:40Z</time>
      </trkpt>
      <trkpt lat="49.05034" lon="-121.46441">
        <ele>1704.82</ele>
        <time>2026-08-02T21:14:44Z</time>
      </trkpt>
      <trkpt lat="49.05037" lon="-121.46444">
        <ele>1704.17</ele>
        <time>2026-08-02T21:14:51Z</time>
      </trkpt>
      <trkpt lat="49.05039" lon="-121.46447">
        <ele>1703.08</ele>
        <time>2026-08-02T21:14:57Z</time>
      </trkpt>
      <trkpt lat="49.05042" lon="-121.4645">
        <ele>1702.17</ele>
        <time>2026-08-02T21:15:03Z</time>
      </trkpt>
      <trkpt lat="49.05044" lon="-121.46453">
        <ele>1701.06</ele>
        <time>2026-08-02T21:15:10Z</time>
      </trkpt>
      <trkpt lat="49.05046" lon="-121.46457">
        <ele>1699.45</ele>
        <time>2026-08-02T21:15:17Z</time>
      </trkpt>
      <trkpt lat="49.05048" lon="-121.4646">
        <ele>1698.38</ele>
        <time>2026-08-02T21:15:25Z</time>
      </trkpt>
      <trkpt lat="49.0505" lon="-121.46464">
        <ele>1696.8</ele>
        <time>2026-08-02T21:15:34Z</time>
      </trkpt>
      <trkpt lat="49.05051" lon="-121.46469">
        <ele>1694.5</ele>
        <time>2026-08-02T21:15:43Z</time>
      </trkpt>
      <trkpt lat="49.05052" lon="-121.46471">
        <ele>1693.73</ele>
        <time>2026-08-02T21:15:48Z</time>
      </trkpt>
      <trkpt lat="49.05053" lon="-121.46475">
        <ele>1691.49</ele>
        <time>2026-08-02T21:15:57Z</time>
      </trkpt>
      <trkpt lat="49.05054" lon="-121.46478">
        <ele>1689.7</ele>
        <time>2026-08-02T21:16:05Z</time>
      </trkpt>
      <trkpt lat="49.05055" lon="-121.46475">
        <ele>1691.97</ele>
        <time>2026-08-02T21:16:12Z</time>
      </trkpt>
      <trkpt lat="49.05057" lon="-121.46472">
        <ele>1694.58</ele>
        <time>2026-08-02T21:16:23Z</time>
      </trkpt>
      <trkpt lat="49.05059" lon="-121.46472">
        <ele>1695.23</ele>
        <time>2026-08-02T21:16:33Z</time>
      </trkpt>
      <trkpt lat="49.05061" lon="-121.46476">
        <ele>1693.34</ele>
        <time>2026-08-02T21:16:44Z</time>
      </trkpt>
      <trkpt lat="49.05063" lon="-121.46481">
        <ele>1690.92</ele>
        <time>2026-08-02T21:16:52Z</time>
      </trkpt>
      <trkpt lat="49.05065" lon="-121.46485">
        <ele>1689.26</ele>
        <time>2026-08-02T21:16:59Z</time>
      </trkpt>
      <trkpt lat="49.05066" lon="-121.46489">
        <ele>1687.27</ele>
        <time>2026-08-02T21:17:07Z</time>
      </trkpt>
      <trkpt lat="49.05069" lon="-121.46492">
        <ele>1686.9</ele>
        <time>2026-08-02T21:17:17Z</time>
      </trkpt>
      <trkpt lat="49.05071" lon="-121.46495">
        <ele>1686.16</ele>
        <time>2026-08-02T21:17:29Z</time>
      </trkpt>
      <trkpt lat="49.05074" lon="-121.46498">
        <ele>1686.04</ele>
        <time>2026-08-02T21:17:40Z</time>
      </trkpt>
      <trkpt lat="49.05076" lon="-121.46502">
        <ele>1684.79</ele>
        <time>2026-08-02T21:17:50Z</time>
      </trkpt>
      <trkpt lat="49.05077" lon="-121.46507">
        <ele>1682.14</ele>
        <time>2026-08-02T21:17:58Z</time>
      </trkpt>
      <trkpt lat="49.05079" lon="-121.46511">
        <ele>1680.51</ele>
        <time>2026-08-02T21:18:06Z</time>
      </trkpt>
      <trkpt lat="49.05081" lon="-121.46515">
        <ele>1678.75</ele>
        <time>2026-08-02T21:18:13Z</time>
      </trkpt>
      <trkpt lat="49.05083" lon="-121.46519">
        <ele>1676.87</ele>
        <time>2026-08-02T21:18:20Z</time>
      </trkpt>
      <trkpt lat="49.05084" lon="-121.46524">
        <ele>1673.93</ele>
        <time>2026-08-02T21:18:28Z</time>
      </trkpt>
      <trkpt lat="49.05086" lon="-121.46527">
        <ele>1672.96</ele>
        <time>2026-08-02T21:18:36Z</time>
      </trkpt>
      <trkpt lat="49.05088" lon="-121.46531">
        <ele>1672.11</ele>
        <time>2026-08-02T21:18:44Z</time>
      </trkpt>
      <trkpt lat="49.05089" lon="-121.46534">
        <ele>1671.33</ele>
        <time>2026-08-02T21:18:53Z</time>
      </trkpt>
      <trkpt lat="49.05091" lon="-121.46538">
        <ele>1670.62</ele>
        <time>2026-08-02T21:19:03Z</time>
      </trkpt>
      <trkpt lat="49.05092" lon="-121.46541">
        <ele>1669.82</ele>
        <time>2026-08-02T21:19:14Z</time>
      </trkpt>
      <trkpt lat="49.05094" lon="-121.46546">
        <ele>1668.64</ele>
        <time>2026-08-02T21:19:26Z</time>
      </trkpt>
      <trkpt lat="49.05095" lon="-121.4655">
        <ele>1667.36</ele>
        <time>2026-08-02T21:19:37Z</time>
      </trkpt>
      <trkpt lat="49.05097" lon="-121.46554">
        <ele>1666.59</ele>
        <time>2026-08-02T21:19:47Z</time>
      </trkpt>
      <trkpt lat="49.05099" lon="-121.46558">
        <ele>1666.23</ele>
        <time>2026-08-02T21:19:57Z</time>
      </trkpt>
      <trkpt lat="49.051" lon="-121.4656">
        <ele>1666.18</ele>
        <time>2026-08-02T21:20:03Z</time>
      </trkpt>
      <trkpt lat="49.05101" lon="-121.46565">
        <ele>1665.31</ele>
        <time>2026-08-02T21:20:13Z</time>
      </trkpt>
      <trkpt lat="49.05103" lon="-121.46569">
        <ele>1665.18</ele>
        <time>2026-08-02T21:20:22Z</time>
      </trkpt>
      <trkpt lat="49.05104" lon="-121.46574">
        <ele>1664.27</ele>
        <time>2026-08-02T21:20:31Z</time>
      </trkpt>
      <trkpt lat="49.05106" lon="-121.46578">
        <ele>1664.11</ele>
        <time>2026-08-02T21:20:39Z</time>
      </trkpt>
      <trkpt lat="49.05107" lon="-121.46582">
        <ele>1663.45</ele>
        <time>2026-08-02T21:20:46Z</time>
      </trkpt>
      <trkpt lat="49.05109" lon="-121.46586">
        <ele>1662.97</ele>
        <time>2026-08-02T21:20:54Z</time>
      </trkpt>
      <trkpt lat="49.05111" lon="-121.4659">
        <ele>1662.31</ele>
        <time>2026-08-02T21:21:03Z</time>
      </trkpt>
      <trkpt lat="49.05113" lon="-121.46594">
        <ele>1661.59</ele>
        <time>2026-08-02T21:21:12Z</time>
      </trkpt>
      <trkpt lat="49.05115" lon="-121.46598">
        <ele>1660.87</ele>
        <time>2026-08-02T21:21:20Z</time>
      </trkpt>
      <trkpt lat="49.05117" lon="-121.46602">
        <ele>1660.15</ele>
        <time>2026-08-02T21:21:28Z</time>
      </trkpt>
      <trkpt lat="49.05118" lon="-121.46606">
        <ele>1659.0</ele>
        <time>2026-08-02T21:21:36Z</time>
      </trkpt>
      <trkpt lat="49.0512" lon="-121.46612">
        <ele>1657.48</ele>
        <time>2026-08-02T21:21:43Z</time>
      </trkpt>
      <trkpt lat="49.0512" lon="-121.46617">
        <ele>1655.44</ele>
        <time>2026-08-02T21:21:45Z</time>
      </trkpt>
      <trkpt lat="49.05121" lon="-121.46623">
        <ele>1653.41</ele>
        <time>2026-08-02T21:21:48Z</time>
      </trkpt>
      <trkpt lat="49.05122" lon="-121.46628">
        <ele>1651.78</ele>
        <time>2026-08-02T21:21:54Z</time>
      </trkpt>
      <trkpt lat="49.05123" lon="-121.46633">
        <ele>1650.13</ele>
        <time>2026-08-02T21:22:03Z</time>
      </trkpt>
      <trkpt lat="49.05125" lon="-121.46636">
        <ele>1649.7</ele>
        <time>2026-08-02T21:22:13Z</time>
      </trkpt>
      <trkpt lat="49.05127" lon="-121.4664">
        <ele>1648.68</ele>
        <time>2026-08-02T21:22:26Z</time>
      </trkpt>
      <trkpt lat="49.0513" lon="-121.46642">
        <ele>1648.72</ele>
        <time>2026-08-02T21:22:39Z</time>
      </trkpt>
      <trkpt lat="49.05132" lon="-121.46645">
        <ele>1647.75</ele>
        <time>2026-08-02T21:22:54Z</time>
      </trkpt>
      <trkpt lat="49.05134" lon="-121.46649">
        <ele>1646.13</ele>
        <time>2026-08-02T21:23:02Z</time>
      </trkpt>
      <trkpt lat="49.05135" lon="-121.46653">
        <ele>1644.11</ele>
        <time>2026-08-02T21:23:10Z</time>
      </trkpt>
      <trkpt lat="49.05137" lon="-121.46657">
        <ele>1642.35</ele>
        <time>2026-08-02T21:23:19Z</time>
      </trkpt>
      <trkpt lat="49.05138" lon="-121.46661">
        <ele>1640.22</ele>
        <time>2026-08-02T21:23:28Z</time>
      </trkpt>
      <trkpt lat="49.0514" lon="-121.46665">
        <ele>1638.33</ele>
        <time>2026-08-02T21:23:36Z</time>
      </trkpt>
      <trkpt lat="49.05141" lon="-121.46669">
        <ele>1636.2</ele>
        <time>2026-08-02T21:23:44Z</time>
      </trkpt>
      <trkpt lat="49.05142" lon="-121.46674">
        <ele>1633.5</ele>
        <time>2026-08-02T21:23:53Z</time>
      </trkpt>
      <trkpt lat="49.0514" lon="-121.46678">
        <ele>1630.43</ele>
        <time>2026-08-02T21:24:03Z</time>
      </trkpt>
      <trkpt lat="49.05137" lon="-121.46679">
        <ele>1629.16</ele>
        <time>2026-08-02T21:24:07Z</time>
      </trkpt>
      <trkpt lat="49.05136" lon="-121.46673">
        <ele>1632.54</ele>
        <time>2026-08-02T21:24:27Z</time>
      </trkpt>
      <trkpt lat="49.05139" lon="-121.46673">
        <ele>1633.16</ele>
        <time>2026-08-02T21:25:09Z</time>
      </trkpt>
      <trkpt lat="49.0514" lon="-121.46675">
        <ele>1632.26</ele>
        <time>2026-08-02T21:25:20Z</time>
      </trkpt>
      <trkpt lat="49.05139" lon="-121.46679">
        <ele>1629.49</ele>
        <time>2026-08-02T21:25:37Z</time>
      </trkpt>
      <trkpt lat="49.05136" lon="-121.4668">
        <ele>1628.41</ele>
        <time>2026-08-02T21:25:47Z</time>
      </trkpt>
      <trkpt lat="49.05132" lon="-121.4668">
        <ele>1627.82</ele>
        <time>2026-08-02T21:25:50Z</time>
      </trkpt>
      <trkpt lat="49.05128" lon="-121.46679">
        <ele>1627.75</ele>
        <time>2026-08-02T21:25:54Z</time>
      </trkpt>
      <trkpt lat="49.05125" lon="-121.46679">
        <ele>1627.28</ele>
        <time>2026-08-02T21:26:04Z</time>
      </trkpt>
      <trkpt lat="49.05122" lon="-121.46679">
        <ele>1626.82</ele>
        <time>2026-08-02T21:26:13Z</time>
      </trkpt>
      <trkpt lat="49.05119" lon="-121.46678">
        <ele>1626.8</ele>
        <time>2026-08-02T21:26:20Z</time>
      </trkpt>
      <trkpt lat="49.05117" lon="-121.46678">
        <ele>1626.48</ele>
        <time>2026-08-02T21:26:43Z</time>
      </trkpt>
      <trkpt lat="49.05115" lon="-121.46678">
        <ele>1626.15</ele>
        <time>2026-08-02T21:27:17Z</time>
      </trkpt>
      <trkpt lat="49.05111" lon="-121.46678">
        <ele>1625.49</ele>
        <time>2026-08-02T21:27:21Z</time>
      </trkpt>
      <trkpt lat="49.05116" lon="-121.46679">
        <ele>1625.88</ele>
        <time>2026-08-02T21:27:31Z</time>
      </trkpt>
      <trkpt lat="49.05119" lon="-121.46679">
        <ele>1626.35</ele>
        <time>2026-08-02T21:27:34Z</time>
      </trkpt>
      <trkpt lat="49.05116" lon="-121.46678">
        <ele>1626.31</ele>
        <time>2026-08-02T21:27:55Z</time>
      </trkpt>
      <trkpt lat="49.05113" lon="-121.46677">
        <ele>1626.23</ele>
        <time>2026-08-02T21:28:02Z</time>
      </trkpt>
      <trkpt lat="49.05113" lon="-121.46677">
        <ele>1626.23</ele>
        <time>2026-08-02T21:28:19Z</time>
      </trkpt>
      <trkpt lat="49.05117" lon="-121.46677">
        <ele>1626.92</ele>
        <time>2026-08-02T21:28:25Z</time>
      </trkpt>
      <trkpt lat="49.05121" lon="-121.46677">
        <ele>1627.61</ele>
        <time>2026-08-02T21:28:27Z</time>
      </trkpt>
      <trkpt lat="49.05124" lon="-121.46676">
        <ele>1628.62</ele>
        <time>2026-08-02T21:28:29Z</time>
      </trkpt>
      <trkpt lat="49.05119" lon="-121.46676">
        <ele>1627.72</ele>
        <time>2026-08-02T21:28:33Z</time>
      </trkpt>
      <trkpt lat="49.05114" lon="-121.46676">
        <ele>1626.82</ele>
        <time>2026-08-02T21:28:36Z</time>
      </trkpt>
      <trkpt lat="49.05111" lon="-121.46676">
        <ele>1626.28</ele>
        <time>2026-08-02T21:28:39Z</time>
      </trkpt>
      <trkpt lat="49.05107" lon="-121.46677">
        <ele>1624.98</ele>
        <time>2026-08-02T21:28:43Z</time>
      </trkpt>
      <trkpt lat="49.05104" lon="-121.46677">
        <ele>1624.31</ele>
        <time>2026-08-02T21:28:53Z</time>
      </trkpt>
      <trkpt lat="49.05102" lon="-121.46677">
        <ele>1623.86</ele>
        <time>2026-08-02T21:29:00Z</time>
      </trkpt>
      <trkpt lat="49.05099" lon="-121.46677">
        <ele>1623.18</ele>
        <time>2026-08-02T21:29:10Z</time>
      </trkpt>
      <trkpt lat="49.05096" lon="-121.46677">
        <ele>1622.5</ele>
        <time>2026-08-02T21:29:17Z</time>
      </trkpt>
      <trkpt lat="49.05093" lon="-121.46677">
        <ele>1621.83</ele>
        <time>2026-08-02T21:29:25Z</time>
      </trkpt>
      <trkpt lat="49.0509" lon="-121.46678">
        <ele>1620.81</ele>
        <time>2026-08-02T21:29:36Z</time>
      </trkpt>
      <trkpt lat="49.05087" lon="-121.46677">
        <ele>1620.48</ele>
        <time>2026-08-02T21:29:47Z</time>
      </trkpt>
      <trkpt lat="49.05084" lon="-121.46677">
        <ele>1619.8</ele>
        <time>2026-08-02T21:29:57Z</time>
      </trkpt>
      <trkpt lat="49.05081" lon="-121.46678">
        <ele>1618.74</ele>
        <time>2026-08-02T21:30:05Z</time>
      </trkpt>
      <trkpt lat="49.05077" lon="-121.46678">
        <ele>1617.73</ele>
        <time>2026-08-02T21:30:15Z</time>
      </trkpt>
      <trkpt lat="49.05075" lon="-121.46678">
        <ele>1617.23</ele>
        <time>2026-08-02T21:30:23Z</time>
      </trkpt>
      <trkpt lat="49.05072" lon="-121.46678">
        <ele>1616.47</ele>
        <time>2026-08-02T21:30:32Z</time>
      </trkpt>
      <trkpt lat="49.05069" lon="-121.46679">
        <ele>1615.39</ele>
        <time>2026-08-02T21:30:42Z</time>
      </trkpt>
      <trkpt lat="49.0507" lon="-121.46684">
        <ele>1614.02</ele>
        <time>2026-08-02T21:30:46Z</time>
      </trkpt>
      <trkpt lat="49.05072" lon="-121.46688">
        <ele>1613.23</ele>
        <time>2026-08-02T21:30:48Z</time>
      </trkpt>
      <trkpt lat="49.05074" lon="-121.46692">
        <ele>1612.44</ele>
        <time>2026-08-02T21:30:52Z</time>
      </trkpt>
      <trkpt lat="49.05073" lon="-121.46697">
        <ele>1610.36</ele>
        <time>2026-08-02T21:31:03Z</time>
      </trkpt>
      <trkpt lat="49.0507" lon="-121.46697">
        <ele>1609.62</ele>
        <time>2026-08-02T21:31:11Z</time>
      </trkpt>
      <trkpt lat="49.05067" lon="-121.46696">
        <ele>1609.28</ele>
        <time>2026-08-02T21:31:16Z</time>
      </trkpt>
      <trkpt lat="49.05064" lon="-121.46696">
        <ele>1608.53</ele>
        <time>2026-08-02T21:31:23Z</time>
      </trkpt>
      <trkpt lat="49.05061" lon="-121.46698">
        <ele>1607.04</ele>
        <time>2026-08-02T21:31:32Z</time>
      </trkpt>
      <trkpt lat="49.05058" lon="-121.467">
        <ele>1605.58</ele>
        <time>2026-08-02T21:31:41Z</time>
      </trkpt>
      <trkpt lat="49.05055" lon="-121.46702">
        <ele>1604.03</ele>
        <time>2026-08-02T21:31:50Z</time>
      </trkpt>
      <trkpt lat="49.05052" lon="-121.46703">
        <ele>1602.31</ele>
        <time>2026-08-02T21:31:59Z</time>
      </trkpt>
      <trkpt lat="49.05049" lon="-121.46703">
        <ele>1600.96</ele>
        <time>2026-08-02T21:32:06Z</time>
      </trkpt>
      <trkpt lat="49.05046" lon="-121.46704">
        <ele>1599.18</ele>
        <time>2026-08-02T21:32:13Z</time>
      </trkpt>
      <trkpt lat="49.05043" lon="-121.46703">
        <ele>1598.25</ele>
        <time>2026-08-02T21:32:20Z</time>
      </trkpt>
      <trkpt lat="49.0504" lon="-121.46699">
        <ele>1598.74</ele>
        <time>2026-08-02T21:32:25Z</time>
      </trkpt>
      <trkpt lat="49.05039" lon="-121.46694">
        <ele>1600.69</ele>
        <time>2026-08-02T21:32:27Z</time>
      </trkpt>
      <trkpt lat="49.05037" lon="-121.4669">
        <ele>1602.27</ele>
        <time>2026-08-02T21:32:31Z</time>
      </trkpt>
      <trkpt lat="49.05034" lon="-121.4669">
        <ele>1601.27</ele>
        <time>2026-08-02T21:32:38Z</time>
      </trkpt>
      <trkpt lat="49.05031" lon="-121.46691">
        <ele>1599.6</ele>
        <time>2026-08-02T21:32:45Z</time>
      </trkpt>
      <trkpt lat="49.05034" lon="-121.46695">
        <ele>1598.19</ele>
        <time>2026-08-02T21:32:54Z</time>
      </trkpt>
      <trkpt lat="49.05037" lon="-121.46696">
        <ele>1598.9</ele>
        <time>2026-08-02T21:32:57Z</time>
      </trkpt>
      <trkpt lat="49.05039" lon="-121.467">
        <ele>1597.85</ele>
        <time>2026-08-02T21:33:07Z</time>
      </trkpt>
      <trkpt lat="49.0504" lon="-121.46705">
        <ele>1595.98</ele>
        <time>2026-08-02T21:33:19Z</time>
      </trkpt>
      <trkpt lat="49.05041" lon="-121.46709">
        <ele>1594.62</ele>
        <time>2026-08-02T21:33:29Z</time>
      </trkpt>
      <trkpt lat="49.05044" lon="-121.46713">
        <ele>1594.35</ele>
        <time>2026-08-02T21:33:37Z</time>
      </trkpt>
      <trkpt lat="49.05045" lon="-121.46717">
        <ele>1593.16</ele>
        <time>2026-08-02T21:33:45Z</time>
      </trkpt>
      <trkpt lat="49.05046" lon="-121.46721">
        <ele>1592.01</ele>
        <time>2026-08-02T21:33:52Z</time>
      </trkpt>
      <trkpt lat="49.05047" lon="-121.46725">
        <ele>1590.8</ele>
        <time>2026-08-02T21:34:01Z</time>
      </trkpt>
      <trkpt lat="49.05049" lon="-121.4673">
        <ele>1589.65</ele>
        <time>2026-08-02T21:34:09Z</time>
      </trkpt>
      <trkpt lat="49.0505" lon="-121.46733">
        <ele>1588.83</ele>
        <time>2026-08-02T21:34:15Z</time>
      </trkpt>
      <trkpt lat="49.05052" lon="-121.46738">
        <ele>1587.64</ele>
        <time>2026-08-02T21:34:23Z</time>
      </trkpt>
      <trkpt lat="49.05053" lon="-121.46742">
        <ele>1586.34</ele>
        <time>2026-08-02T21:34:31Z</time>
      </trkpt>
      <trkpt lat="49.05055" lon="-121.46746">
        <ele>1585.57</ele>
        <time>2026-08-02T21:34:40Z</time>
      </trkpt>
      <trkpt lat="49.05056" lon="-121.4675">
        <ele>1584.14</ele>
        <time>2026-08-02T21:34:49Z</time>
      </trkpt>
      <trkpt lat="49.05057" lon="-121.46755">
        <ele>1581.44</ele>
        <time>2026-08-02T21:34:59Z</time>
      </trkpt>
      <trkpt lat="49.05058" lon="-121.4676">
        <ele>1578.77</ele>
        <time>2026-08-02T21:35:08Z</time>
      </trkpt>
      <trkpt lat="49.05059" lon="-121.46764">
        <ele>1576.74</ele>
        <time>2026-08-02T21:35:19Z</time>
      </trkpt>
      <trkpt lat="49.05061" lon="-121.46768">
        <ele>1575.13</ele>
        <time>2026-08-02T21:35:31Z</time>
      </trkpt>
      <trkpt lat="49.05063" lon="-121.46772">
        <ele>1573.58</ele>
        <time>2026-08-02T21:35:43Z</time>
      </trkpt>
      <trkpt lat="49.05065" lon="-121.46776">
        <ele>1572.1</ele>
        <time>2026-08-02T21:35:53Z</time>
      </trkpt>
      <trkpt lat="49.05068" lon="-121.46779">
        <ele>1571.61</ele>
        <time>2026-08-02T21:36:03Z</time>
      </trkpt>
      <trkpt lat="49.05073" lon="-121.46776">
        <ele>1575.5</ele>
        <time>2026-08-02T21:36:07Z</time>
      </trkpt>
      <trkpt lat="49.05076" lon="-121.46773">
        <ele>1578.38</ele>
        <time>2026-08-02T21:36:10Z</time>
      </trkpt>
      <trkpt lat="49.05078" lon="-121.46771">
        <ele>1580.25</ele>
        <time>2026-08-02T21:36:19Z</time>
      </trkpt>
      <trkpt lat="49.05081" lon="-121.46773">
        <ele>1580.44</ele>
        <time>2026-08-02T21:36:27Z</time>
      </trkpt>
      <trkpt lat="49.05084" lon="-121.46775">
        <ele>1580.61</ele>
        <time>2026-08-02T21:36:34Z</time>
      </trkpt>
      <trkpt lat="49.05087" lon="-121.46778">
        <ele>1580.04</ele>
        <time>2026-08-02T21:36:42Z</time>
      </trkpt>
      <trkpt lat="49.0509" lon="-121.46779">
        <ele>1580.33</ele>
        <time>2026-08-02T21:36:48Z</time>
      </trkpt>
      <trkpt lat="49.05094" lon="-121.46781">
        <ele>1580.3</ele>
        <time>2026-08-02T21:36:53Z</time>
      </trkpt>
      <trkpt lat="49.05097" lon="-121.46783">
        <ele>1579.95</ele>
        <time>2026-08-02T21:36:58Z</time>
      </trkpt>
      <trkpt lat="49.051" lon="-121.46784">
        <ele>1580.28</ele>
        <time>2026-08-02T21:37:04Z</time>
      </trkpt>
      <trkpt lat="49.05103" lon="-121.46785">
        <ele>1580.62</ele>
        <time>2026-08-02T21:37:09Z</time>
      </trkpt>
      <trkpt lat="49.05106" lon="-121.46787">
        <ele>1580.31</ele>
        <time>2026-08-02T21:37:17Z</time>
      </trkpt>
      <trkpt lat="49.05109" lon="-121.46788">
        <ele>1580.66</ele>
        <time>2026-08-02T21:37:26Z</time>
      </trkpt>
      <trkpt lat="49.05105" lon="-121.46791">
        <ele>1577.35</ele>
        <time>2026-08-02T21:37:36Z</time>
      </trkpt>
      <trkpt lat="49.05106" lon="-121.46796">
        <ele>1574.42</ele>
        <time>2026-08-02T21:37:56Z</time>
      </trkpt>
      <trkpt lat="49.0511" lon="-121.46797">
        <ele>1575.16</ele>
        <time>2026-08-02T21:38:10Z</time>
      </trkpt>
      <trkpt lat="49.05113" lon="-121.46798">
        <ele>1575.34</ele>
        <time>2026-08-02T21:38:16Z</time>
      </trkpt>
      <trkpt lat="49.05116" lon="-121.468">
        <ele>1574.76</ele>
        <time>2026-08-02T21:38:22Z</time>
      </trkpt>
      <trkpt lat="49.05118" lon="-121.46801">
        <ele>1574.61</ele>
        <time>2026-08-02T21:38:28Z</time>
      </trkpt>
      <trkpt lat="49.05122" lon="-121.46802">
        <ele>1574.95</ele>
        <time>2026-08-02T21:38:34Z</time>
      </trkpt>
      <trkpt lat="49.05126" lon="-121.46803">
        <ele>1575.31</ele>
        <time>2026-08-02T21:38:39Z</time>
      </trkpt>
      <trkpt lat="49.0513" lon="-121.46804">
        <ele>1575.69</ele>
        <time>2026-08-02T21:38:41Z</time>
      </trkpt>
      <trkpt lat="49.05134" lon="-121.46805">
        <ele>1576.1</ele>
        <time>2026-08-02T21:38:43Z</time>
      </trkpt>
      <trkpt lat="49.05137" lon="-121.46806">
        <ele>1576.33</ele>
        <time>2026-08-02T21:38:46Z</time>
      </trkpt>
      <trkpt lat="49.05141" lon="-121.46808">
        <ele>1576.57</ele>
        <time>2026-08-02T21:38:50Z</time>
      </trkpt>
      <trkpt lat="49.05145" lon="-121.4681">
        <ele>1576.95</ele>
        <time>2026-08-02T21:38:55Z</time>
      </trkpt>
      <trkpt lat="49.05148" lon="-121.46812">
        <ele>1577.07</ele>
        <time>2026-08-02T21:38:59Z</time>
      </trkpt>
      <trkpt lat="49.05149" lon="-121.46819">
        <ele>1574.63</ele>
        <time>2026-08-02T21:39:02Z</time>
      </trkpt>
      <trkpt lat="49.0515" lon="-121.46824">
        <ele>1573.03</ele>
        <time>2026-08-02T21:39:05Z</time>
      </trkpt>
      <trkpt lat="49.05153" lon="-121.46828">
        <ele>1572.6</ele>
        <time>2026-08-02T21:39:09Z</time>
      </trkpt>
      <trkpt lat="49.05155" lon="-121.46831">
        <ele>1572.24</ele>
        <time>2026-08-02T21:39:13Z</time>
      </trkpt>
      <trkpt lat="49.05158" lon="-121.46834">
        <ele>1572.44</ele>
        <time>2026-08-02T21:39:17Z</time>
      </trkpt>
      <trkpt lat="49.05161" lon="-121.46836">
        <ele>1573.22</ele>
        <time>2026-08-02T21:39:22Z</time>
      </trkpt>
      <trkpt lat="49.05164" lon="-121.46838">
        <ele>1573.97</ele>
        <time>2026-08-02T21:39:28Z</time>
      </trkpt>
      <trkpt lat="49.05167" lon="-121.46839">
        <ele>1574.88</ele>
        <time>2026-08-02T21:39:33Z</time>
      </trkpt>
      <trkpt lat="49.0517" lon="-121.4684">
        <ele>1575.58</ele>
        <time>2026-08-02T21:39:39Z</time>
      </trkpt>
      <trkpt lat="49.05173" lon="-121.46843">
        <ele>1575.81</ele>
        <time>2026-08-02T21:39:46Z</time>
      </trkpt>
      <trkpt lat="49.05176" lon="-121.46846">
        <ele>1575.98</ele>
        <time>2026-08-02T21:39:53Z</time>
      </trkpt>
      <trkpt lat="49.05179" lon="-121.46849">
        <ele>1576.11</ele>
        <time>2026-08-02T21:39:59Z</time>
      </trkpt>
      <trkpt lat="49.05182" lon="-121.46852">
        <ele>1576.19</ele>
        <time>2026-08-02T21:40:06Z</time>
      </trkpt>
      <trkpt lat="49.0518" lon="-121.46857">
        <ele>1574.39</ele>
        <time>2026-08-02T21:40:19Z</time>
      </trkpt>
      <trkpt lat="49.05184" lon="-121.46859">
        <ele>1574.92</ele>
        <time>2026-08-02T21:40:31Z</time>
      </trkpt>
      <trkpt lat="49.05187" lon="-121.46859">
        <ele>1575.69</ele>
        <time>2026-08-02T21:40:36Z</time>
      </trkpt>
      <trkpt lat="49.05191" lon="-121.4686">
        <ele>1576.44</ele>
        <time>2026-08-02T21:40:41Z</time>
      </trkpt>
      <trkpt lat="49.05194" lon="-121.46861">
        <ele>1576.92</ele>
        <time>2026-08-02T21:40:50Z</time>
      </trkpt>
      <trkpt lat="49.05197" lon="-121.46863">
        <ele>1577.01</ele>
        <time>2026-08-02T21:41:01Z</time>
      </trkpt>
      <trkpt lat="49.05199" lon="-121.46865">
        <ele>1576.86</ele>
        <time>2026-08-02T21:41:09Z</time>
      </trkpt>
      <trkpt lat="49.05202" lon="-121.46868">
        <ele>1576.65</ele>
        <time>2026-08-02T21:41:19Z</time>
      </trkpt>
      <trkpt lat="49.05204" lon="-121.46871">
        <ele>1576.22</ele>
        <time>2026-08-02T21:41:29Z</time>
      </trkpt>
      <trkpt lat="49.05201" lon="-121.46874">
        <ele>1574.7</ele>
        <time>2026-08-02T21:41:37Z</time>
      </trkpt>
      <trkpt lat="49.05198" lon="-121.46875">
        <ele>1573.77</ele>
        <time>2026-08-02T21:41:39Z</time>
      </trkpt>
      <trkpt lat="49.05196" lon="-121.46876">
        <ele>1573.05</ele>
        <time>2026-08-02T21:41:44Z</time>
      </trkpt>
      <trkpt lat="49.05194" lon="-121.46879">
        <ele>1571.76</ele>
        <time>2026-08-02T21:41:52Z</time>
      </trkpt>
      <trkpt lat="49.05193" lon="-121.46883">
        <ele>1570.41</ele>
        <time>2026-08-02T21:42:04Z</time>
      </trkpt>
      <trkpt lat="49.05193" lon="-121.46886">
        <ele>1569.56</ele>
        <time>2026-08-02T21:42:13Z</time>
      </trkpt>
      <trkpt lat="49.05194" lon="-121.46888">
        <ele>1569.17</ele>
        <time>2026-08-02T21:42:20Z</time>
      </trkpt>
      <trkpt lat="49.05195" lon="-121.46893">
        <ele>1568.22</ele>
        <time>2026-08-02T21:42:35Z</time>
      </trkpt>
      <trkpt lat="49.05193" lon="-121.46896">
        <ele>1567.18</ele>
        <time>2026-08-02T21:42:47Z</time>
      </trkpt>
      <trkpt lat="49.05197" lon="-121.46898">
        <ele>1567.49</ele>
        <time>2026-08-02T21:42:53Z</time>
      </trkpt>
      <trkpt lat="49.052" lon="-121.46898">
        <ele>1568.04</ele>
        <time>2026-08-02T21:42:57Z</time>
      </trkpt>
      <trkpt lat="49.05204" lon="-121.469">
        <ele>1568.25</ele>
        <time>2026-08-02T21:43:02Z</time>
      </trkpt>
      <trkpt lat="49.05207" lon="-121.469">
        <ele>1568.77</ele>
        <time>2026-08-02T21:43:06Z</time>
      </trkpt>
      <trkpt lat="49.0521" lon="-121.46903">
        <ele>1568.46</ele>
        <time>2026-08-02T21:43:13Z</time>
      </trkpt>
      <trkpt lat="49.05211" lon="-121.4691">
        <ele>1566.66</ele>
        <time>2026-08-02T21:43:20Z</time>
      </trkpt>
      <trkpt lat="49.05212" lon="-121.46915">
        <ele>1565.37</ele>
        <time>2026-08-02T21:43:22Z</time>
      </trkpt>
      <trkpt lat="49.05212" lon="-121.46921">
        <ele>1563.61</ele>
        <time>2026-08-02T21:43:26Z</time>
      </trkpt>
      <trkpt lat="49.05209" lon="-121.4692">
        <ele>1563.61</ele>
        <time>2026-08-02T21:43:34Z</time>
      </trkpt>
      <trkpt lat="49.05205" lon="-121.4692">
        <ele>1563.21</ele>
        <time>2026-08-02T21:43:36Z</time>
      </trkpt>
      <trkpt lat="49.05202" lon="-121.4692">
        <ele>1562.91</ele>
        <time>2026-08-02T21:43:38Z</time>
      </trkpt>
      <trkpt lat="49.05197" lon="-121.46919">
        <ele>1562.67</ele>
        <time>2026-08-02T21:43:41Z</time>
      </trkpt>
      <trkpt lat="49.05194" lon="-121.4692">
        <ele>1562.05</ele>
        <time>2026-08-02T21:43:45Z</time>
      </trkpt>
      <trkpt lat="49.05195" lon="-121.46922">
        <ele>1561.71</ele>
        <time>2026-08-02T21:44:00Z</time>
      </trkpt>
      <trkpt lat="49.05194" lon="-121.46926">
        <ele>1560.54</ele>
        <time>2026-08-02T21:44:14Z</time>
      </trkpt>
      <trkpt lat="49.05191" lon="-121.46929">
        <ele>1559.02</ele>
        <time>2026-08-02T21:44:21Z</time>
      </trkpt>
      <trkpt lat="49.05189" lon="-121.46932">
        <ele>1557.76</ele>
        <time>2026-08-02T21:44:29Z</time>
      </trkpt>
      <trkpt lat="49.05186" lon="-121.46935">
        <ele>1556.25</ele>
        <time>2026-08-02T21:44:35Z</time>
      </trkpt>
      <trkpt lat="49.05184" lon="-121.46939">
        <ele>1554.74</ele>
        <time>2026-08-02T21:44:43Z</time>
      </trkpt>
      <trkpt lat="49.05181" lon="-121.46942">
        <ele>1553.23</ele>
        <time>2026-08-02T21:44:50Z</time>
      </trkpt>
      <trkpt lat="49.05178" lon="-121.46945">
        <ele>1551.7</ele>
        <time>2026-08-02T21:44:57Z</time>
      </trkpt>
      <trkpt lat="49.05176" lon="-121.46948">
        <ele>1550.37</ele>
        <time>2026-08-02T21:45:04Z</time>
      </trkpt>
      <trkpt lat="49.05173" lon="-121.46951">
        <ele>1548.84</ele>
        <time>2026-08-02T21:45:10Z</time>
      </trkpt>
      <trkpt lat="49.05171" lon="-121.46953">
        <ele>1547.84</ele>
        <time>2026-08-02T21:45:15Z</time>
      </trkpt>
      <trkpt lat="49.05168" lon="-121.46956">
        <ele>1546.38</ele>
        <time>2026-08-02T21:45:21Z</time>
      </trkpt>
      <trkpt lat="49.05166" lon="-121.4696">
        <ele>1544.4</ele>
        <time>2026-08-02T21:45:27Z</time>
      </trkpt>
      <trkpt lat="49.05169" lon="-121.46964">
        <ele>1544.54</ele>
        <time>2026-08-02T21:45:34Z</time>
      </trkpt>
      <trkpt lat="49.05171" lon="-121.46967">
        <ele>1544.15</ele>
        <time>2026-08-02T21:45:40Z</time>
      </trkpt>
      <trkpt lat="49.05172" lon="-121.46971">
        <ele>1543.28</ele>
        <time>2026-08-02T21:45:47Z</time>
      </trkpt>
      <trkpt lat="49.0517" lon="-121.46975">
        <ele>1541.42</ele>
        <time>2026-08-02T21:45:54Z</time>
      </trkpt>
      <trkpt lat="49.0517" lon="-121.46981">
        <ele>1538.88</ele>
        <time>2026-08-02T21:45:58Z</time>
      </trkpt>
      <trkpt lat="49.0517" lon="-121.46987">
        <ele>1536.34</ele>
        <time>2026-08-02T21:46:00Z</time>
      </trkpt>
      <trkpt lat="49.0517" lon="-121.46992">
        <ele>1534.23</ele>
        <time>2026-08-02T21:46:03Z</time>
      </trkpt>
      <trkpt lat="49.0517" lon="-121.46997">
        <ele>1532.11</ele>
        <time>2026-08-02T21:46:08Z</time>
      </trkpt>
      <trkpt lat="49.05171" lon="-121.47001">
        <ele>1530.7</ele>
        <time>2026-08-02T21:46:14Z</time>
      </trkpt>
      <trkpt lat="49.05169" lon="-121.47005">
        <ele>1528.61</ele>
        <time>2026-08-02T21:46:20Z</time>
      </trkpt>
      <trkpt lat="49.05168" lon="-121.4701">
        <ele>1526.38</ele>
        <time>2026-08-02T21:46:26Z</time>
      </trkpt>
      <trkpt lat="49.05167" lon="-121.47015">
        <ele>1524.14</ele>
        <time>2026-08-02T21:46:32Z</time>
      </trkpt>
      <trkpt lat="49.05166" lon="-121.4702">
        <ele>1521.65</ele>
        <time>2026-08-02T21:46:36Z</time>
      </trkpt>
      <trkpt lat="49.05166" lon="-121.47025">
        <ele>1519.71</ele>
        <time>2026-08-02T21:46:41Z</time>
      </trkpt>
      <trkpt lat="49.05165" lon="-121.4703">
        <ele>1517.34</ele>
        <time>2026-08-02T21:46:45Z</time>
      </trkpt>
      <trkpt lat="49.05163" lon="-121.47036">
        <ele>1514.37</ele>
        <time>2026-08-02T21:46:49Z</time>
      </trkpt>
      <trkpt lat="49.05162" lon="-121.47041">
        <ele>1512.36</ele>
        <time>2026-08-02T21:46:53Z</time>
      </trkpt>
      <trkpt lat="49.05161" lon="-121.47047">
        <ele>1510.15</ele>
        <time>2026-08-02T21:46:57Z</time>
      </trkpt>
      <trkpt lat="49.05159" lon="-121.47052">
        <ele>1508.07</ele>
        <time>2026-08-02T21:47:01Z</time>
      </trkpt>
      <trkpt lat="49.05158" lon="-121.47057">
        <ele>1506.62</ele>
        <time>2026-08-02T21:47:06Z</time>
      </trkpt>
      <trkpt lat="49.05156" lon="-121.47053">
        <ele>1506.95</ele>
        <time>2026-08-02T21:47:13Z</time>
      </trkpt>
      <trkpt lat="49.05153" lon="-121.47055">
        <ele>1505.68</ele>
        <time>2026-08-02T21:47:26Z</time>
      </trkpt>
      <trkpt lat="49.05151" lon="-121.47057">
        <ele>1504.91</ele>
        <time>2026-08-02T21:47:36Z</time>
      </trkpt>
    </trkseg>
  </trk>
</gpx>
