<?xml version="1.0"?>
<gpx xmlns="http://www.topografix.com/GPX/1/1" xmlns:xsi="http://www.w3.org/2001/XMLSchema-instance" version="1.1" creator="AllTrails.com" xsi:schemaLocation="http://www.topografix.com/GPX/1/1 http://www.topografix.com/GPX/1/1/gpx.xsd">
  <metadata>
    <name><![CDATA[Radium Lake]]></name>
    <desc><![CDATA[]]></desc>
    <link href="http://www.alltrails.com">
      <text>AllTrails, LLC</text>
    </link>
    <bounds minlat="49.05146" minlon="-121.48129" maxlat="49.09101" maxlon="-121.454"/>
  </metadata>
  <trk>
    <name><![CDATA[Radium Lake]]></name>
    <src>AllTrails</src>
    <trkseg>
      <trkpt lat="49.09083" lon="-121.454">
        <ele>653.16</ele>
        <time>2026-08-01T16:40:14Z</time>
      </trkpt>
      <trkpt lat="49.09085" lon="-121.45405">
        <ele>653.17</ele>
        <time>2026-08-01T16:40:21Z</time>
      </trkpt>
      <trkpt lat="49.09087" lon="-121.45409">
        <ele>653.31</ele>
        <time>2026-08-01T16:40:24Z</time>
      </trkpt>
      <trkpt lat="49.0909" lon="-121.45412">
        <ele>653.74</ele>
        <time>2026-08-01T16:40:27Z</time>
      </trkpt>
      <trkpt lat="49.09093" lon="-121.45415">
        <ele>654.19</ele>
        <time>2026-08-01T16:40:31Z</time>
      </trkpt>
      <trkpt lat="49.09095" lon="-121.45418">
        <ele>654.38</ele>
        <time>2026-08-01T16:40:35Z</time>
      </trkpt>
      <trkpt lat="49.09095" lon="-121.45423">
        <ele>653.87</ele>
        <time>2026-08-01T16:40:39Z</time>
      </trkpt>
      <trkpt lat="49.09094" lon="-121.45429">
        <ele>653.08</ele>
        <time>2026-08-01T16:40:42Z</time>
      </trkpt>
      <trkpt lat="49.09094" lon="-121.45434">
        <ele>652.58</ele>
        <time>2026-08-01T16:40:46Z</time>
      </trkpt>
      <trkpt lat="49.09095" lon="-121.4544">
        <ele>652.13</ele>
        <time>2026-08-01T16:40:50Z</time>
      </trkpt>
      <trkpt lat="49.09097" lon="-121.45445">
        <ele>651.93</ele>
        <time>2026-08-01T16:40:54Z</time>
      </trkpt>
      <trkpt lat="49.09098" lon="-121.45449">
        <ele>651.78</ele>
        <time>2026-08-01T16:40:57Z</time>
      </trkpt>
      <trkpt lat="49.091" lon="-121.45454">
        <ele>651.71</ele>
        <time>2026-08-01T16:41:00Z</time>
      </trkpt>
      <trkpt lat="49.09101" lon="-121.4546">
        <ele>651.42</ele>
        <time>2026-08-01T16:41:04Z</time>
      </trkpt>
      <trkpt lat="49.09101" lon="-121.45465">
        <ele>651.06</ele>
        <time>2026-08-01T16:41:08Z</time>
      </trkpt>
      <trkpt lat="49.09101" lon="-121.45471">
        <ele>650.63</ele>
        <time>2026-08-01T16:41:12Z</time>
      </trkpt>
      <trkpt lat="49.09097" lon="-121.45474">
        <ele>649.62</ele>
        <time>2026-08-01T16:41:15Z</time>
      </trkpt>
      <trkpt lat="49.09092" lon="-121.45477">
        <ele>648.33</ele>
        <time>2026-08-01T16:41:17Z</time>
      </trkpt>
      <trkpt lat="49.09088" lon="-121.45479">
        <ele>647.41</ele>
        <time>2026-08-01T16:41:19Z</time>
      </trkpt>
      <trkpt lat="49.09085" lon="-121.45482">
        <ele>646.46</ele>
        <time>2026-08-01T16:41:21Z</time>
      </trkpt>
      <trkpt lat="49.09082" lon="-121.45485">
        <ele>645.88</ele>
        <time>2026-08-01T16:41:24Z</time>
      </trkpt>
      <trkpt lat="49.09079" lon="-121.45489">
        <ele>645.7</ele>
        <time>2026-08-01T16:41:27Z</time>
      </trkpt>
      <trkpt lat="49.09077" lon="-121.45494">
        <ele>645.38</ele>
        <time>2026-08-01T16:41:30Z</time>
      </trkpt>
      <trkpt lat="49.09077" lon="-121.455">
        <ele>644.6</ele>
        <time>2026-08-01T16:41:34Z</time>
      </trkpt>
      <trkpt lat="49.09078" lon="-121.45505">
        <ele>644.53</ele>
        <time>2026-08-01T16:41:37Z</time>
      </trkpt>
      <trkpt lat="49.09082" lon="-121.45509">
        <ele>643.91</ele>
        <time>2026-08-01T16:41:40Z</time>
      </trkpt>
      <trkpt lat="49.09084" lon="-121.45514">
        <ele>644.07</ele>
        <time>2026-08-01T16:41:43Z</time>
      </trkpt>
      <trkpt lat="49.09086" lon="-121.45519">
        <ele>644.59</ele>
        <time>2026-08-01T16:41:46Z</time>
      </trkpt>
      <trkpt lat="49.09086" lon="-121.45524">
        <ele>644.93</ele>
        <time>2026-08-01T16:41:49Z</time>
      </trkpt>
      <trkpt lat="49.09085" lon="-121.4553">
        <ele>645.21</ele>
        <time>2026-08-01T16:41:53Z</time>
      </trkpt>
      <trkpt lat="49.09083" lon="-121.45534">
        <ele>645.25</ele>
        <time>2026-08-01T16:41:56Z</time>
      </trkpt>
      <trkpt lat="49.09081" lon="-121.45538">
        <ele>645.54</ele>
        <time>2026-08-01T16:41:59Z</time>
      </trkpt>
      <trkpt lat="49.09078" lon="-121.45542">
        <ele>645.9</ele>
        <time>2026-08-01T16:42:02Z</time>
      </trkpt>
      <trkpt lat="49.09075" lon="-121.45547">
        <ele>646.29</ele>
        <time>2026-08-01T16:42:05Z</time>
      </trkpt>
      <trkpt lat="49.09072" lon="-121.4555">
        <ele>646.62</ele>
        <time>2026-08-01T16:42:08Z</time>
      </trkpt>
      <trkpt lat="49.09069" lon="-121.45554">
        <ele>646.98</ele>
        <time>2026-08-01T16:42:11Z</time>
      </trkpt>
      <trkpt lat="49.09066" lon="-121.45558">
        <ele>647.7</ele>
        <time>2026-08-01T16:42:14Z</time>
      </trkpt>
      <trkpt lat="49.09063" lon="-121.45562">
        <ele>648.78</ele>
        <time>2026-08-01T16:42:17Z</time>
      </trkpt>
      <trkpt lat="49.09059" lon="-121.45566">
        <ele>650.15</ele>
        <time>2026-08-01T16:42:20Z</time>
      </trkpt>
      <trkpt lat="49.09055" lon="-121.45569">
        <ele>651.39</ele>
        <time>2026-08-01T16:42:22Z</time>
      </trkpt>
      <trkpt lat="49.0905" lon="-121.45571">
        <ele>651.82</ele>
        <time>2026-08-01T16:42:24Z</time>
      </trkpt>
      <trkpt lat="49.09046" lon="-121.45574">
        <ele>652.31</ele>
        <time>2026-08-01T16:42:26Z</time>
      </trkpt>
      <trkpt lat="49.09043" lon="-121.45576">
        <ele>652.51</ele>
        <time>2026-08-01T16:42:28Z</time>
      </trkpt>
      <trkpt lat="49.09039" lon="-121.4558">
        <ele>652.8</ele>
        <time>2026-08-01T16:42:31Z</time>
      </trkpt>
      <trkpt lat="49.09036" lon="-121.45584">
        <ele>652.9</ele>
        <time>2026-08-01T16:42:34Z</time>
      </trkpt>
      <trkpt lat="49.09033" lon="-121.45588">
        <ele>652.63</ele>
        <time>2026-08-01T16:42:37Z</time>
      </trkpt>
      <trkpt lat="49.0903" lon="-121.45591">
        <ele>652.28</ele>
        <time>2026-08-01T16:42:40Z</time>
      </trkpt>
      <trkpt lat="49.09027" lon="-121.45595">
        <ele>652.26</ele>
        <time>2026-08-01T16:42:43Z</time>
      </trkpt>
      <trkpt lat="49.09024" lon="-121.45598">
        <ele>653.22</ele>
        <time>2026-08-01T16:42:46Z</time>
      </trkpt>
      <trkpt lat="49.0902" lon="-121.45602">
        <ele>654.42</ele>
        <time>2026-08-01T16:42:49Z</time>
      </trkpt>
      <trkpt lat="49.09018" lon="-121.45606">
        <ele>654.95</ele>
        <time>2026-08-01T16:42:52Z</time>
      </trkpt>
      <trkpt lat="49.09015" lon="-121.45609">
        <ele>655.75</ele>
        <time>2026-08-01T16:42:55Z</time>
      </trkpt>
      <trkpt lat="49.09012" lon="-121.45612">
        <ele>656.5</ele>
        <time>2026-08-01T16:42:58Z</time>
      </trkpt>
      <trkpt lat="49.09008" lon="-121.45615">
        <ele>657.44</ele>
        <time>2026-08-01T16:43:01Z</time>
      </trkpt>
      <trkpt lat="49.09005" lon="-121.45611">
        <ele>658.57</ele>
        <time>2026-08-01T16:43:04Z</time>
      </trkpt>
      <trkpt lat="49.09002" lon="-121.45607">
        <ele>659.7</ele>
        <time>2026-08-01T16:43:06Z</time>
      </trkpt>
      <trkpt lat="49.08999" lon="-121.45605">
        <ele>660.33</ele>
        <time>2026-08-01T16:43:09Z</time>
      </trkpt>
      <trkpt lat="49.08995" lon="-121.45604">
        <ele>659.97</ele>
        <time>2026-08-01T16:43:12Z</time>
      </trkpt>
      <trkpt lat="49.08991" lon="-121.45605">
        <ele>659.47</ele>
        <time>2026-08-01T16:43:15Z</time>
      </trkpt>
      <trkpt lat="49.08987" lon="-121.45606">
        <ele>658.96</ele>
        <time>2026-08-01T16:43:18Z</time>
      </trkpt>
      <trkpt lat="49.08983" lon="-121.45606">
        <ele>658.53</ele>
        <time>2026-08-01T16:43:21Z</time>
      </trkpt>
      <trkpt lat="49.08979" lon="-121.45607">
        <ele>658.03</ele>
        <time>2026-08-01T16:43:24Z</time>
      </trkpt>
      <trkpt lat="49.08974" lon="-121.45607">
        <ele>657.49</ele>
        <time>2026-08-01T16:43:26Z</time>
      </trkpt>
      <trkpt lat="49.0897" lon="-121.45607">
        <ele>657.17</ele>
        <time>2026-08-01T16:43:28Z</time>
      </trkpt>
      <trkpt lat="49.08966" lon="-121.45607">
        <ele>656.94</ele>
        <time>2026-08-01T16:43:30Z</time>
      </trkpt>
      <trkpt lat="49.08962" lon="-121.45607">
        <ele>656.71</ele>
        <time>2026-08-01T16:43:34Z</time>
      </trkpt>
      <trkpt lat="49.08958" lon="-121.45606">
        <ele>656.48</ele>
        <time>2026-08-01T16:43:37Z</time>
      </trkpt>
      <trkpt lat="49.08953" lon="-121.45606">
        <ele>656.17</ele>
        <time>2026-08-01T16:43:40Z</time>
      </trkpt>
      <trkpt lat="49.08948" lon="-121.45606">
        <ele>655.85</ele>
        <time>2026-08-01T16:43:43Z</time>
      </trkpt>
      <trkpt lat="49.08944" lon="-121.45606">
        <ele>655.6</ele>
        <time>2026-08-01T16:43:46Z</time>
      </trkpt>
      <trkpt lat="49.08939" lon="-121.45607">
        <ele>655.28</ele>
        <time>2026-08-01T16:43:49Z</time>
      </trkpt>
      <trkpt lat="49.08935" lon="-121.45607">
        <ele>654.97</ele>
        <time>2026-08-01T16:43:52Z</time>
      </trkpt>
      <trkpt lat="49.08932" lon="-121.45608">
        <ele>654.83</ele>
        <time>2026-08-01T16:43:55Z</time>
      </trkpt>
      <trkpt lat="49.08929" lon="-121.45609">
        <ele>654.69</ele>
        <time>2026-08-01T16:43:58Z</time>
      </trkpt>
      <trkpt lat="49.08925" lon="-121.45613">
        <ele>654.67</ele>
        <time>2026-08-01T16:44:01Z</time>
      </trkpt>
      <trkpt lat="49.08922" lon="-121.45616">
        <ele>654.56</ele>
        <time>2026-08-01T16:44:05Z</time>
      </trkpt>
      <trkpt lat="49.08919" lon="-121.45616">
        <ele>654.34</ele>
        <time>2026-08-01T16:44:09Z</time>
      </trkpt>
      <trkpt lat="49.08914" lon="-121.45616">
        <ele>653.85</ele>
        <time>2026-08-01T16:44:13Z</time>
      </trkpt>
      <trkpt lat="49.0891" lon="-121.45616">
        <ele>653.37</ele>
        <time>2026-08-01T16:44:16Z</time>
      </trkpt>
      <trkpt lat="49.08907" lon="-121.45616">
        <ele>653.01</ele>
        <time>2026-08-01T16:44:19Z</time>
      </trkpt>
      <trkpt lat="49.08903" lon="-121.45616">
        <ele>652.53</ele>
        <time>2026-08-01T16:44:22Z</time>
      </trkpt>
      <trkpt lat="49.08899" lon="-121.45616">
        <ele>652.04</ele>
        <time>2026-08-01T16:44:25Z</time>
      </trkpt>
      <trkpt lat="49.08896" lon="-121.45615">
        <ele>651.7</ele>
        <time>2026-08-01T16:44:27Z</time>
      </trkpt>
      <trkpt lat="49.08893" lon="-121.45614">
        <ele>651.37</ele>
        <time>2026-08-01T16:44:29Z</time>
      </trkpt>
      <trkpt lat="49.08891" lon="-121.45614">
        <ele>651.14</ele>
        <time>2026-08-01T16:44:31Z</time>
      </trkpt>
      <trkpt lat="49.08887" lon="-121.45614">
        <ele>651.09</ele>
        <time>2026-08-01T16:44:34Z</time>
      </trkpt>
      <trkpt lat="49.08883" lon="-121.45614">
        <ele>651.51</ele>
        <time>2026-08-01T16:44:38Z</time>
      </trkpt>
      <trkpt lat="49.0888" lon="-121.45614">
        <ele>651.82</ele>
        <time>2026-08-01T16:44:41Z</time>
      </trkpt>
      <trkpt lat="49.08876" lon="-121.45614">
        <ele>652.24</ele>
        <time>2026-08-01T16:44:44Z</time>
      </trkpt>
      <trkpt lat="49.08872" lon="-121.45614">
        <ele>652.66</ele>
        <time>2026-08-01T16:44:47Z</time>
      </trkpt>
      <trkpt lat="49.08868" lon="-121.45614">
        <ele>653.07</ele>
        <time>2026-08-01T16:44:50Z</time>
      </trkpt>
      <trkpt lat="49.08863" lon="-121.45614">
        <ele>653.6</ele>
        <time>2026-08-01T16:44:53Z</time>
      </trkpt>
      <trkpt lat="49.0886" lon="-121.45614">
        <ele>653.96</ele>
        <time>2026-08-01T16:44:55Z</time>
      </trkpt>
      <trkpt lat="49.08857" lon="-121.45614">
        <ele>654.4</ele>
        <time>2026-08-01T16:44:57Z</time>
      </trkpt>
      <trkpt lat="49.08853" lon="-121.45615">
        <ele>654.93</ele>
        <time>2026-08-01T16:45:00Z</time>
      </trkpt>
      <trkpt lat="49.08848" lon="-121.45615">
        <ele>655.67</ele>
        <time>2026-08-01T16:45:03Z</time>
      </trkpt>
      <trkpt lat="49.08845" lon="-121.45616">
        <ele>656.07</ele>
        <time>2026-08-01T16:45:05Z</time>
      </trkpt>
      <trkpt lat="49.08841" lon="-121.45616">
        <ele>656.67</ele>
        <time>2026-08-01T16:45:08Z</time>
      </trkpt>
      <trkpt lat="49.08836" lon="-121.45617">
        <ele>657.38</ele>
        <time>2026-08-01T16:45:11Z</time>
      </trkpt>
      <trkpt lat="49.08832" lon="-121.45617">
        <ele>657.85</ele>
        <time>2026-08-01T16:45:14Z</time>
      </trkpt>
      <trkpt lat="49.08828" lon="-121.45617">
        <ele>658.02</ele>
        <time>2026-08-01T16:45:17Z</time>
      </trkpt>
      <trkpt lat="49.08825" lon="-121.45618">
        <ele>658.13</ele>
        <time>2026-08-01T16:45:20Z</time>
      </trkpt>
      <trkpt lat="49.08821" lon="-121.45618">
        <ele>658.31</ele>
        <time>2026-08-01T16:45:23Z</time>
      </trkpt>
      <trkpt lat="49.08818" lon="-121.45618">
        <ele>658.44</ele>
        <time>2026-08-01T16:45:26Z</time>
      </trkpt>
      <trkpt lat="49.08814" lon="-121.45619">
        <ele>658.61</ele>
        <time>2026-08-01T16:45:29Z</time>
      </trkpt>
      <trkpt lat="49.0881" lon="-121.45619">
        <ele>658.79</ele>
        <time>2026-08-01T16:45:32Z</time>
      </trkpt>
      <trkpt lat="49.08812" lon="-121.45622">
        <ele>658.68</ele>
        <time>2026-08-01T16:45:51Z</time>
      </trkpt>
      <trkpt lat="49.08809" lon="-121.45623">
        <ele>658.82</ele>
        <time>2026-08-01T16:46:00Z</time>
      </trkpt>
      <trkpt lat="49.08806" lon="-121.45623">
        <ele>658.98</ele>
        <time>2026-08-01T16:46:03Z</time>
      </trkpt>
      <trkpt lat="49.08803" lon="-121.45623">
        <ele>658.96</ele>
        <time>2026-08-01T16:46:05Z</time>
      </trkpt>
      <trkpt lat="49.08798" lon="-121.45622">
        <ele>658.89</ele>
        <time>2026-08-01T16:46:09Z</time>
      </trkpt>
      <trkpt lat="49.08794" lon="-121.4562">
        <ele>658.87</ele>
        <time>2026-08-01T16:46:12Z</time>
      </trkpt>
      <trkpt lat="49.0879" lon="-121.45619">
        <ele>658.84</ele>
        <time>2026-08-01T16:46:15Z</time>
      </trkpt>
      <trkpt lat="49.08786" lon="-121.45619">
        <ele>658.8</ele>
        <time>2026-08-01T16:46:18Z</time>
      </trkpt>
      <trkpt lat="49.08782" lon="-121.45618">
        <ele>658.79</ele>
        <time>2026-08-01T16:46:21Z</time>
      </trkpt>
      <trkpt lat="49.08777" lon="-121.45619">
        <ele>658.76</ele>
        <time>2026-08-01T16:46:24Z</time>
      </trkpt>
      <trkpt lat="49.08773" lon="-121.45619">
        <ele>658.96</ele>
        <time>2026-08-01T16:46:27Z</time>
      </trkpt>
      <trkpt lat="49.08769" lon="-121.45619">
        <ele>659.17</ele>
        <time>2026-08-01T16:46:30Z</time>
      </trkpt>
      <trkpt lat="49.08765" lon="-121.45619">
        <ele>659.37</ele>
        <time>2026-08-01T16:46:33Z</time>
      </trkpt>
      <trkpt lat="49.08761" lon="-121.45619">
        <ele>659.58</ele>
        <time>2026-08-01T16:46:36Z</time>
      </trkpt>
      <trkpt lat="49.08757" lon="-121.45619">
        <ele>659.79</ele>
        <time>2026-08-01T16:46:39Z</time>
      </trkpt>
      <trkpt lat="49.08753" lon="-121.45619">
        <ele>659.99</ele>
        <time>2026-08-01T16:46:42Z</time>
      </trkpt>
      <trkpt lat="49.0875" lon="-121.45619">
        <ele>660.15</ele>
        <time>2026-08-01T16:46:45Z</time>
      </trkpt>
      <trkpt lat="49.08746" lon="-121.45618">
        <ele>659.82</ele>
        <time>2026-08-01T16:46:48Z</time>
      </trkpt>
      <trkpt lat="49.08742" lon="-121.45618">
        <ele>659.39</ele>
        <time>2026-08-01T16:46:51Z</time>
      </trkpt>
      <trkpt lat="49.08738" lon="-121.45617">
        <ele>659.07</ele>
        <time>2026-08-01T16:46:54Z</time>
      </trkpt>
      <trkpt lat="49.08734" lon="-121.45616">
        <ele>658.74</ele>
        <time>2026-08-01T16:46:57Z</time>
      </trkpt>
      <trkpt lat="49.0873" lon="-121.45616">
        <ele>658.31</ele>
        <time>2026-08-01T16:47:00Z</time>
      </trkpt>
      <trkpt lat="49.08726" lon="-121.45615">
        <ele>657.99</ele>
        <time>2026-08-01T16:47:03Z</time>
      </trkpt>
      <trkpt lat="49.08722" lon="-121.45615">
        <ele>657.55</ele>
        <time>2026-08-01T16:47:06Z</time>
      </trkpt>
      <trkpt lat="49.08718" lon="-121.45615">
        <ele>657.04</ele>
        <time>2026-08-01T16:47:09Z</time>
      </trkpt>
      <trkpt lat="49.08714" lon="-121.45615">
        <ele>656.52</ele>
        <time>2026-08-01T16:47:12Z</time>
      </trkpt>
      <trkpt lat="49.0871" lon="-121.45615">
        <ele>656.0</ele>
        <time>2026-08-01T16:47:15Z</time>
      </trkpt>
      <trkpt lat="49.08706" lon="-121.45615">
        <ele>655.49</ele>
        <time>2026-08-01T16:47:18Z</time>
      </trkpt>
      <trkpt lat="49.08702" lon="-121.45615">
        <ele>654.97</ele>
        <time>2026-08-01T16:47:21Z</time>
      </trkpt>
      <trkpt lat="49.08698" lon="-121.45615">
        <ele>654.46</ele>
        <time>2026-08-01T16:47:24Z</time>
      </trkpt>
      <trkpt lat="49.08694" lon="-121.45615">
        <ele>654.0</ele>
        <time>2026-08-01T16:47:27Z</time>
      </trkpt>
      <trkpt lat="49.0869" lon="-121.45615">
        <ele>653.98</ele>
        <time>2026-08-01T16:47:30Z</time>
      </trkpt>
      <trkpt lat="49.08686" lon="-121.45615">
        <ele>653.96</ele>
        <time>2026-08-01T16:47:33Z</time>
      </trkpt>
      <trkpt lat="49.08682" lon="-121.45616">
        <ele>653.92</ele>
        <time>2026-08-01T16:47:36Z</time>
      </trkpt>
      <trkpt lat="49.08678" lon="-121.45616">
        <ele>653.9</ele>
        <time>2026-08-01T16:47:39Z</time>
      </trkpt>
      <trkpt lat="49.08674" lon="-121.45616">
        <ele>653.87</ele>
        <time>2026-08-01T16:47:42Z</time>
      </trkpt>
      <trkpt lat="49.0867" lon="-121.45615">
        <ele>653.88</ele>
        <time>2026-08-01T16:47:45Z</time>
      </trkpt>
      <trkpt lat="49.08666" lon="-121.45615">
        <ele>653.9</ele>
        <time>2026-08-01T16:47:48Z</time>
      </trkpt>
      <trkpt lat="49.08662" lon="-121.45616">
        <ele>654.13</ele>
        <time>2026-08-01T16:47:51Z</time>
      </trkpt>
      <trkpt lat="49.08658" lon="-121.45615">
        <ele>654.44</ele>
        <time>2026-08-01T16:47:54Z</time>
      </trkpt>
      <trkpt lat="49.08654" lon="-121.45615">
        <ele>654.71</ele>
        <time>2026-08-01T16:47:57Z</time>
      </trkpt>
      <trkpt lat="49.0865" lon="-121.45615">
        <ele>654.98</ele>
        <time>2026-08-01T16:48:00Z</time>
      </trkpt>
      <trkpt lat="49.08646" lon="-121.45615">
        <ele>655.24</ele>
        <time>2026-08-01T16:48:03Z</time>
      </trkpt>
      <trkpt lat="49.08644" lon="-121.45615">
        <ele>655.38</ele>
        <time>2026-08-01T16:48:07Z</time>
      </trkpt>
      <trkpt lat="49.0864" lon="-121.45614">
        <ele>655.72</ele>
        <time>2026-08-01T16:48:11Z</time>
      </trkpt>
      <trkpt lat="49.08636" lon="-121.45614">
        <ele>655.62</ele>
        <time>2026-08-01T16:48:14Z</time>
      </trkpt>
      <trkpt lat="49.08632" lon="-121.45614">
        <ele>655.37</ele>
        <time>2026-08-01T16:48:17Z</time>
      </trkpt>
      <trkpt lat="49.08628" lon="-121.45614">
        <ele>655.13</ele>
        <time>2026-08-01T16:48:20Z</time>
      </trkpt>
      <trkpt lat="49.08625" lon="-121.45614">
        <ele>654.95</ele>
        <time>2026-08-01T16:48:23Z</time>
      </trkpt>
      <trkpt lat="49.08621" lon="-121.45616">
        <ele>654.7</ele>
        <time>2026-08-01T16:48:26Z</time>
      </trkpt>
      <trkpt lat="49.08618" lon="-121.4562">
        <ele>654.58</ele>
        <time>2026-08-01T16:48:29Z</time>
      </trkpt>
      <trkpt lat="49.08615" lon="-121.45623">
        <ele>654.53</ele>
        <time>2026-08-01T16:48:32Z</time>
      </trkpt>
      <trkpt lat="49.08616" lon="-121.45626">
        <ele>654.6</ele>
        <time>2026-08-01T16:48:41Z</time>
      </trkpt>
      <trkpt lat="49.08613" lon="-121.45626">
        <ele>654.56</ele>
        <time>2026-08-01T16:49:22Z</time>
      </trkpt>
      <trkpt lat="49.08608" lon="-121.45626">
        <ele>654.36</ele>
        <time>2026-08-01T16:49:24Z</time>
      </trkpt>
      <trkpt lat="49.08604" lon="-121.45626">
        <ele>654.14</ele>
        <time>2026-08-01T16:49:26Z</time>
      </trkpt>
      <trkpt lat="49.086" lon="-121.45626">
        <ele>653.92</ele>
        <time>2026-08-01T16:49:30Z</time>
      </trkpt>
      <trkpt lat="49.08596" lon="-121.45626">
        <ele>653.7</ele>
        <time>2026-08-01T16:49:34Z</time>
      </trkpt>
      <trkpt lat="49.08592" lon="-121.45626">
        <ele>653.48</ele>
        <time>2026-08-01T16:49:37Z</time>
      </trkpt>
      <trkpt lat="49.08588" lon="-121.45626">
        <ele>653.26</ele>
        <time>2026-08-01T16:49:40Z</time>
      </trkpt>
      <trkpt lat="49.08584" lon="-121.45626">
        <ele>653.04</ele>
        <time>2026-08-01T16:49:43Z</time>
      </trkpt>
      <trkpt lat="49.0858" lon="-121.45627">
        <ele>650.77</ele>
        <time>2026-08-01T16:49:46Z</time>
      </trkpt>
      <trkpt lat="49.08576" lon="-121.45627">
        <ele>648.1</ele>
        <time>2026-08-01T16:49:49Z</time>
      </trkpt>
      <trkpt lat="49.08573" lon="-121.45628">
        <ele>646.55</ele>
        <time>2026-08-01T16:49:52Z</time>
      </trkpt>
      <trkpt lat="49.08569" lon="-121.4563">
        <ele>645.32</ele>
        <time>2026-08-01T16:49:55Z</time>
      </trkpt>
      <trkpt lat="49.08565" lon="-121.45633">
        <ele>645.6</ele>
        <time>2026-08-01T16:49:58Z</time>
      </trkpt>
      <trkpt lat="49.08562" lon="-121.45636">
        <ele>647.21</ele>
        <time>2026-08-01T16:50:01Z</time>
      </trkpt>
      <trkpt lat="49.08559" lon="-121.4564">
        <ele>649.45</ele>
        <time>2026-08-01T16:50:04Z</time>
      </trkpt>
      <trkpt lat="49.08556" lon="-121.45642">
        <ele>648.95</ele>
        <time>2026-08-01T16:50:07Z</time>
      </trkpt>
      <trkpt lat="49.08558" lon="-121.45643">
        <ele>649.18</ele>
        <time>2026-08-01T16:50:16Z</time>
      </trkpt>
      <trkpt lat="49.08559" lon="-121.45644">
        <ele>649.27</ele>
        <time>2026-08-01T16:50:31Z</time>
      </trkpt>
      <trkpt lat="49.08557" lon="-121.45649">
        <ele>648.81</ele>
        <time>2026-08-01T16:50:47Z</time>
      </trkpt>
      <trkpt lat="49.08555" lon="-121.45652">
        <ele>647.86</ele>
        <time>2026-08-01T16:50:53Z</time>
      </trkpt>
      <trkpt lat="49.08552" lon="-121.45658">
        <ele>644.05</ele>
        <time>2026-08-01T16:50:58Z</time>
      </trkpt>
      <trkpt lat="49.08548" lon="-121.45666">
        <ele>639.04</ele>
        <time>2026-08-01T16:51:00Z</time>
      </trkpt>
      <trkpt lat="49.08546" lon="-121.4567">
        <ele>637.85</ele>
        <time>2026-08-01T16:51:01Z</time>
      </trkpt>
      <trkpt lat="49.08543" lon="-121.45675">
        <ele>637.12</ele>
        <time>2026-08-01T16:51:03Z</time>
      </trkpt>
      <trkpt lat="49.0854" lon="-121.4568">
        <ele>637.64</ele>
        <time>2026-08-01T16:51:05Z</time>
      </trkpt>
      <trkpt lat="49.08538" lon="-121.45684">
        <ele>639.14</ele>
        <time>2026-08-01T16:51:08Z</time>
      </trkpt>
      <trkpt lat="49.08537" lon="-121.45689">
        <ele>642.34</ele>
        <time>2026-08-01T16:51:11Z</time>
      </trkpt>
      <trkpt lat="49.08535" lon="-121.45694">
        <ele>645.9</ele>
        <time>2026-08-01T16:51:14Z</time>
      </trkpt>
      <trkpt lat="49.08532" lon="-121.45699">
        <ele>646.48</ele>
        <time>2026-08-01T16:51:17Z</time>
      </trkpt>
      <trkpt lat="49.0853" lon="-121.45704">
        <ele>646.77</ele>
        <time>2026-08-01T16:51:20Z</time>
      </trkpt>
      <trkpt lat="49.08529" lon="-121.45709">
        <ele>647.09</ele>
        <time>2026-08-01T16:51:23Z</time>
      </trkpt>
      <trkpt lat="49.08527" lon="-121.45713">
        <ele>647.05</ele>
        <time>2026-08-01T16:51:26Z</time>
      </trkpt>
      <trkpt lat="49.08525" lon="-121.45719">
        <ele>647.41</ele>
        <time>2026-08-01T16:51:30Z</time>
      </trkpt>
      <trkpt lat="49.08523" lon="-121.45724">
        <ele>648.28</ele>
        <time>2026-08-01T16:51:33Z</time>
      </trkpt>
      <trkpt lat="49.08522" lon="-121.45729">
        <ele>649.08</ele>
        <time>2026-08-01T16:51:36Z</time>
      </trkpt>
      <trkpt lat="49.0852" lon="-121.45734">
        <ele>649.93</ele>
        <time>2026-08-01T16:51:39Z</time>
      </trkpt>
      <trkpt lat="49.08518" lon="-121.45739">
        <ele>650.84</ele>
        <time>2026-08-01T16:51:42Z</time>
      </trkpt>
      <trkpt lat="49.08516" lon="-121.45745">
        <ele>651.98</ele>
        <time>2026-08-01T16:51:45Z</time>
      </trkpt>
      <trkpt lat="49.08514" lon="-121.4575">
        <ele>652.99</ele>
        <time>2026-08-01T16:51:48Z</time>
      </trkpt>
      <trkpt lat="49.08513" lon="-121.45755">
        <ele>653.06</ele>
        <time>2026-08-01T16:51:51Z</time>
      </trkpt>
      <trkpt lat="49.08511" lon="-121.4576">
        <ele>653.21</ele>
        <time>2026-08-01T16:51:54Z</time>
      </trkpt>
      <trkpt lat="49.08509" lon="-121.45765">
        <ele>653.35</ele>
        <time>2026-08-01T16:51:57Z</time>
      </trkpt>
      <trkpt lat="49.08508" lon="-121.4577">
        <ele>653.42</ele>
        <time>2026-08-01T16:52:00Z</time>
      </trkpt>
      <trkpt lat="49.08506" lon="-121.45775">
        <ele>653.57</ele>
        <time>2026-08-01T16:52:03Z</time>
      </trkpt>
      <trkpt lat="49.08505" lon="-121.4578">
        <ele>653.73</ele>
        <time>2026-08-01T16:52:06Z</time>
      </trkpt>
      <trkpt lat="49.08503" lon="-121.45785">
        <ele>654.07</ele>
        <time>2026-08-01T16:52:09Z</time>
      </trkpt>
      <trkpt lat="49.08502" lon="-121.4579">
        <ele>654.33</ele>
        <time>2026-08-01T16:52:12Z</time>
      </trkpt>
      <trkpt lat="49.085" lon="-121.45794">
        <ele>654.58</ele>
        <time>2026-08-01T16:52:15Z</time>
      </trkpt>
      <trkpt lat="49.08498" lon="-121.45798">
        <ele>654.68</ele>
        <time>2026-08-01T16:52:18Z</time>
      </trkpt>
      <trkpt lat="49.08497" lon="-121.45803">
        <ele>654.81</ele>
        <time>2026-08-01T16:52:21Z</time>
      </trkpt>
      <trkpt lat="49.08495" lon="-121.45807">
        <ele>654.9</ele>
        <time>2026-08-01T16:52:24Z</time>
      </trkpt>
      <trkpt lat="49.08491" lon="-121.45808">
        <ele>654.77</ele>
        <time>2026-08-01T16:52:29Z</time>
      </trkpt>
      <trkpt lat="49.08489" lon="-121.45812">
        <ele>654.79</ele>
        <time>2026-08-01T16:52:32Z</time>
      </trkpt>
      <trkpt lat="49.08485" lon="-121.45815">
        <ele>654.59</ele>
        <time>2026-08-01T16:52:36Z</time>
      </trkpt>
      <trkpt lat="49.08481" lon="-121.45817">
        <ele>654.29</ele>
        <time>2026-08-01T16:52:38Z</time>
      </trkpt>
      <trkpt lat="49.08478" lon="-121.45819">
        <ele>654.03</ele>
        <time>2026-08-01T16:52:40Z</time>
      </trkpt>
      <trkpt lat="49.08475" lon="-121.45821">
        <ele>653.71</ele>
        <time>2026-08-01T16:52:43Z</time>
      </trkpt>
      <trkpt lat="49.08471" lon="-121.45824">
        <ele>653.12</ele>
        <time>2026-08-01T16:52:46Z</time>
      </trkpt>
      <trkpt lat="49.08468" lon="-121.45827">
        <ele>652.52</ele>
        <time>2026-08-01T16:52:49Z</time>
      </trkpt>
      <trkpt lat="49.08465" lon="-121.45829">
        <ele>651.99</ele>
        <time>2026-08-01T16:52:52Z</time>
      </trkpt>
      <trkpt lat="49.08462" lon="-121.45832">
        <ele>651.52</ele>
        <time>2026-08-01T16:52:56Z</time>
      </trkpt>
      <trkpt lat="49.08458" lon="-121.45833">
        <ele>650.95</ele>
        <time>2026-08-01T16:52:59Z</time>
      </trkpt>
      <trkpt lat="49.08455" lon="-121.45834">
        <ele>650.52</ele>
        <time>2026-08-01T16:53:02Z</time>
      </trkpt>
      <trkpt lat="49.08451" lon="-121.45833">
        <ele>649.93</ele>
        <time>2026-08-01T16:53:05Z</time>
      </trkpt>
      <trkpt lat="49.08447" lon="-121.45831">
        <ele>649.22</ele>
        <time>2026-08-01T16:53:08Z</time>
      </trkpt>
      <trkpt lat="49.08443" lon="-121.45829">
        <ele>648.06</ele>
        <time>2026-08-01T16:53:11Z</time>
      </trkpt>
      <trkpt lat="49.08439" lon="-121.45828">
        <ele>646.23</ele>
        <time>2026-08-01T16:53:14Z</time>
      </trkpt>
      <trkpt lat="49.08435" lon="-121.45828">
        <ele>644.47</ele>
        <time>2026-08-01T16:53:17Z</time>
      </trkpt>
      <trkpt lat="49.08431" lon="-121.45827">
        <ele>642.63</ele>
        <time>2026-08-01T16:53:20Z</time>
      </trkpt>
      <trkpt lat="49.08428" lon="-121.45827">
        <ele>641.31</ele>
        <time>2026-08-01T16:53:23Z</time>
      </trkpt>
      <trkpt lat="49.08424" lon="-121.45826">
        <ele>639.45</ele>
        <time>2026-08-01T16:53:26Z</time>
      </trkpt>
      <trkpt lat="49.0842" lon="-121.45826">
        <ele>637.68</ele>
        <time>2026-08-01T16:53:30Z</time>
      </trkpt>
      <trkpt lat="49.08418" lon="-121.45823">
        <ele>636.48</ele>
        <time>2026-08-01T16:53:36Z</time>
      </trkpt>
      <trkpt lat="49.08415" lon="-121.45819">
        <ele>635.33</ele>
        <time>2026-08-01T16:53:39Z</time>
      </trkpt>
      <trkpt lat="49.08412" lon="-121.45814">
        <ele>634.64</ele>
        <time>2026-08-01T16:53:42Z</time>
      </trkpt>
      <trkpt lat="49.0841" lon="-121.45806">
        <ele>633.8</ele>
        <time>2026-08-01T16:53:45Z</time>
      </trkpt>
      <trkpt lat="49.08409" lon="-121.45799">
        <ele>633.25</ele>
        <time>2026-08-01T16:53:47Z</time>
      </trkpt>
      <trkpt lat="49.0841" lon="-121.45803">
        <ele>633.58</ele>
        <time>2026-08-01T16:53:51Z</time>
      </trkpt>
      <trkpt lat="49.08411" lon="-121.45807">
        <ele>633.93</ele>
        <time>2026-08-01T16:53:53Z</time>
      </trkpt>
      <trkpt lat="49.08411" lon="-121.45812">
        <ele>634.4</ele>
        <time>2026-08-01T16:53:56Z</time>
      </trkpt>
      <trkpt lat="49.08411" lon="-121.45817">
        <ele>634.86</ele>
        <time>2026-08-01T16:53:59Z</time>
      </trkpt>
      <trkpt lat="49.08411" lon="-121.45821">
        <ele>635.24</ele>
        <time>2026-08-01T16:54:02Z</time>
      </trkpt>
      <trkpt lat="49.0841" lon="-121.45826">
        <ele>635.61</ele>
        <time>2026-08-01T16:54:06Z</time>
      </trkpt>
      <trkpt lat="49.08407" lon="-121.4583">
        <ele>635.68</ele>
        <time>2026-08-01T16:54:10Z</time>
      </trkpt>
      <trkpt lat="49.08403" lon="-121.45833">
        <ele>635.5</ele>
        <time>2026-08-01T16:54:13Z</time>
      </trkpt>
      <trkpt lat="49.08399" lon="-121.45835">
        <ele>635.15</ele>
        <time>2026-08-01T16:54:16Z</time>
      </trkpt>
      <trkpt lat="49.08394" lon="-121.45837">
        <ele>634.68</ele>
        <time>2026-08-01T16:54:19Z</time>
      </trkpt>
      <trkpt lat="49.08391" lon="-121.45838">
        <ele>634.4</ele>
        <time>2026-08-01T16:54:21Z</time>
      </trkpt>
      <trkpt lat="49.08388" lon="-121.4584">
        <ele>634.36</ele>
        <time>2026-08-01T16:54:23Z</time>
      </trkpt>
      <trkpt lat="49.08385" lon="-121.4584">
        <ele>634.76</ele>
        <time>2026-08-01T16:54:25Z</time>
      </trkpt>
      <trkpt lat="49.08385" lon="-121.45835">
        <ele>634.51</ele>
        <time>2026-08-01T16:54:31Z</time>
      </trkpt>
      <trkpt lat="49.08383" lon="-121.45841">
        <ele>635.09</ele>
        <time>2026-08-01T16:54:49Z</time>
      </trkpt>
      <trkpt lat="49.08381" lon="-121.45844">
        <ele>635.56</ele>
        <time>2026-08-01T16:54:51Z</time>
      </trkpt>
      <trkpt lat="49.08377" lon="-121.45846">
        <ele>636.33</ele>
        <time>2026-08-01T16:54:53Z</time>
      </trkpt>
      <trkpt lat="49.08373" lon="-121.45849">
        <ele>637.25</ele>
        <time>2026-08-01T16:54:55Z</time>
      </trkpt>
      <trkpt lat="49.0837" lon="-121.45851">
        <ele>637.97</ele>
        <time>2026-08-01T16:54:57Z</time>
      </trkpt>
      <trkpt lat="49.08367" lon="-121.45854">
        <ele>638.87</ele>
        <time>2026-08-01T16:55:01Z</time>
      </trkpt>
      <trkpt lat="49.08364" lon="-121.45856">
        <ele>639.7</ele>
        <time>2026-08-01T16:55:04Z</time>
      </trkpt>
      <trkpt lat="49.08359" lon="-121.45857">
        <ele>641.32</ele>
        <time>2026-08-01T16:55:08Z</time>
      </trkpt>
      <trkpt lat="49.08356" lon="-121.45857">
        <ele>642.61</ele>
        <time>2026-08-01T16:55:11Z</time>
      </trkpt>
      <trkpt lat="49.08353" lon="-121.45854">
        <ele>643.25</ele>
        <time>2026-08-01T16:55:15Z</time>
      </trkpt>
      <trkpt lat="49.08352" lon="-121.45849">
        <ele>642.52</ele>
        <time>2026-08-01T16:55:17Z</time>
      </trkpt>
      <trkpt lat="49.08351" lon="-121.45844">
        <ele>641.7</ele>
        <time>2026-08-01T16:55:19Z</time>
      </trkpt>
      <trkpt lat="49.0835" lon="-121.45839">
        <ele>640.79</ele>
        <time>2026-08-01T16:55:21Z</time>
      </trkpt>
      <trkpt lat="49.08349" lon="-121.45834">
        <ele>639.79</ele>
        <time>2026-08-01T16:55:23Z</time>
      </trkpt>
      <trkpt lat="49.08349" lon="-121.45829">
        <ele>639.03</ele>
        <time>2026-08-01T16:55:25Z</time>
      </trkpt>
      <trkpt lat="49.08349" lon="-121.45824">
        <ele>638.36</ele>
        <time>2026-08-01T16:55:27Z</time>
      </trkpt>
      <trkpt lat="49.0835" lon="-121.45819">
        <ele>637.54</ele>
        <time>2026-08-01T16:55:29Z</time>
      </trkpt>
      <trkpt lat="49.08349" lon="-121.45814">
        <ele>637.01</ele>
        <time>2026-08-01T16:55:31Z</time>
      </trkpt>
      <trkpt lat="49.08348" lon="-121.45807">
        <ele>636.15</ele>
        <time>2026-08-01T16:55:34Z</time>
      </trkpt>
      <trkpt lat="49.08346" lon="-121.45802">
        <ele>635.9</ele>
        <time>2026-08-01T16:55:37Z</time>
      </trkpt>
      <trkpt lat="49.08345" lon="-121.45797">
        <ele>635.72</ele>
        <time>2026-08-01T16:55:56Z</time>
      </trkpt>
      <trkpt lat="49.08343" lon="-121.458">
        <ele>636.03</ele>
        <time>2026-08-01T16:56:13Z</time>
      </trkpt>
      <trkpt lat="49.08341" lon="-121.45805">
        <ele>636.42</ele>
        <time>2026-08-01T16:56:18Z</time>
      </trkpt>
      <trkpt lat="49.08341" lon="-121.4581">
        <ele>637.23</ele>
        <time>2026-08-01T16:56:22Z</time>
      </trkpt>
      <trkpt lat="49.08341" lon="-121.45816">
        <ele>638.29</ele>
        <time>2026-08-01T16:56:26Z</time>
      </trkpt>
      <trkpt lat="49.08341" lon="-121.45823">
        <ele>639.52</ele>
        <time>2026-08-01T16:56:29Z</time>
      </trkpt>
      <trkpt lat="49.08341" lon="-121.45828">
        <ele>640.4</ele>
        <time>2026-08-01T16:56:32Z</time>
      </trkpt>
      <trkpt lat="49.08342" lon="-121.45833">
        <ele>641.07</ele>
        <time>2026-08-01T16:56:36Z</time>
      </trkpt>
      <trkpt lat="49.08343" lon="-121.45838">
        <ele>642.35</ele>
        <time>2026-08-01T16:56:42Z</time>
      </trkpt>
      <trkpt lat="49.08346" lon="-121.45842">
        <ele>642.7</ele>
        <time>2026-08-01T16:56:45Z</time>
      </trkpt>
      <trkpt lat="49.08348" lon="-121.45844">
        <ele>642.64</ele>
        <time>2026-08-01T16:56:47Z</time>
      </trkpt>
      <trkpt lat="49.0835" lon="-121.45848">
        <ele>642.99</ele>
        <time>2026-08-01T16:56:51Z</time>
      </trkpt>
      <trkpt lat="49.08348" lon="-121.45849">
        <ele>643.95</ele>
        <time>2026-08-01T16:57:06Z</time>
      </trkpt>
      <trkpt lat="49.08348" lon="-121.45854">
        <ele>645.27</ele>
        <time>2026-08-01T16:57:12Z</time>
      </trkpt>
      <trkpt lat="49.0835" lon="-121.45857">
        <ele>645.19</ele>
        <time>2026-08-01T16:57:21Z</time>
      </trkpt>
      <trkpt lat="49.08349" lon="-121.45861">
        <ele>646.64</ele>
        <time>2026-08-01T16:57:28Z</time>
      </trkpt>
      <trkpt lat="49.08347" lon="-121.45865">
        <ele>648.87</ele>
        <time>2026-08-01T16:57:34Z</time>
      </trkpt>
      <trkpt lat="49.08345" lon="-121.45864">
        <ele>649.49</ele>
        <time>2026-08-01T16:57:38Z</time>
      </trkpt>
      <trkpt lat="49.08342" lon="-121.45859">
        <ele>649.27</ele>
        <time>2026-08-01T16:57:44Z</time>
      </trkpt>
      <trkpt lat="49.08341" lon="-121.45855">
        <ele>648.42</ele>
        <time>2026-08-01T16:57:46Z</time>
      </trkpt>
      <trkpt lat="49.0834" lon="-121.45851">
        <ele>647.49</ele>
        <time>2026-08-01T16:57:48Z</time>
      </trkpt>
      <trkpt lat="49.08339" lon="-121.45846">
        <ele>646.14</ele>
        <time>2026-08-01T16:57:51Z</time>
      </trkpt>
      <trkpt lat="49.08338" lon="-121.45841">
        <ele>644.7</ele>
        <time>2026-08-01T16:57:54Z</time>
      </trkpt>
      <trkpt lat="49.08336" lon="-121.45836">
        <ele>643.42</ele>
        <time>2026-08-01T16:57:58Z</time>
      </trkpt>
      <trkpt lat="49.08334" lon="-121.45831">
        <ele>642.36</ele>
        <time>2026-08-01T16:58:03Z</time>
      </trkpt>
      <trkpt lat="49.08332" lon="-121.45835">
        <ele>644.44</ele>
        <time>2026-08-01T16:58:10Z</time>
      </trkpt>
      <trkpt lat="49.08331" lon="-121.4584">
        <ele>647.04</ele>
        <time>2026-08-01T16:58:12Z</time>
      </trkpt>
      <trkpt lat="49.08331" lon="-121.45845">
        <ele>649.07</ele>
        <time>2026-08-01T16:58:15Z</time>
      </trkpt>
      <trkpt lat="49.08329" lon="-121.45849">
        <ele>651.96</ele>
        <time>2026-08-01T16:58:19Z</time>
      </trkpt>
      <trkpt lat="49.08328" lon="-121.45853">
        <ele>654.27</ele>
        <time>2026-08-01T16:58:25Z</time>
      </trkpt>
      <trkpt lat="49.08327" lon="-121.45858">
        <ele>657.02</ele>
        <time>2026-08-01T16:58:30Z</time>
      </trkpt>
      <trkpt lat="49.08329" lon="-121.45863">
        <ele>657.65</ele>
        <time>2026-08-01T16:58:35Z</time>
      </trkpt>
      <trkpt lat="49.08327" lon="-121.45866">
        <ele>660.13</ele>
        <time>2026-08-01T16:58:38Z</time>
      </trkpt>
      <trkpt lat="49.08325" lon="-121.45869">
        <ele>662.63</ele>
        <time>2026-08-01T16:58:41Z</time>
      </trkpt>
      <trkpt lat="49.08323" lon="-121.45873">
        <ele>665.51</ele>
        <time>2026-08-01T16:58:44Z</time>
      </trkpt>
      <trkpt lat="49.08323" lon="-121.45878">
        <ele>667.37</ele>
        <time>2026-08-01T16:58:48Z</time>
      </trkpt>
      <trkpt lat="49.08326" lon="-121.45881">
        <ele>666.37</ele>
        <time>2026-08-01T16:58:50Z</time>
      </trkpt>
      <trkpt lat="49.08329" lon="-121.45885">
        <ele>665.7</ele>
        <time>2026-08-01T16:58:53Z</time>
      </trkpt>
      <trkpt lat="49.08332" lon="-121.45888">
        <ele>664.64</ele>
        <time>2026-08-01T16:58:56Z</time>
      </trkpt>
      <trkpt lat="49.08334" lon="-121.45893">
        <ele>665.41</ele>
        <time>2026-08-01T16:58:59Z</time>
      </trkpt>
      <trkpt lat="49.08336" lon="-121.45897">
        <ele>665.98</ele>
        <time>2026-08-01T16:59:02Z</time>
      </trkpt>
      <trkpt lat="49.08339" lon="-121.45901">
        <ele>665.91</ele>
        <time>2026-08-01T16:59:05Z</time>
      </trkpt>
      <trkpt lat="49.08342" lon="-121.45904">
        <ele>665.34</ele>
        <time>2026-08-01T16:59:08Z</time>
      </trkpt>
      <trkpt lat="49.08345" lon="-121.45908">
        <ele>665.09</ele>
        <time>2026-08-01T16:59:11Z</time>
      </trkpt>
      <trkpt lat="49.08348" lon="-121.45911">
        <ele>664.37</ele>
        <time>2026-08-01T16:59:14Z</time>
      </trkpt>
      <trkpt lat="49.0835" lon="-121.45915">
        <ele>664.59</ele>
        <time>2026-08-01T16:59:17Z</time>
      </trkpt>
      <trkpt lat="49.08352" lon="-121.45919">
        <ele>664.72</ele>
        <time>2026-08-01T16:59:20Z</time>
      </trkpt>
      <trkpt lat="49.08355" lon="-121.45923">
        <ele>664.19</ele>
        <time>2026-08-01T16:59:23Z</time>
      </trkpt>
      <trkpt lat="49.08357" lon="-121.45927">
        <ele>664.33</ele>
        <time>2026-08-01T16:59:26Z</time>
      </trkpt>
      <trkpt lat="49.0836" lon="-121.45931">
        <ele>663.86</ele>
        <time>2026-08-01T16:59:29Z</time>
      </trkpt>
      <trkpt lat="49.08363" lon="-121.45935">
        <ele>663.36</ele>
        <time>2026-08-01T16:59:32Z</time>
      </trkpt>
      <trkpt lat="49.08366" lon="-121.45939">
        <ele>662.69</ele>
        <time>2026-08-01T16:59:35Z</time>
      </trkpt>
      <trkpt lat="49.08369" lon="-121.45944">
        <ele>662.18</ele>
        <time>2026-08-01T16:59:38Z</time>
      </trkpt>
      <trkpt lat="49.08371" lon="-121.45948">
        <ele>661.9</ele>
        <time>2026-08-01T16:59:41Z</time>
      </trkpt>
      <trkpt lat="49.08373" lon="-121.45953">
        <ele>661.82</ele>
        <time>2026-08-01T16:59:44Z</time>
      </trkpt>
      <trkpt lat="49.08375" lon="-121.45957">
        <ele>661.39</ele>
        <time>2026-08-01T16:59:47Z</time>
      </trkpt>
      <trkpt lat="49.08372" lon="-121.45962">
        <ele>665.1</ele>
        <time>2026-08-01T16:59:50Z</time>
      </trkpt>
      <trkpt lat="49.0837" lon="-121.45967">
        <ele>668.13</ele>
        <time>2026-08-01T16:59:53Z</time>
      </trkpt>
      <trkpt lat="49.08371" lon="-121.45972">
        <ele>668.75</ele>
        <time>2026-08-01T16:59:57Z</time>
      </trkpt>
      <trkpt lat="49.08374" lon="-121.45973">
        <ele>666.5</ele>
        <time>2026-08-01T16:59:59Z</time>
      </trkpt>
      <trkpt lat="49.08378" lon="-121.45972">
        <ele>662.96</ele>
        <time>2026-08-01T17:00:01Z</time>
      </trkpt>
      <trkpt lat="49.08381" lon="-121.45972">
        <ele>660.48</ele>
        <time>2026-08-01T17:00:04Z</time>
      </trkpt>
      <trkpt lat="49.08383" lon="-121.45975">
        <ele>659.42</ele>
        <time>2026-08-01T17:00:09Z</time>
      </trkpt>
      <trkpt lat="49.08385" lon="-121.45978">
        <ele>658.32</ele>
        <time>2026-08-01T17:00:13Z</time>
      </trkpt>
      <trkpt lat="49.08387" lon="-121.45982">
        <ele>657.37</ele>
        <time>2026-08-01T17:00:18Z</time>
      </trkpt>
      <trkpt lat="49.08389" lon="-121.45987">
        <ele>656.62</ele>
        <time>2026-08-01T17:00:23Z</time>
      </trkpt>
      <trkpt lat="49.08392" lon="-121.45991">
        <ele>656.11</ele>
        <time>2026-08-01T17:00:27Z</time>
      </trkpt>
      <trkpt lat="49.08395" lon="-121.45995">
        <ele>655.54</ele>
        <time>2026-08-01T17:00:31Z</time>
      </trkpt>
      <trkpt lat="49.08397" lon="-121.46">
        <ele>655.5</ele>
        <time>2026-08-01T17:00:35Z</time>
      </trkpt>
      <trkpt lat="49.084" lon="-121.46004">
        <ele>655.01</ele>
        <time>2026-08-01T17:00:39Z</time>
      </trkpt>
      <trkpt lat="49.08402" lon="-121.46008">
        <ele>654.82</ele>
        <time>2026-08-01T17:00:43Z</time>
      </trkpt>
      <trkpt lat="49.08404" lon="-121.46012">
        <ele>654.52</ele>
        <time>2026-08-01T17:00:47Z</time>
      </trkpt>
      <trkpt lat="49.08407" lon="-121.46017">
        <ele>653.68</ele>
        <time>2026-08-01T17:00:51Z</time>
      </trkpt>
      <trkpt lat="49.08409" lon="-121.46021">
        <ele>653.08</ele>
        <time>2026-08-01T17:00:55Z</time>
      </trkpt>
      <trkpt lat="49.08412" lon="-121.46026">
        <ele>651.83</ele>
        <time>2026-08-01T17:00:59Z</time>
      </trkpt>
      <trkpt lat="49.08414" lon="-121.46031">
        <ele>651.48</ele>
        <time>2026-08-01T17:01:03Z</time>
      </trkpt>
      <trkpt lat="49.08416" lon="-121.46036">
        <ele>651.24</ele>
        <time>2026-08-01T17:01:07Z</time>
      </trkpt>
      <trkpt lat="49.08417" lon="-121.46041">
        <ele>651.74</ele>
        <time>2026-08-01T17:01:11Z</time>
      </trkpt>
      <trkpt lat="49.08419" lon="-121.46046">
        <ele>652.02</ele>
        <time>2026-08-01T17:01:15Z</time>
      </trkpt>
      <trkpt lat="49.08421" lon="-121.46052">
        <ele>652.32</ele>
        <time>2026-08-01T17:01:19Z</time>
      </trkpt>
      <trkpt lat="49.08424" lon="-121.46056">
        <ele>651.62</ele>
        <time>2026-08-01T17:01:23Z</time>
      </trkpt>
      <trkpt lat="49.08427" lon="-121.46059">
        <ele>650.57</ele>
        <time>2026-08-01T17:01:25Z</time>
      </trkpt>
      <trkpt lat="49.08431" lon="-121.46061">
        <ele>648.87</ele>
        <time>2026-08-01T17:01:27Z</time>
      </trkpt>
      <trkpt lat="49.08434" lon="-121.46064">
        <ele>647.72</ele>
        <time>2026-08-01T17:01:30Z</time>
      </trkpt>
      <trkpt lat="49.08433" lon="-121.46067">
        <ele>648.52</ele>
        <time>2026-08-01T17:01:34Z</time>
      </trkpt>
      <trkpt lat="49.08435" lon="-121.46073">
        <ele>648.1</ele>
        <time>2026-08-01T17:01:39Z</time>
      </trkpt>
      <trkpt lat="49.08438" lon="-121.46077">
        <ele>646.92</ele>
        <time>2026-08-01T17:01:43Z</time>
      </trkpt>
      <trkpt lat="49.08442" lon="-121.4608">
        <ele>645.06</ele>
        <time>2026-08-01T17:01:46Z</time>
      </trkpt>
      <trkpt lat="49.08446" lon="-121.46083">
        <ele>643.53</ele>
        <time>2026-08-01T17:01:49Z</time>
      </trkpt>
      <trkpt lat="49.08448" lon="-121.46086">
        <ele>643.19</ele>
        <time>2026-08-01T17:01:52Z</time>
      </trkpt>
      <trkpt lat="49.0845" lon="-121.46091">
        <ele>643.06</ele>
        <time>2026-08-01T17:01:56Z</time>
      </trkpt>
      <trkpt lat="49.08452" lon="-121.46096">
        <ele>642.98</ele>
        <time>2026-08-01T17:02:01Z</time>
      </trkpt>
      <trkpt lat="49.08455" lon="-121.46101">
        <ele>642.72</ele>
        <time>2026-08-01T17:02:05Z</time>
      </trkpt>
      <trkpt lat="49.08457" lon="-121.46104">
        <ele>642.54</ele>
        <time>2026-08-01T17:02:08Z</time>
      </trkpt>
      <trkpt lat="49.08459" lon="-121.46108">
        <ele>642.51</ele>
        <time>2026-08-01T17:02:11Z</time>
      </trkpt>
      <trkpt lat="49.08461" lon="-121.46112">
        <ele>642.54</ele>
        <time>2026-08-01T17:02:14Z</time>
      </trkpt>
      <trkpt lat="49.08463" lon="-121.46117">
        <ele>642.7</ele>
        <time>2026-08-01T17:02:16Z</time>
      </trkpt>
      <trkpt lat="49.08464" lon="-121.46121">
        <ele>642.91</ele>
        <time>2026-08-01T17:02:18Z</time>
      </trkpt>
      <trkpt lat="49.08465" lon="-121.46127">
        <ele>643.3</ele>
        <time>2026-08-01T17:02:20Z</time>
      </trkpt>
      <trkpt lat="49.08467" lon="-121.46132">
        <ele>643.2</ele>
        <time>2026-08-01T17:02:24Z</time>
      </trkpt>
      <trkpt lat="49.08468" lon="-121.46137">
        <ele>643.34</ele>
        <time>2026-08-01T17:02:27Z</time>
      </trkpt>
      <trkpt lat="49.08469" lon="-121.46142">
        <ele>643.34</ele>
        <time>2026-08-01T17:02:30Z</time>
      </trkpt>
      <trkpt lat="49.0847" lon="-121.46147">
        <ele>643.21</ele>
        <time>2026-08-01T17:02:33Z</time>
      </trkpt>
      <trkpt lat="49.08472" lon="-121.46153">
        <ele>642.61</ele>
        <time>2026-08-01T17:02:37Z</time>
      </trkpt>
      <trkpt lat="49.08473" lon="-121.46158">
        <ele>642.57</ele>
        <time>2026-08-01T17:02:41Z</time>
      </trkpt>
      <trkpt lat="49.08474" lon="-121.46162">
        <ele>642.57</ele>
        <time>2026-08-01T17:02:44Z</time>
      </trkpt>
      <trkpt lat="49.08476" lon="-121.46168">
        <ele>642.59</ele>
        <time>2026-08-01T17:02:48Z</time>
      </trkpt>
      <trkpt lat="49.08477" lon="-121.46174">
        <ele>643.01</ele>
        <time>2026-08-01T17:02:52Z</time>
      </trkpt>
      <trkpt lat="49.08479" lon="-121.4618">
        <ele>643.23</ele>
        <time>2026-08-01T17:02:56Z</time>
      </trkpt>
      <trkpt lat="49.0848" lon="-121.46185">
        <ele>643.49</ele>
        <time>2026-08-01T17:03:00Z</time>
      </trkpt>
      <trkpt lat="49.08482" lon="-121.46191">
        <ele>643.6</ele>
        <time>2026-08-01T17:03:04Z</time>
      </trkpt>
      <trkpt lat="49.08483" lon="-121.46195">
        <ele>643.7</ele>
        <time>2026-08-01T17:03:07Z</time>
      </trkpt>
      <trkpt lat="49.08485" lon="-121.46201">
        <ele>643.6</ele>
        <time>2026-08-01T17:03:11Z</time>
      </trkpt>
      <trkpt lat="49.08487" lon="-121.46207">
        <ele>643.47</ele>
        <time>2026-08-01T17:03:15Z</time>
      </trkpt>
      <trkpt lat="49.08488" lon="-121.46211">
        <ele>643.45</ele>
        <time>2026-08-01T17:03:18Z</time>
      </trkpt>
      <trkpt lat="49.0849" lon="-121.46216">
        <ele>643.22</ele>
        <time>2026-08-01T17:03:21Z</time>
      </trkpt>
      <trkpt lat="49.08491" lon="-121.4622">
        <ele>643.16</ele>
        <time>2026-08-01T17:03:24Z</time>
      </trkpt>
      <trkpt lat="49.08493" lon="-121.46225">
        <ele>642.91</ele>
        <time>2026-08-01T17:03:27Z</time>
      </trkpt>
      <trkpt lat="49.08494" lon="-121.4623">
        <ele>642.91</ele>
        <time>2026-08-01T17:03:30Z</time>
      </trkpt>
      <trkpt lat="49.08495" lon="-121.46234">
        <ele>642.84</ele>
        <time>2026-08-01T17:03:33Z</time>
      </trkpt>
      <trkpt lat="49.08497" lon="-121.46239">
        <ele>642.49</ele>
        <time>2026-08-01T17:03:36Z</time>
      </trkpt>
      <trkpt lat="49.08498" lon="-121.46243">
        <ele>642.36</ele>
        <time>2026-08-01T17:03:39Z</time>
      </trkpt>
      <trkpt lat="49.085" lon="-121.46248">
        <ele>641.93</ele>
        <time>2026-08-01T17:03:42Z</time>
      </trkpt>
      <trkpt lat="49.08501" lon="-121.46252">
        <ele>641.88</ele>
        <time>2026-08-01T17:03:45Z</time>
      </trkpt>
      <trkpt lat="49.08503" lon="-121.46257">
        <ele>641.65</ele>
        <time>2026-08-01T17:03:48Z</time>
      </trkpt>
      <trkpt lat="49.08504" lon="-121.46262">
        <ele>641.69</ele>
        <time>2026-08-01T17:03:51Z</time>
      </trkpt>
      <trkpt lat="49.08505" lon="-121.46267">
        <ele>641.67</ele>
        <time>2026-08-01T17:03:54Z</time>
      </trkpt>
      <trkpt lat="49.08507" lon="-121.46272">
        <ele>641.11</ele>
        <time>2026-08-01T17:03:57Z</time>
      </trkpt>
      <trkpt lat="49.08508" lon="-121.46276">
        <ele>640.87</ele>
        <time>2026-08-01T17:04:00Z</time>
      </trkpt>
      <trkpt lat="49.08507" lon="-121.46281">
        <ele>641.73</ele>
        <time>2026-08-01T17:04:03Z</time>
      </trkpt>
      <trkpt lat="49.08505" lon="-121.46286">
        <ele>643.21</ele>
        <time>2026-08-01T17:04:06Z</time>
      </trkpt>
      <trkpt lat="49.08504" lon="-121.46291">
        <ele>644.21</ele>
        <time>2026-08-01T17:04:09Z</time>
      </trkpt>
      <trkpt lat="49.08505" lon="-121.46295">
        <ele>644.01</ele>
        <time>2026-08-01T17:04:12Z</time>
      </trkpt>
      <trkpt lat="49.08508" lon="-121.463">
        <ele>642.68</ele>
        <time>2026-08-01T17:04:15Z</time>
      </trkpt>
      <trkpt lat="49.08509" lon="-121.46305">
        <ele>642.45</ele>
        <time>2026-08-01T17:04:18Z</time>
      </trkpt>
      <trkpt lat="49.0851" lon="-121.46312">
        <ele>642.54</ele>
        <time>2026-08-01T17:04:22Z</time>
      </trkpt>
      <trkpt lat="49.0851" lon="-121.46318">
        <ele>643.15</ele>
        <time>2026-08-01T17:04:26Z</time>
      </trkpt>
      <trkpt lat="49.08511" lon="-121.46323">
        <ele>642.92</ele>
        <time>2026-08-01T17:04:29Z</time>
      </trkpt>
      <trkpt lat="49.08511" lon="-121.46328">
        <ele>643.39</ele>
        <time>2026-08-01T17:04:32Z</time>
      </trkpt>
      <trkpt lat="49.08512" lon="-121.46334">
        <ele>643.14</ele>
        <time>2026-08-01T17:04:36Z</time>
      </trkpt>
      <trkpt lat="49.08512" lon="-121.4634">
        <ele>643.82</ele>
        <time>2026-08-01T17:04:40Z</time>
      </trkpt>
      <trkpt lat="49.08512" lon="-121.46345">
        <ele>644.38</ele>
        <time>2026-08-01T17:04:43Z</time>
      </trkpt>
      <trkpt lat="49.08512" lon="-121.46349">
        <ele>644.83</ele>
        <time>2026-08-01T17:04:46Z</time>
      </trkpt>
      <trkpt lat="49.08511" lon="-121.46354">
        <ele>646.28</ele>
        <time>2026-08-01T17:04:49Z</time>
      </trkpt>
      <trkpt lat="49.08511" lon="-121.46359">
        <ele>646.86</ele>
        <time>2026-08-01T17:04:52Z</time>
      </trkpt>
      <trkpt lat="49.08512" lon="-121.46365">
        <ele>646.8</ele>
        <time>2026-08-01T17:04:56Z</time>
      </trkpt>
      <trkpt lat="49.08516" lon="-121.4637">
        <ele>644.11</ele>
        <time>2026-08-01T17:04:59Z</time>
      </trkpt>
      <trkpt lat="49.08519" lon="-121.46373">
        <ele>642.06</ele>
        <time>2026-08-01T17:05:01Z</time>
      </trkpt>
      <trkpt lat="49.08522" lon="-121.46378">
        <ele>640.47</ele>
        <time>2026-08-01T17:05:04Z</time>
      </trkpt>
      <trkpt lat="49.08524" lon="-121.46383">
        <ele>639.81</ele>
        <time>2026-08-01T17:05:07Z</time>
      </trkpt>
      <trkpt lat="49.08525" lon="-121.46387">
        <ele>639.81</ele>
        <time>2026-08-01T17:05:10Z</time>
      </trkpt>
      <trkpt lat="49.08526" lon="-121.46394">
        <ele>639.38</ele>
        <time>2026-08-01T17:05:14Z</time>
      </trkpt>
      <trkpt lat="49.08526" lon="-121.46398">
        <ele>639.37</ele>
        <time>2026-08-01T17:05:17Z</time>
      </trkpt>
      <trkpt lat="49.08525" lon="-121.46403">
        <ele>640.1</ele>
        <time>2026-08-01T17:05:20Z</time>
      </trkpt>
      <trkpt lat="49.08525" lon="-121.4641">
        <ele>640.05</ele>
        <time>2026-08-01T17:05:24Z</time>
      </trkpt>
      <trkpt lat="49.08525" lon="-121.46414">
        <ele>640.02</ele>
        <time>2026-08-01T17:05:27Z</time>
      </trkpt>
      <trkpt lat="49.08526" lon="-121.46419">
        <ele>639.43</ele>
        <time>2026-08-01T17:05:30Z</time>
      </trkpt>
      <trkpt lat="49.08526" lon="-121.46425">
        <ele>639.8</ele>
        <time>2026-08-01T17:05:33Z</time>
      </trkpt>
      <trkpt lat="49.08527" lon="-121.4643">
        <ele>639.47</ele>
        <time>2026-08-01T17:05:36Z</time>
      </trkpt>
      <trkpt lat="49.0853" lon="-121.46434">
        <ele>638.24</ele>
        <time>2026-08-01T17:05:39Z</time>
      </trkpt>
      <trkpt lat="49.08533" lon="-121.46439">
        <ele>637.2</ele>
        <time>2026-08-01T17:05:42Z</time>
      </trkpt>
      <trkpt lat="49.08535" lon="-121.46444">
        <ele>636.59</ele>
        <time>2026-08-01T17:05:45Z</time>
      </trkpt>
      <trkpt lat="49.08537" lon="-121.46448">
        <ele>635.6</ele>
        <time>2026-08-01T17:05:49Z</time>
      </trkpt>
      <trkpt lat="49.08539" lon="-121.46449">
        <ele>634.65</ele>
        <time>2026-08-01T17:05:54Z</time>
      </trkpt>
      <trkpt lat="49.08542" lon="-121.46452">
        <ele>633.21</ele>
        <time>2026-08-01T17:05:59Z</time>
      </trkpt>
      <trkpt lat="49.08544" lon="-121.46458">
        <ele>632.2</ele>
        <time>2026-08-01T17:06:03Z</time>
      </trkpt>
      <trkpt lat="49.08545" lon="-121.46463">
        <ele>631.69</ele>
        <time>2026-08-01T17:06:06Z</time>
      </trkpt>
      <trkpt lat="49.08545" lon="-121.46469">
        <ele>631.6</ele>
        <time>2026-08-01T17:06:10Z</time>
      </trkpt>
      <trkpt lat="49.08544" lon="-121.46476">
        <ele>631.96</ele>
        <time>2026-08-01T17:06:14Z</time>
      </trkpt>
      <trkpt lat="49.08544" lon="-121.46482">
        <ele>631.9</ele>
        <time>2026-08-01T17:06:18Z</time>
      </trkpt>
      <trkpt lat="49.08544" lon="-121.46487">
        <ele>631.86</ele>
        <time>2026-08-01T17:06:22Z</time>
      </trkpt>
      <trkpt lat="49.08543" lon="-121.46492">
        <ele>632.17</ele>
        <time>2026-08-01T17:06:26Z</time>
      </trkpt>
      <trkpt lat="49.08543" lon="-121.46498">
        <ele>632.09</ele>
        <time>2026-08-01T17:06:31Z</time>
      </trkpt>
      <trkpt lat="49.08544" lon="-121.46503">
        <ele>631.77</ele>
        <time>2026-08-01T17:06:36Z</time>
      </trkpt>
      <trkpt lat="49.08544" lon="-121.46509">
        <ele>631.82</ele>
        <time>2026-08-01T17:06:41Z</time>
      </trkpt>
      <trkpt lat="49.08546" lon="-121.46514">
        <ele>631.11</ele>
        <time>2026-08-01T17:06:46Z</time>
      </trkpt>
      <trkpt lat="49.08547" lon="-121.46519">
        <ele>630.72</ele>
        <time>2026-08-01T17:06:51Z</time>
      </trkpt>
      <trkpt lat="49.08549" lon="-121.46518">
        <ele>629.93</ele>
        <time>2026-08-01T17:07:00Z</time>
      </trkpt>
      <trkpt lat="49.0855" lon="-121.46521">
        <ele>629.5</ele>
        <time>2026-08-01T17:07:06Z</time>
      </trkpt>
      <trkpt lat="49.08552" lon="-121.46526">
        <ele>628.58</ele>
        <time>2026-08-01T17:07:12Z</time>
      </trkpt>
      <trkpt lat="49.08553" lon="-121.46532">
        <ele>628.05</ele>
        <time>2026-08-01T17:07:17Z</time>
      </trkpt>
      <trkpt lat="49.08554" lon="-121.46538">
        <ele>627.59</ele>
        <time>2026-08-01T17:07:22Z</time>
      </trkpt>
      <trkpt lat="49.08554" lon="-121.46543">
        <ele>627.55</ele>
        <time>2026-08-01T17:07:26Z</time>
      </trkpt>
      <trkpt lat="49.08555" lon="-121.46548">
        <ele>627.18</ele>
        <time>2026-08-01T17:07:30Z</time>
      </trkpt>
      <trkpt lat="49.08556" lon="-121.46553">
        <ele>626.89</ele>
        <time>2026-08-01T17:07:34Z</time>
      </trkpt>
      <trkpt lat="49.08557" lon="-121.46559">
        <ele>626.52</ele>
        <time>2026-08-01T17:07:38Z</time>
      </trkpt>
      <trkpt lat="49.08558" lon="-121.46564">
        <ele>626.11</ele>
        <time>2026-08-01T17:07:42Z</time>
      </trkpt>
      <trkpt lat="49.08561" lon="-121.46569">
        <ele>625.24</ele>
        <time>2026-08-01T17:07:46Z</time>
      </trkpt>
      <trkpt lat="49.08564" lon="-121.46571">
        <ele>624.49</ele>
        <time>2026-08-01T17:07:48Z</time>
      </trkpt>
      <trkpt lat="49.08567" lon="-121.46573">
        <ele>623.75</ele>
        <time>2026-08-01T17:07:50Z</time>
      </trkpt>
      <trkpt lat="49.0857" lon="-121.46577">
        <ele>622.99</ele>
        <time>2026-08-01T17:07:54Z</time>
      </trkpt>
      <trkpt lat="49.08572" lon="-121.46581">
        <ele>622.48</ele>
        <time>2026-08-01T17:07:58Z</time>
      </trkpt>
      <trkpt lat="49.08573" lon="-121.46586">
        <ele>622.2</ele>
        <time>2026-08-01T17:08:03Z</time>
      </trkpt>
      <trkpt lat="49.08572" lon="-121.46591">
        <ele>622.34</ele>
        <time>2026-08-01T17:08:10Z</time>
      </trkpt>
      <trkpt lat="49.08569" lon="-121.46591">
        <ele>622.95</ele>
        <time>2026-08-01T17:08:12Z</time>
      </trkpt>
      <trkpt lat="49.08568" lon="-121.46585">
        <ele>623.28</ele>
        <time>2026-08-01T17:08:15Z</time>
      </trkpt>
      <trkpt lat="49.08566" lon="-121.46581">
        <ele>623.8</ele>
        <time>2026-08-01T17:08:23Z</time>
      </trkpt>
      <trkpt lat="49.08565" lon="-121.46584">
        <ele>623.94</ele>
        <time>2026-08-01T17:08:34Z</time>
      </trkpt>
      <trkpt lat="49.08563" lon="-121.46585">
        <ele>624.35</ele>
        <time>2026-08-01T17:08:53Z</time>
      </trkpt>
      <trkpt lat="49.08566" lon="-121.46589">
        <ele>623.62</ele>
        <time>2026-08-01T17:09:00Z</time>
      </trkpt>
      <trkpt lat="49.08569" lon="-121.46592">
        <ele>622.94</ele>
        <time>2026-08-01T17:09:02Z</time>
      </trkpt>
      <trkpt lat="49.08572" lon="-121.46595">
        <ele>622.28</ele>
        <time>2026-08-01T17:09:04Z</time>
      </trkpt>
      <trkpt lat="49.08575" lon="-121.46597">
        <ele>621.65</ele>
        <time>2026-08-01T17:09:06Z</time>
      </trkpt>
      <trkpt lat="49.08579" lon="-121.466">
        <ele>620.84</ele>
        <time>2026-08-01T17:09:09Z</time>
      </trkpt>
      <trkpt lat="49.08581" lon="-121.46605">
        <ele>620.44</ele>
        <time>2026-08-01T17:09:13Z</time>
      </trkpt>
      <trkpt lat="49.0858" lon="-121.46611">
        <ele>620.6</ele>
        <time>2026-08-01T17:09:16Z</time>
      </trkpt>
      <trkpt lat="49.0858" lon="-121.46617">
        <ele>620.74</ele>
        <time>2026-08-01T17:09:19Z</time>
      </trkpt>
      <trkpt lat="49.08582" lon="-121.46623">
        <ele>620.61</ele>
        <time>2026-08-01T17:09:22Z</time>
      </trkpt>
      <trkpt lat="49.08583" lon="-121.46628">
        <ele>620.65</ele>
        <time>2026-08-01T17:09:25Z</time>
      </trkpt>
      <trkpt lat="49.08585" lon="-121.46633">
        <ele>620.5</ele>
        <time>2026-08-01T17:09:28Z</time>
      </trkpt>
      <trkpt lat="49.08586" lon="-121.46638">
        <ele>620.49</ele>
        <time>2026-08-01T17:09:31Z</time>
      </trkpt>
      <trkpt lat="49.08587" lon="-121.46643">
        <ele>619.99</ele>
        <time>2026-08-01T17:09:34Z</time>
      </trkpt>
      <trkpt lat="49.08588" lon="-121.46648">
        <ele>619.34</ele>
        <time>2026-08-01T17:09:38Z</time>
      </trkpt>
      <trkpt lat="49.08589" lon="-121.46654">
        <ele>618.56</ele>
        <time>2026-08-01T17:09:43Z</time>
      </trkpt>
      <trkpt lat="49.0859" lon="-121.46659">
        <ele>617.83</ele>
        <time>2026-08-01T17:09:48Z</time>
      </trkpt>
      <trkpt lat="49.08591" lon="-121.46665">
        <ele>616.96</ele>
        <time>2026-08-01T17:09:53Z</time>
      </trkpt>
      <trkpt lat="49.08593" lon="-121.46668">
        <ele>616.2</ele>
        <time>2026-08-01T17:09:57Z</time>
      </trkpt>
      <trkpt lat="49.08596" lon="-121.46672">
        <ele>615.26</ele>
        <time>2026-08-01T17:10:00Z</time>
      </trkpt>
      <trkpt lat="49.08598" lon="-121.46676">
        <ele>614.6</ele>
        <time>2026-08-01T17:10:04Z</time>
      </trkpt>
      <trkpt lat="49.08601" lon="-121.4668">
        <ele>613.61</ele>
        <time>2026-08-01T17:10:08Z</time>
      </trkpt>
      <trkpt lat="49.08603" lon="-121.46684">
        <ele>612.89</ele>
        <time>2026-08-01T17:10:12Z</time>
      </trkpt>
      <trkpt lat="49.08603" lon="-121.46689">
        <ele>612.77</ele>
        <time>2026-08-01T17:10:16Z</time>
      </trkpt>
      <trkpt lat="49.08601" lon="-121.46693">
        <ele>613.31</ele>
        <time>2026-08-01T17:10:19Z</time>
      </trkpt>
      <trkpt lat="49.08599" lon="-121.46697">
        <ele>613.79</ele>
        <time>2026-08-01T17:10:22Z</time>
      </trkpt>
      <trkpt lat="49.08598" lon="-121.46702">
        <ele>613.85</ele>
        <time>2026-08-01T17:10:26Z</time>
      </trkpt>
      <trkpt lat="49.08599" lon="-121.46707">
        <ele>613.27</ele>
        <time>2026-08-01T17:10:30Z</time>
      </trkpt>
      <trkpt lat="49.08598" lon="-121.46713">
        <ele>613.26</ele>
        <time>2026-08-01T17:10:34Z</time>
      </trkpt>
      <trkpt lat="49.08597" lon="-121.46719">
        <ele>613.24</ele>
        <time>2026-08-01T17:10:38Z</time>
      </trkpt>
      <trkpt lat="49.08598" lon="-121.46723">
        <ele>612.79</ele>
        <time>2026-08-01T17:10:42Z</time>
      </trkpt>
      <trkpt lat="49.08597" lon="-121.46719">
        <ele>613.24</ele>
        <time>2026-08-01T17:10:52Z</time>
      </trkpt>
      <trkpt lat="49.08594" lon="-121.46718">
        <ele>614.17</ele>
        <time>2026-08-01T17:11:14Z</time>
      </trkpt>
      <trkpt lat="49.08591" lon="-121.4672">
        <ele>614.93</ele>
        <time>2026-08-01T17:11:25Z</time>
      </trkpt>
      <trkpt lat="49.08594" lon="-121.4672">
        <ele>614.06</ele>
        <time>2026-08-01T17:11:35Z</time>
      </trkpt>
      <trkpt lat="49.08598" lon="-121.4672">
        <ele>612.89</ele>
        <time>2026-08-01T17:11:39Z</time>
      </trkpt>
      <trkpt lat="49.08599" lon="-121.46725">
        <ele>612.52</ele>
        <time>2026-08-01T17:11:56Z</time>
      </trkpt>
      <trkpt lat="49.08599" lon="-121.4673">
        <ele>612.57</ele>
        <time>2026-08-01T17:12:22Z</time>
      </trkpt>
      <trkpt lat="49.08603" lon="-121.46731">
        <ele>611.3</ele>
        <time>2026-08-01T17:12:38Z</time>
      </trkpt>
      <trkpt lat="49.08601" lon="-121.46736">
        <ele>611.96</ele>
        <time>2026-08-01T17:12:58Z</time>
      </trkpt>
      <trkpt lat="49.08599" lon="-121.46733">
        <ele>612.61</ele>
        <time>2026-08-01T17:13:12Z</time>
      </trkpt>
      <trkpt lat="49.08597" lon="-121.46736">
        <ele>613.32</ele>
        <time>2026-08-01T17:13:32Z</time>
      </trkpt>
      <trkpt lat="49.08595" lon="-121.46742">
        <ele>614.17</ele>
        <time>2026-08-01T17:13:36Z</time>
      </trkpt>
      <trkpt lat="49.08595" lon="-121.46749">
        <ele>614.35</ele>
        <time>2026-08-01T17:13:41Z</time>
      </trkpt>
      <trkpt lat="49.08594" lon="-121.46753">
        <ele>614.75</ele>
        <time>2026-08-01T17:13:44Z</time>
      </trkpt>
      <trkpt lat="49.08593" lon="-121.46759">
        <ele>615.07</ele>
        <time>2026-08-01T17:13:48Z</time>
      </trkpt>
      <trkpt lat="49.08592" lon="-121.46765">
        <ele>615.36</ele>
        <time>2026-08-01T17:13:52Z</time>
      </trkpt>
      <trkpt lat="49.08592" lon="-121.46769">
        <ele>615.31</ele>
        <time>2026-08-01T17:13:55Z</time>
      </trkpt>
      <trkpt lat="49.08591" lon="-121.46774">
        <ele>615.58</ele>
        <time>2026-08-01T17:13:58Z</time>
      </trkpt>
      <trkpt lat="49.08591" lon="-121.46779">
        <ele>615.44</ele>
        <time>2026-08-01T17:14:01Z</time>
      </trkpt>
      <trkpt lat="49.0859" lon="-121.46784">
        <ele>615.45</ele>
        <time>2026-08-01T17:14:04Z</time>
      </trkpt>
      <trkpt lat="49.08589" lon="-121.46788">
        <ele>615.5</ele>
        <time>2026-08-01T17:14:07Z</time>
      </trkpt>
      <trkpt lat="49.08585" lon="-121.46792">
        <ele>616.47</ele>
        <time>2026-08-01T17:14:10Z</time>
      </trkpt>
      <trkpt lat="49.08581" lon="-121.46795">
        <ele>617.4</ele>
        <time>2026-08-01T17:14:12Z</time>
      </trkpt>
      <trkpt lat="49.08578" lon="-121.468">
        <ele>617.9</ele>
        <time>2026-08-01T17:14:16Z</time>
      </trkpt>
      <trkpt lat="49.08576" lon="-121.46804">
        <ele>618.21</ele>
        <time>2026-08-01T17:14:20Z</time>
      </trkpt>
      <trkpt lat="49.08573" lon="-121.46807">
        <ele>618.69</ele>
        <time>2026-08-01T17:14:23Z</time>
      </trkpt>
      <trkpt lat="49.08571" lon="-121.46811">
        <ele>618.53</ele>
        <time>2026-08-01T17:14:26Z</time>
      </trkpt>
      <trkpt lat="49.08568" lon="-121.46814">
        <ele>618.96</ele>
        <time>2026-08-01T17:14:29Z</time>
      </trkpt>
      <trkpt lat="49.08565" lon="-121.46818">
        <ele>619.33</ele>
        <time>2026-08-01T17:14:32Z</time>
      </trkpt>
      <trkpt lat="49.08566" lon="-121.46825">
        <ele>617.84</ele>
        <time>2026-08-01T17:14:36Z</time>
      </trkpt>
      <trkpt lat="49.08567" lon="-121.4683">
        <ele>616.61</ele>
        <time>2026-08-01T17:14:40Z</time>
      </trkpt>
      <trkpt lat="49.08569" lon="-121.46834">
        <ele>615.17</ele>
        <time>2026-08-01T17:14:56Z</time>
      </trkpt>
      <trkpt lat="49.08571" lon="-121.4684">
        <ele>614.03</ele>
        <time>2026-08-01T17:15:00Z</time>
      </trkpt>
      <trkpt lat="49.08572" lon="-121.46845">
        <ele>613.32</ele>
        <time>2026-08-01T17:15:04Z</time>
      </trkpt>
      <trkpt lat="49.08573" lon="-121.46851">
        <ele>612.5</ele>
        <time>2026-08-01T17:15:08Z</time>
      </trkpt>
      <trkpt lat="49.08574" lon="-121.46857">
        <ele>611.62</ele>
        <time>2026-08-01T17:15:12Z</time>
      </trkpt>
      <trkpt lat="49.08576" lon="-121.46862">
        <ele>610.2</ele>
        <time>2026-08-01T17:15:17Z</time>
      </trkpt>
      <trkpt lat="49.08577" lon="-121.46865">
        <ele>609.53</ele>
        <time>2026-08-01T17:15:23Z</time>
      </trkpt>
      <trkpt lat="49.08575" lon="-121.46868">
        <ele>610.68</ele>
        <time>2026-08-01T17:15:28Z</time>
      </trkpt>
      <trkpt lat="49.08577" lon="-121.46873">
        <ele>609.28</ele>
        <time>2026-08-01T17:15:36Z</time>
      </trkpt>
      <trkpt lat="49.0858" lon="-121.46876">
        <ele>607.17</ele>
        <time>2026-08-01T17:15:39Z</time>
      </trkpt>
      <trkpt lat="49.08582" lon="-121.46878">
        <ele>605.7</ele>
        <time>2026-08-01T17:15:42Z</time>
      </trkpt>
      <trkpt lat="49.08584" lon="-121.46883">
        <ele>604.37</ele>
        <time>2026-08-01T17:15:48Z</time>
      </trkpt>
      <trkpt lat="49.08585" lon="-121.46887">
        <ele>604.01</ele>
        <time>2026-08-01T17:15:54Z</time>
      </trkpt>
      <trkpt lat="49.08587" lon="-121.46891">
        <ele>603.99</ele>
        <time>2026-08-01T17:16:05Z</time>
      </trkpt>
      <trkpt lat="49.08587" lon="-121.46887">
        <ele>603.86</ele>
        <time>2026-08-01T17:16:10Z</time>
      </trkpt>
      <trkpt lat="49.08586" lon="-121.46882">
        <ele>604.28</ele>
        <time>2026-08-01T17:16:13Z</time>
      </trkpt>
      <trkpt lat="49.08585" lon="-121.46886">
        <ele>604.08</ele>
        <time>2026-08-01T17:16:20Z</time>
      </trkpt>
      <trkpt lat="49.08584" lon="-121.46891">
        <ele>604.25</ele>
        <time>2026-08-01T17:16:23Z</time>
      </trkpt>
      <trkpt lat="49.08584" lon="-121.46895">
        <ele>604.81</ele>
        <time>2026-08-01T17:16:30Z</time>
      </trkpt>
      <trkpt lat="49.08587" lon="-121.46898">
        <ele>604.83</ele>
        <time>2026-08-01T17:16:32Z</time>
      </trkpt>
      <trkpt lat="49.0859" lon="-121.46901">
        <ele>604.74</ele>
        <time>2026-08-01T17:16:35Z</time>
      </trkpt>
      <trkpt lat="49.08593" lon="-121.46905">
        <ele>604.61</ele>
        <time>2026-08-01T17:16:38Z</time>
      </trkpt>
      <trkpt lat="49.08596" lon="-121.46907">
        <ele>604.21</ele>
        <time>2026-08-01T17:16:41Z</time>
      </trkpt>
      <trkpt lat="49.086" lon="-121.4691">
        <ele>603.56</ele>
        <time>2026-08-01T17:16:44Z</time>
      </trkpt>
      <trkpt lat="49.08602" lon="-121.46913">
        <ele>603.21</ele>
        <time>2026-08-01T17:16:47Z</time>
      </trkpt>
      <trkpt lat="49.08605" lon="-121.46917">
        <ele>602.56</ele>
        <time>2026-08-01T17:16:50Z</time>
      </trkpt>
      <trkpt lat="49.08608" lon="-121.46921">
        <ele>601.97</ele>
        <time>2026-08-01T17:16:53Z</time>
      </trkpt>
      <trkpt lat="49.0861" lon="-121.46925">
        <ele>601.6</ele>
        <time>2026-08-01T17:16:56Z</time>
      </trkpt>
      <trkpt lat="49.08612" lon="-121.4693">
        <ele>601.44</ele>
        <time>2026-08-01T17:17:00Z</time>
      </trkpt>
      <trkpt lat="49.08615" lon="-121.46933">
        <ele>601.32</ele>
        <time>2026-08-01T17:17:03Z</time>
      </trkpt>
      <trkpt lat="49.08618" lon="-121.46937">
        <ele>601.07</ele>
        <time>2026-08-01T17:17:07Z</time>
      </trkpt>
      <trkpt lat="49.08621" lon="-121.46941">
        <ele>600.67</ele>
        <time>2026-08-01T17:17:12Z</time>
      </trkpt>
      <trkpt lat="49.08623" lon="-121.46944">
        <ele>600.31</ele>
        <time>2026-08-01T17:17:16Z</time>
      </trkpt>
      <trkpt lat="49.08622" lon="-121.46949">
        <ele>601.03</ele>
        <time>2026-08-01T17:17:22Z</time>
      </trkpt>
      <trkpt lat="49.0862" lon="-121.46952">
        <ele>601.83</ele>
        <time>2026-08-01T17:17:25Z</time>
      </trkpt>
      <trkpt lat="49.0862" lon="-121.46958">
        <ele>602.71</ele>
        <time>2026-08-01T17:17:30Z</time>
      </trkpt>
      <trkpt lat="49.0862" lon="-121.46962">
        <ele>603.3</ele>
        <time>2026-08-01T17:17:34Z</time>
      </trkpt>
      <trkpt lat="49.08621" lon="-121.46967">
        <ele>603.71</ele>
        <time>2026-08-01T17:17:38Z</time>
      </trkpt>
      <trkpt lat="49.08623" lon="-121.46972">
        <ele>603.69</ele>
        <time>2026-08-01T17:17:42Z</time>
      </trkpt>
      <trkpt lat="49.08626" lon="-121.46976">
        <ele>603.43</ele>
        <time>2026-08-01T17:17:46Z</time>
      </trkpt>
      <trkpt lat="49.08627" lon="-121.46981">
        <ele>604.04</ele>
        <time>2026-08-01T17:17:51Z</time>
      </trkpt>
      <trkpt lat="49.08627" lon="-121.46986">
        <ele>605.04</ele>
        <time>2026-08-01T17:17:56Z</time>
      </trkpt>
      <trkpt lat="49.08627" lon="-121.46991">
        <ele>606.04</ele>
        <time>2026-08-01T17:18:01Z</time>
      </trkpt>
      <trkpt lat="49.08629" lon="-121.46996">
        <ele>605.96</ele>
        <time>2026-08-01T17:18:06Z</time>
      </trkpt>
      <trkpt lat="49.08631" lon="-121.47001">
        <ele>605.83</ele>
        <time>2026-08-01T17:18:10Z</time>
      </trkpt>
      <trkpt lat="49.08632" lon="-121.47005">
        <ele>606.36</ele>
        <time>2026-08-01T17:18:14Z</time>
      </trkpt>
      <trkpt lat="49.08633" lon="-121.4701">
        <ele>607.14</ele>
        <time>2026-08-01T17:18:18Z</time>
      </trkpt>
      <trkpt lat="49.08635" lon="-121.47014">
        <ele>606.98</ele>
        <time>2026-08-01T17:18:22Z</time>
      </trkpt>
      <trkpt lat="49.08637" lon="-121.47019">
        <ele>607.02</ele>
        <time>2026-08-01T17:18:26Z</time>
      </trkpt>
      <trkpt lat="49.08639" lon="-121.47023">
        <ele>606.75</ele>
        <time>2026-08-01T17:18:30Z</time>
      </trkpt>
      <trkpt lat="49.08642" lon="-121.47028">
        <ele>606.72</ele>
        <time>2026-08-01T17:18:34Z</time>
      </trkpt>
      <trkpt lat="49.08644" lon="-121.47033">
        <ele>607.28</ele>
        <time>2026-08-01T17:18:38Z</time>
      </trkpt>
      <trkpt lat="49.08647" lon="-121.47038">
        <ele>607.16</ele>
        <time>2026-08-01T17:18:40Z</time>
      </trkpt>
      <trkpt lat="49.08651" lon="-121.47044">
        <ele>606.5</ele>
        <time>2026-08-01T17:18:42Z</time>
      </trkpt>
      <trkpt lat="49.08655" lon="-121.4705">
        <ele>605.46</ele>
        <time>2026-08-01T17:18:44Z</time>
      </trkpt>
      <trkpt lat="49.08656" lon="-121.47054">
        <ele>605.61</ele>
        <time>2026-08-01T17:18:46Z</time>
      </trkpt>
      <trkpt lat="49.08658" lon="-121.47058">
        <ele>605.17</ele>
        <time>2026-08-01T17:18:49Z</time>
      </trkpt>
      <trkpt lat="49.08661" lon="-121.4706">
        <ele>603.6</ele>
        <time>2026-08-01T17:18:52Z</time>
      </trkpt>
      <trkpt lat="49.08665" lon="-121.47062">
        <ele>601.3</ele>
        <time>2026-08-01T17:18:56Z</time>
      </trkpt>
      <trkpt lat="49.08668" lon="-121.47064">
        <ele>600.35</ele>
        <time>2026-08-01T17:18:59Z</time>
      </trkpt>
      <trkpt lat="49.0867" lon="-121.47067">
        <ele>600.57</ele>
        <time>2026-08-01T17:19:02Z</time>
      </trkpt>
      <trkpt lat="49.08672" lon="-121.47073">
        <ele>601.15</ele>
        <time>2026-08-01T17:19:05Z</time>
      </trkpt>
      <trkpt lat="49.08674" lon="-121.47078">
        <ele>601.45</ele>
        <time>2026-08-01T17:19:08Z</time>
      </trkpt>
      <trkpt lat="49.08676" lon="-121.47083">
        <ele>601.61</ele>
        <time>2026-08-01T17:19:11Z</time>
      </trkpt>
      <trkpt lat="49.08679" lon="-121.47087">
        <ele>601.63</ele>
        <time>2026-08-01T17:19:14Z</time>
      </trkpt>
      <trkpt lat="49.08681" lon="-121.4709">
        <ele>601.7</ele>
        <time>2026-08-01T17:19:16Z</time>
      </trkpt>
      <trkpt lat="49.08683" lon="-121.47094">
        <ele>601.96</ele>
        <time>2026-08-01T17:19:18Z</time>
      </trkpt>
      <trkpt lat="49.08686" lon="-121.47099">
        <ele>602.12</ele>
        <time>2026-08-01T17:19:21Z</time>
      </trkpt>
      <trkpt lat="49.08689" lon="-121.47104">
        <ele>602.24</ele>
        <time>2026-08-01T17:19:24Z</time>
      </trkpt>
      <trkpt lat="49.08692" lon="-121.47108">
        <ele>602.13</ele>
        <time>2026-08-01T17:19:27Z</time>
      </trkpt>
      <trkpt lat="49.08695" lon="-121.47112">
        <ele>602.08</ele>
        <time>2026-08-01T17:19:30Z</time>
      </trkpt>
      <trkpt lat="49.08697" lon="-121.47116">
        <ele>602.46</ele>
        <time>2026-08-01T17:19:33Z</time>
      </trkpt>
      <trkpt lat="49.087" lon="-121.47119">
        <ele>602.45</ele>
        <time>2026-08-01T17:19:36Z</time>
      </trkpt>
      <trkpt lat="49.08702" lon="-121.47123">
        <ele>602.7</ele>
        <time>2026-08-01T17:19:39Z</time>
      </trkpt>
      <trkpt lat="49.08705" lon="-121.47127">
        <ele>602.69</ele>
        <time>2026-08-01T17:19:42Z</time>
      </trkpt>
      <trkpt lat="49.08707" lon="-121.47132">
        <ele>602.93</ele>
        <time>2026-08-01T17:19:45Z</time>
      </trkpt>
      <trkpt lat="49.08708" lon="-121.47136">
        <ele>603.22</ele>
        <time>2026-08-01T17:19:48Z</time>
      </trkpt>
      <trkpt lat="49.08708" lon="-121.47142">
        <ele>604.26</ele>
        <time>2026-08-01T17:19:52Z</time>
      </trkpt>
      <trkpt lat="49.0871" lon="-121.47147">
        <ele>604.76</ele>
        <time>2026-08-01T17:19:56Z</time>
      </trkpt>
      <trkpt lat="49.08713" lon="-121.47151">
        <ele>604.65</ele>
        <time>2026-08-01T17:19:59Z</time>
      </trkpt>
      <trkpt lat="49.08716" lon="-121.47155">
        <ele>604.41</ele>
        <time>2026-08-01T17:20:02Z</time>
      </trkpt>
      <trkpt lat="49.08718" lon="-121.47159">
        <ele>604.4</ele>
        <time>2026-08-01T17:20:05Z</time>
      </trkpt>
      <trkpt lat="49.0872" lon="-121.47163">
        <ele>604.31</ele>
        <time>2026-08-01T17:20:08Z</time>
      </trkpt>
      <trkpt lat="49.08723" lon="-121.47166">
        <ele>603.74</ele>
        <time>2026-08-01T17:20:11Z</time>
      </trkpt>
      <trkpt lat="49.08725" lon="-121.4717">
        <ele>603.84</ele>
        <time>2026-08-01T17:20:14Z</time>
      </trkpt>
      <trkpt lat="49.08727" lon="-121.47174">
        <ele>603.89</ele>
        <time>2026-08-01T17:20:17Z</time>
      </trkpt>
      <trkpt lat="49.08729" lon="-121.47178">
        <ele>603.87</ele>
        <time>2026-08-01T17:20:20Z</time>
      </trkpt>
      <trkpt lat="49.08731" lon="-121.47183">
        <ele>603.9</ele>
        <time>2026-08-01T17:20:24Z</time>
      </trkpt>
      <trkpt lat="49.08733" lon="-121.47188">
        <ele>603.85</ele>
        <time>2026-08-01T17:20:27Z</time>
      </trkpt>
      <trkpt lat="49.08735" lon="-121.47192">
        <ele>603.63</ele>
        <time>2026-08-01T17:20:30Z</time>
      </trkpt>
      <trkpt lat="49.08737" lon="-121.47197">
        <ele>603.48</ele>
        <time>2026-08-01T17:20:33Z</time>
      </trkpt>
      <trkpt lat="49.08739" lon="-121.47202">
        <ele>603.27</ele>
        <time>2026-08-01T17:20:36Z</time>
      </trkpt>
      <trkpt lat="49.08736" lon="-121.47204">
        <ele>604.57</ele>
        <time>2026-08-01T17:20:44Z</time>
      </trkpt>
      <trkpt lat="49.08738" lon="-121.47208">
        <ele>604.22</ele>
        <time>2026-08-01T17:20:57Z</time>
      </trkpt>
      <trkpt lat="49.08739" lon="-121.47211">
        <ele>604.1</ele>
        <time>2026-08-01T17:21:02Z</time>
      </trkpt>
      <trkpt lat="49.08742" lon="-121.47214">
        <ele>603.11</ele>
        <time>2026-08-01T17:21:06Z</time>
      </trkpt>
      <trkpt lat="49.08748" lon="-121.47215">
        <ele>600.6</ele>
        <time>2026-08-01T17:21:08Z</time>
      </trkpt>
      <trkpt lat="49.08751" lon="-121.47216">
        <ele>599.77</ele>
        <time>2026-08-01T17:21:10Z</time>
      </trkpt>
      <trkpt lat="49.08754" lon="-121.47219">
        <ele>599.87</ele>
        <time>2026-08-01T17:21:15Z</time>
      </trkpt>
      <trkpt lat="49.08757" lon="-121.47221">
        <ele>599.94</ele>
        <time>2026-08-01T17:21:21Z</time>
      </trkpt>
      <trkpt lat="49.08761" lon="-121.47223">
        <ele>600.1</ele>
        <time>2026-08-01T17:21:25Z</time>
      </trkpt>
      <trkpt lat="49.08765" lon="-121.47224">
        <ele>600.22</ele>
        <time>2026-08-01T17:21:29Z</time>
      </trkpt>
      <trkpt lat="49.08769" lon="-121.47225">
        <ele>600.33</ele>
        <time>2026-08-01T17:21:33Z</time>
      </trkpt>
      <trkpt lat="49.08772" lon="-121.47226">
        <ele>600.44</ele>
        <time>2026-08-01T17:21:36Z</time>
      </trkpt>
      <trkpt lat="49.08776" lon="-121.47227">
        <ele>600.53</ele>
        <time>2026-08-01T17:21:39Z</time>
      </trkpt>
      <trkpt lat="49.0878" lon="-121.47228">
        <ele>601.1</ele>
        <time>2026-08-01T17:21:42Z</time>
      </trkpt>
      <trkpt lat="49.08783" lon="-121.47229">
        <ele>601.86</ele>
        <time>2026-08-01T17:21:45Z</time>
      </trkpt>
      <trkpt lat="49.08787" lon="-121.47229">
        <ele>602.72</ele>
        <time>2026-08-01T17:21:48Z</time>
      </trkpt>
      <trkpt lat="49.0879" lon="-121.47226">
        <ele>603.05</ele>
        <time>2026-08-01T17:21:51Z</time>
      </trkpt>
      <trkpt lat="49.08793" lon="-121.47225">
        <ele>603.59</ele>
        <time>2026-08-01T17:21:54Z</time>
      </trkpt>
      <trkpt lat="49.08796" lon="-121.47227">
        <ele>604.45</ele>
        <time>2026-08-01T17:21:57Z</time>
      </trkpt>
      <trkpt lat="49.088" lon="-121.4723">
        <ele>605.64</ele>
        <time>2026-08-01T17:22:00Z</time>
      </trkpt>
      <trkpt lat="49.08803" lon="-121.47233">
        <ele>606.61</ele>
        <time>2026-08-01T17:22:03Z</time>
      </trkpt>
      <trkpt lat="49.08806" lon="-121.47236">
        <ele>607.49</ele>
        <time>2026-08-01T17:22:06Z</time>
      </trkpt>
      <trkpt lat="49.08809" lon="-121.4724">
        <ele>607.92</ele>
        <time>2026-08-01T17:22:09Z</time>
      </trkpt>
      <trkpt lat="49.08813" lon="-121.47243">
        <ele>608.24</ele>
        <time>2026-08-01T17:22:12Z</time>
      </trkpt>
      <trkpt lat="49.08816" lon="-121.47246">
        <ele>608.57</ele>
        <time>2026-08-01T17:22:15Z</time>
      </trkpt>
      <trkpt lat="49.08819" lon="-121.47249">
        <ele>608.89</ele>
        <time>2026-08-01T17:22:18Z</time>
      </trkpt>
      <trkpt lat="49.08822" lon="-121.47253">
        <ele>609.63</ele>
        <time>2026-08-01T17:22:21Z</time>
      </trkpt>
      <trkpt lat="49.08826" lon="-121.47256">
        <ele>610.19</ele>
        <time>2026-08-01T17:22:24Z</time>
      </trkpt>
      <trkpt lat="49.08829" lon="-121.4726">
        <ele>610.91</ele>
        <time>2026-08-01T17:22:27Z</time>
      </trkpt>
      <trkpt lat="49.08832" lon="-121.47263">
        <ele>611.38</ele>
        <time>2026-08-01T17:22:30Z</time>
      </trkpt>
      <trkpt lat="49.08835" lon="-121.47267">
        <ele>611.65</ele>
        <time>2026-08-01T17:22:33Z</time>
      </trkpt>
      <trkpt lat="49.08837" lon="-121.4727">
        <ele>611.65</ele>
        <time>2026-08-01T17:22:36Z</time>
      </trkpt>
      <trkpt lat="49.0884" lon="-121.47275">
        <ele>611.65</ele>
        <time>2026-08-01T17:22:39Z</time>
      </trkpt>
      <trkpt lat="49.08841" lon="-121.4728">
        <ele>612.13</ele>
        <time>2026-08-01T17:22:41Z</time>
      </trkpt>
      <trkpt lat="49.08841" lon="-121.47285">
        <ele>612.9</ele>
        <time>2026-08-01T17:22:43Z</time>
      </trkpt>
      <trkpt lat="49.08842" lon="-121.4729">
        <ele>613.4</ele>
        <time>2026-08-01T17:22:45Z</time>
      </trkpt>
      <trkpt lat="49.08843" lon="-121.47296">
        <ele>614.07</ele>
        <time>2026-08-01T17:22:48Z</time>
      </trkpt>
      <trkpt lat="49.08845" lon="-121.47301">
        <ele>614.34</ele>
        <time>2026-08-01T17:22:51Z</time>
      </trkpt>
      <trkpt lat="49.08847" lon="-121.47305">
        <ele>614.47</ele>
        <time>2026-08-01T17:22:54Z</time>
      </trkpt>
      <trkpt lat="49.08848" lon="-121.4731">
        <ele>614.62</ele>
        <time>2026-08-01T17:22:57Z</time>
      </trkpt>
      <trkpt lat="49.08851" lon="-121.47315">
        <ele>614.14</ele>
        <time>2026-08-01T17:23:01Z</time>
      </trkpt>
      <trkpt lat="49.08853" lon="-121.47319">
        <ele>613.81</ele>
        <time>2026-08-01T17:23:04Z</time>
      </trkpt>
      <trkpt lat="49.08856" lon="-121.47323">
        <ele>613.15</ele>
        <time>2026-08-01T17:23:07Z</time>
      </trkpt>
      <trkpt lat="49.08859" lon="-121.47328">
        <ele>612.46</ele>
        <time>2026-08-01T17:23:10Z</time>
      </trkpt>
      <trkpt lat="49.08861" lon="-121.47333">
        <ele>612.02</ele>
        <time>2026-08-01T17:23:13Z</time>
      </trkpt>
      <trkpt lat="49.08863" lon="-121.47338">
        <ele>611.98</ele>
        <time>2026-08-01T17:23:16Z</time>
      </trkpt>
      <trkpt lat="49.08865" lon="-121.47343">
        <ele>612.02</ele>
        <time>2026-08-01T17:23:19Z</time>
      </trkpt>
      <trkpt lat="49.08867" lon="-121.47347">
        <ele>611.99</ele>
        <time>2026-08-01T17:23:22Z</time>
      </trkpt>
      <trkpt lat="49.0887" lon="-121.47351">
        <ele>611.76</ele>
        <time>2026-08-01T17:23:25Z</time>
      </trkpt>
      <trkpt lat="49.08872" lon="-121.47355">
        <ele>611.82</ele>
        <time>2026-08-01T17:23:28Z</time>
      </trkpt>
      <trkpt lat="49.08875" lon="-121.47359">
        <ele>611.7</ele>
        <time>2026-08-01T17:23:31Z</time>
      </trkpt>
      <trkpt lat="49.08877" lon="-121.47363">
        <ele>611.67</ele>
        <time>2026-08-01T17:23:34Z</time>
      </trkpt>
      <trkpt lat="49.0888" lon="-121.47366">
        <ele>611.22</ele>
        <time>2026-08-01T17:23:37Z</time>
      </trkpt>
      <trkpt lat="49.08882" lon="-121.4737">
        <ele>611.05</ele>
        <time>2026-08-01T17:23:40Z</time>
      </trkpt>
      <trkpt lat="49.08884" lon="-121.47374">
        <ele>610.9</ele>
        <time>2026-08-01T17:23:43Z</time>
      </trkpt>
      <trkpt lat="49.08886" lon="-121.47378">
        <ele>610.78</ele>
        <time>2026-08-01T17:23:46Z</time>
      </trkpt>
      <trkpt lat="49.08888" lon="-121.47382">
        <ele>610.67</ele>
        <time>2026-08-01T17:23:49Z</time>
      </trkpt>
      <trkpt lat="49.0889" lon="-121.47386">
        <ele>610.61</ele>
        <time>2026-08-01T17:23:52Z</time>
      </trkpt>
      <trkpt lat="49.08893" lon="-121.47391">
        <ele>610.79</ele>
        <time>2026-08-01T17:23:56Z</time>
      </trkpt>
      <trkpt lat="49.08895" lon="-121.47395">
        <ele>611.22</ele>
        <time>2026-08-01T17:23:59Z</time>
      </trkpt>
      <trkpt lat="49.08897" lon="-121.47399">
        <ele>611.65</ele>
        <time>2026-08-01T17:24:02Z</time>
      </trkpt>
      <trkpt lat="49.089" lon="-121.47402">
        <ele>611.76</ele>
        <time>2026-08-01T17:24:05Z</time>
      </trkpt>
      <trkpt lat="49.08902" lon="-121.47406">
        <ele>612.19</ele>
        <time>2026-08-01T17:24:08Z</time>
      </trkpt>
      <trkpt lat="49.08906" lon="-121.47408">
        <ele>611.98</ele>
        <time>2026-08-01T17:24:12Z</time>
      </trkpt>
      <trkpt lat="49.08909" lon="-121.47408">
        <ele>611.54</ele>
        <time>2026-08-01T17:24:14Z</time>
      </trkpt>
      <trkpt lat="49.08913" lon="-121.4741">
        <ele>611.33</ele>
        <time>2026-08-01T17:24:16Z</time>
      </trkpt>
      <trkpt lat="49.08917" lon="-121.47413">
        <ele>611.23</ele>
        <time>2026-08-01T17:24:19Z</time>
      </trkpt>
      <trkpt lat="49.08921" lon="-121.47416">
        <ele>610.46</ele>
        <time>2026-08-01T17:24:22Z</time>
      </trkpt>
      <trkpt lat="49.08924" lon="-121.47419">
        <ele>609.88</ele>
        <time>2026-08-01T17:24:25Z</time>
      </trkpt>
      <trkpt lat="49.08927" lon="-121.47424">
        <ele>609.44</ele>
        <time>2026-08-01T17:24:29Z</time>
      </trkpt>
      <trkpt lat="49.08929" lon="-121.47427">
        <ele>609.12</ele>
        <time>2026-08-01T17:24:32Z</time>
      </trkpt>
      <trkpt lat="49.08931" lon="-121.47431">
        <ele>608.9</ele>
        <time>2026-08-01T17:24:35Z</time>
      </trkpt>
      <trkpt lat="49.08934" lon="-121.47435">
        <ele>608.36</ele>
        <time>2026-08-01T17:24:38Z</time>
      </trkpt>
      <trkpt lat="49.08937" lon="-121.47438">
        <ele>607.72</ele>
        <time>2026-08-01T17:24:41Z</time>
      </trkpt>
      <trkpt lat="49.0894" lon="-121.47442">
        <ele>607.18</ele>
        <time>2026-08-01T17:24:44Z</time>
      </trkpt>
      <trkpt lat="49.08941" lon="-121.47447">
        <ele>607.2</ele>
        <time>2026-08-01T17:24:48Z</time>
      </trkpt>
      <trkpt lat="49.08943" lon="-121.47451">
        <ele>606.69</ele>
        <time>2026-08-01T17:24:51Z</time>
      </trkpt>
      <trkpt lat="49.08945" lon="-121.47455">
        <ele>606.1</ele>
        <time>2026-08-01T17:24:54Z</time>
      </trkpt>
      <trkpt lat="49.08947" lon="-121.47459">
        <ele>605.24</ele>
        <time>2026-08-01T17:24:57Z</time>
      </trkpt>
      <trkpt lat="49.08949" lon="-121.47463">
        <ele>604.43</ele>
        <time>2026-08-01T17:25:00Z</time>
      </trkpt>
      <trkpt lat="49.08951" lon="-121.47467">
        <ele>603.66</ele>
        <time>2026-08-01T17:25:03Z</time>
      </trkpt>
      <trkpt lat="49.08953" lon="-121.47471">
        <ele>602.92</ele>
        <time>2026-08-01T17:25:06Z</time>
      </trkpt>
      <trkpt lat="49.08954" lon="-121.47476">
        <ele>602.49</ele>
        <time>2026-08-01T17:25:09Z</time>
      </trkpt>
      <trkpt lat="49.08955" lon="-121.47482">
        <ele>601.98</ele>
        <time>2026-08-01T17:25:11Z</time>
      </trkpt>
      <trkpt lat="49.08956" lon="-121.47487">
        <ele>601.5</ele>
        <time>2026-08-01T17:25:13Z</time>
      </trkpt>
      <trkpt lat="49.08957" lon="-121.47493">
        <ele>601.05</ele>
        <time>2026-08-01T17:25:15Z</time>
      </trkpt>
      <trkpt lat="49.08958" lon="-121.47499">
        <ele>600.63</ele>
        <time>2026-08-01T17:25:18Z</time>
      </trkpt>
      <trkpt lat="49.0896" lon="-121.47505">
        <ele>599.52</ele>
        <time>2026-08-01T17:25:21Z</time>
      </trkpt>
      <trkpt lat="49.0896" lon="-121.47512">
        <ele>599.08</ele>
        <time>2026-08-01T17:25:24Z</time>
      </trkpt>
      <trkpt lat="49.08959" lon="-121.47518">
        <ele>599.0</ele>
        <time>2026-08-01T17:25:27Z</time>
      </trkpt>
      <trkpt lat="49.08958" lon="-121.47524">
        <ele>598.86</ele>
        <time>2026-08-01T17:25:30Z</time>
      </trkpt>
      <trkpt lat="49.08959" lon="-121.47529">
        <ele>598.27</ele>
        <time>2026-08-01T17:25:34Z</time>
      </trkpt>
      <trkpt lat="49.0896" lon="-121.47536">
        <ele>597.69</ele>
        <time>2026-08-01T17:25:38Z</time>
      </trkpt>
      <trkpt lat="49.0896" lon="-121.47541">
        <ele>597.45</ele>
        <time>2026-08-01T17:25:41Z</time>
      </trkpt>
      <trkpt lat="49.08961" lon="-121.47547">
        <ele>596.99</ele>
        <time>2026-08-01T17:25:44Z</time>
      </trkpt>
      <trkpt lat="49.08962" lon="-121.47553">
        <ele>596.57</ele>
        <time>2026-08-01T17:25:47Z</time>
      </trkpt>
      <trkpt lat="49.08962" lon="-121.47559">
        <ele>596.02</ele>
        <time>2026-08-01T17:25:50Z</time>
      </trkpt>
      <trkpt lat="49.08963" lon="-121.47566">
        <ele>594.95</ele>
        <time>2026-08-01T17:25:53Z</time>
      </trkpt>
      <trkpt lat="49.08964" lon="-121.47571">
        <ele>594.12</ele>
        <time>2026-08-01T17:25:56Z</time>
      </trkpt>
      <trkpt lat="49.08965" lon="-121.47576">
        <ele>593.29</ele>
        <time>2026-08-01T17:26:00Z</time>
      </trkpt>
      <trkpt lat="49.08967" lon="-121.47582">
        <ele>592.12</ele>
        <time>2026-08-01T17:26:04Z</time>
      </trkpt>
      <trkpt lat="49.08968" lon="-121.47588">
        <ele>591.73</ele>
        <time>2026-08-01T17:26:08Z</time>
      </trkpt>
      <trkpt lat="49.08969" lon="-121.47593">
        <ele>591.54</ele>
        <time>2026-08-01T17:26:11Z</time>
      </trkpt>
      <trkpt lat="49.08969" lon="-121.47598">
        <ele>591.52</ele>
        <time>2026-08-01T17:26:14Z</time>
      </trkpt>
      <trkpt lat="49.0897" lon="-121.47605">
        <ele>591.34</ele>
        <time>2026-08-01T17:26:17Z</time>
      </trkpt>
      <trkpt lat="49.0897" lon="-121.47611">
        <ele>591.32</ele>
        <time>2026-08-01T17:26:20Z</time>
      </trkpt>
      <trkpt lat="49.0897" lon="-121.47618">
        <ele>591.09</ele>
        <time>2026-08-01T17:26:23Z</time>
      </trkpt>
      <trkpt lat="49.0897" lon="-121.47625">
        <ele>590.86</ele>
        <time>2026-08-01T17:26:26Z</time>
      </trkpt>
      <trkpt lat="49.0897" lon="-121.47631">
        <ele>590.66</ele>
        <time>2026-08-01T17:26:29Z</time>
      </trkpt>
      <trkpt lat="49.0897" lon="-121.47637">
        <ele>590.46</ele>
        <time>2026-08-01T17:26:32Z</time>
      </trkpt>
      <trkpt lat="49.08971" lon="-121.47643">
        <ele>589.8</ele>
        <time>2026-08-01T17:26:35Z</time>
      </trkpt>
      <trkpt lat="49.08971" lon="-121.47648">
        <ele>589.29</ele>
        <time>2026-08-01T17:26:38Z</time>
      </trkpt>
      <trkpt lat="49.08972" lon="-121.47653">
        <ele>588.53</ele>
        <time>2026-08-01T17:26:41Z</time>
      </trkpt>
      <trkpt lat="49.08972" lon="-121.47659">
        <ele>587.89</ele>
        <time>2026-08-01T17:26:45Z</time>
      </trkpt>
      <trkpt lat="49.08973" lon="-121.47663">
        <ele>587.26</ele>
        <time>2026-08-01T17:26:48Z</time>
      </trkpt>
      <trkpt lat="49.08973" lon="-121.4766">
        <ele>587.58</ele>
        <time>2026-08-01T17:26:56Z</time>
      </trkpt>
      <trkpt lat="49.08972" lon="-121.47658">
        <ele>588.0</ele>
        <time>2026-08-01T17:27:00Z</time>
      </trkpt>
      <trkpt lat="49.08969" lon="-121.47661">
        <ele>588.56</ele>
        <time>2026-08-01T17:27:42Z</time>
      </trkpt>
      <trkpt lat="49.08966" lon="-121.4766">
        <ele>589.52</ele>
        <time>2026-08-01T17:27:44Z</time>
      </trkpt>
      <trkpt lat="49.08962" lon="-121.47658">
        <ele>590.79</ele>
        <time>2026-08-01T17:27:47Z</time>
      </trkpt>
      <trkpt lat="49.08957" lon="-121.47657">
        <ele>592.21</ele>
        <time>2026-08-01T17:27:50Z</time>
      </trkpt>
      <trkpt lat="49.08954" lon="-121.47657">
        <ele>593.03</ele>
        <time>2026-08-01T17:27:52Z</time>
      </trkpt>
      <trkpt lat="49.0895" lon="-121.47656">
        <ele>594.12</ele>
        <time>2026-08-01T17:27:54Z</time>
      </trkpt>
      <trkpt lat="49.08946" lon="-121.47653">
        <ele>595.11</ele>
        <time>2026-08-01T17:27:57Z</time>
      </trkpt>
      <trkpt lat="49.08944" lon="-121.47647">
        <ele>595.43</ele>
        <time>2026-08-01T17:27:59Z</time>
      </trkpt>
      <trkpt lat="49.08944" lon="-121.47639">
        <ele>595.12</ele>
        <time>2026-08-01T17:28:01Z</time>
      </trkpt>
      <trkpt lat="49.08944" lon="-121.47634">
        <ele>595.1</ele>
        <time>2026-08-01T17:28:03Z</time>
      </trkpt>
      <trkpt lat="49.08943" lon="-121.47628">
        <ele>595.26</ele>
        <time>2026-08-01T17:28:08Z</time>
      </trkpt>
      <trkpt lat="49.0894" lon="-121.47626">
        <ele>595.75</ele>
        <time>2026-08-01T17:28:12Z</time>
      </trkpt>
      <trkpt lat="49.08939" lon="-121.47622">
        <ele>595.78</ele>
        <time>2026-08-01T17:28:16Z</time>
      </trkpt>
      <trkpt lat="49.08938" lon="-121.47617">
        <ele>595.71</ele>
        <time>2026-08-01T17:28:20Z</time>
      </trkpt>
      <trkpt lat="49.08936" lon="-121.47613">
        <ele>595.71</ele>
        <time>2026-08-01T17:28:25Z</time>
      </trkpt>
      <trkpt lat="49.08933" lon="-121.4761">
        <ele>595.83</ele>
        <time>2026-08-01T17:28:29Z</time>
      </trkpt>
      <trkpt lat="49.08931" lon="-121.47606">
        <ele>595.97</ele>
        <time>2026-08-01T17:28:33Z</time>
      </trkpt>
      <trkpt lat="49.08929" lon="-121.47603">
        <ele>596.08</ele>
        <time>2026-08-01T17:28:36Z</time>
      </trkpt>
      <trkpt lat="49.08926" lon="-121.47598">
        <ele>596.17</ele>
        <time>2026-08-01T17:28:40Z</time>
      </trkpt>
      <trkpt lat="49.08924" lon="-121.47594">
        <ele>596.18</ele>
        <time>2026-08-01T17:28:43Z</time>
      </trkpt>
      <trkpt lat="49.08921" lon="-121.4759">
        <ele>596.17</ele>
        <time>2026-08-01T17:28:47Z</time>
      </trkpt>
      <trkpt lat="49.08919" lon="-121.47586">
        <ele>596.08</ele>
        <time>2026-08-01T17:28:51Z</time>
      </trkpt>
      <trkpt lat="49.08917" lon="-121.47581">
        <ele>596.17</ele>
        <time>2026-08-01T17:28:55Z</time>
      </trkpt>
      <trkpt lat="49.08915" lon="-121.47577">
        <ele>596.74</ele>
        <time>2026-08-01T17:28:59Z</time>
      </trkpt>
      <trkpt lat="49.08913" lon="-121.47572">
        <ele>597.42</ele>
        <time>2026-08-01T17:29:03Z</time>
      </trkpt>
      <trkpt lat="49.08911" lon="-121.47567">
        <ele>598.08</ele>
        <time>2026-08-01T17:29:07Z</time>
      </trkpt>
      <trkpt lat="49.08909" lon="-121.47562">
        <ele>598.7</ele>
        <time>2026-08-01T17:29:11Z</time>
      </trkpt>
      <trkpt lat="49.08908" lon="-121.47558">
        <ele>599.1</ele>
        <time>2026-08-01T17:29:15Z</time>
      </trkpt>
      <trkpt lat="49.08906" lon="-121.47553">
        <ele>599.9</ele>
        <time>2026-08-01T17:29:19Z</time>
      </trkpt>
      <trkpt lat="49.08904" lon="-121.47548">
        <ele>600.91</ele>
        <time>2026-08-01T17:29:23Z</time>
      </trkpt>
      <trkpt lat="49.08901" lon="-121.47544">
        <ele>601.92</ele>
        <time>2026-08-01T17:29:27Z</time>
      </trkpt>
      <trkpt lat="49.08899" lon="-121.47539">
        <ele>602.93</ele>
        <time>2026-08-01T17:29:31Z</time>
      </trkpt>
      <trkpt lat="49.08897" lon="-121.47535">
        <ele>603.79</ele>
        <time>2026-08-01T17:29:35Z</time>
      </trkpt>
      <trkpt lat="49.08894" lon="-121.47532">
        <ele>604.66</ele>
        <time>2026-08-01T17:29:38Z</time>
      </trkpt>
      <trkpt lat="49.0889" lon="-121.47529">
        <ele>605.66</ele>
        <time>2026-08-01T17:29:41Z</time>
      </trkpt>
      <trkpt lat="49.08886" lon="-121.47526">
        <ele>607.49</ele>
        <time>2026-08-01T17:29:44Z</time>
      </trkpt>
      <trkpt lat="49.08883" lon="-121.47524">
        <ele>609.05</ele>
        <time>2026-08-01T17:29:47Z</time>
      </trkpt>
      <trkpt lat="49.0888" lon="-121.47524">
        <ele>609.97</ele>
        <time>2026-08-01T17:29:50Z</time>
      </trkpt>
      <trkpt lat="49.08877" lon="-121.47523">
        <ele>611.18</ele>
        <time>2026-08-01T17:29:55Z</time>
      </trkpt>
      <trkpt lat="49.08874" lon="-121.47521">
        <ele>612.63</ele>
        <time>2026-08-01T17:30:00Z</time>
      </trkpt>
      <trkpt lat="49.08871" lon="-121.47518">
        <ele>614.28</ele>
        <time>2026-08-01T17:30:05Z</time>
      </trkpt>
      <trkpt lat="49.08868" lon="-121.47514">
        <ele>616.11</ele>
        <time>2026-08-01T17:30:10Z</time>
      </trkpt>
      <trkpt lat="49.08865" lon="-121.47511">
        <ele>617.62</ele>
        <time>2026-08-01T17:30:15Z</time>
      </trkpt>
      <trkpt lat="49.08862" lon="-121.47509">
        <ele>618.83</ele>
        <time>2026-08-01T17:30:19Z</time>
      </trkpt>
      <trkpt lat="49.0886" lon="-121.47506">
        <ele>619.83</ele>
        <time>2026-08-01T17:30:23Z</time>
      </trkpt>
      <trkpt lat="49.08857" lon="-121.47504">
        <ele>620.54</ele>
        <time>2026-08-01T17:30:27Z</time>
      </trkpt>
      <trkpt lat="49.08854" lon="-121.47501">
        <ele>621.34</ele>
        <time>2026-08-01T17:30:31Z</time>
      </trkpt>
      <trkpt lat="49.08852" lon="-121.47499">
        <ele>621.76</ele>
        <time>2026-08-01T17:30:35Z</time>
      </trkpt>
      <trkpt lat="49.08849" lon="-121.47497">
        <ele>622.2</ele>
        <time>2026-08-01T17:30:40Z</time>
      </trkpt>
      <trkpt lat="49.08846" lon="-121.47495">
        <ele>622.63</ele>
        <time>2026-08-01T17:30:45Z</time>
      </trkpt>
      <trkpt lat="49.08842" lon="-121.47495">
        <ele>622.92</ele>
        <time>2026-08-01T17:30:50Z</time>
      </trkpt>
      <trkpt lat="49.08839" lon="-121.47496">
        <ele>623.02</ele>
        <time>2026-08-01T17:30:55Z</time>
      </trkpt>
      <trkpt lat="49.08836" lon="-121.47495">
        <ele>623.35</ele>
        <time>2026-08-01T17:31:00Z</time>
      </trkpt>
      <trkpt lat="49.08832" lon="-121.47494">
        <ele>623.93</ele>
        <time>2026-08-01T17:31:05Z</time>
      </trkpt>
      <trkpt lat="49.08829" lon="-121.47492">
        <ele>624.73</ele>
        <time>2026-08-01T17:31:10Z</time>
      </trkpt>
      <trkpt lat="49.08826" lon="-121.47491">
        <ele>625.39</ele>
        <time>2026-08-01T17:31:15Z</time>
      </trkpt>
      <trkpt lat="49.08822" lon="-121.4749">
        <ele>626.2</ele>
        <time>2026-08-01T17:31:20Z</time>
      </trkpt>
      <trkpt lat="49.08819" lon="-121.4749">
        <ele>626.76</ele>
        <time>2026-08-01T17:31:24Z</time>
      </trkpt>
      <trkpt lat="49.08815" lon="-121.47489">
        <ele>627.5</ele>
        <time>2026-08-01T17:31:29Z</time>
      </trkpt>
      <trkpt lat="49.08812" lon="-121.47488">
        <ele>628.01</ele>
        <time>2026-08-01T17:31:33Z</time>
      </trkpt>
      <trkpt lat="49.08809" lon="-121.47488">
        <ele>628.54</ele>
        <time>2026-08-01T17:31:38Z</time>
      </trkpt>
      <trkpt lat="49.08805" lon="-121.47487">
        <ele>629.26</ele>
        <time>2026-08-01T17:31:43Z</time>
      </trkpt>
      <trkpt lat="49.08801" lon="-121.47486">
        <ele>630.63</ele>
        <time>2026-08-01T17:31:48Z</time>
      </trkpt>
      <trkpt lat="49.08798" lon="-121.47486">
        <ele>631.71</ele>
        <time>2026-08-01T17:31:53Z</time>
      </trkpt>
      <trkpt lat="49.08795" lon="-121.47485">
        <ele>632.72</ele>
        <time>2026-08-01T17:31:58Z</time>
      </trkpt>
      <trkpt lat="49.08791" lon="-121.47486">
        <ele>634.23</ele>
        <time>2026-08-01T17:32:03Z</time>
      </trkpt>
      <trkpt lat="49.08788" lon="-121.47486">
        <ele>635.31</ele>
        <time>2026-08-01T17:32:08Z</time>
      </trkpt>
      <trkpt lat="49.08784" lon="-121.47487">
        <ele>636.82</ele>
        <time>2026-08-01T17:32:13Z</time>
      </trkpt>
      <trkpt lat="49.0878" lon="-121.47488">
        <ele>638.34</ele>
        <time>2026-08-01T17:32:18Z</time>
      </trkpt>
      <trkpt lat="49.08778" lon="-121.47492">
        <ele>639.34</ele>
        <time>2026-08-01T17:32:21Z</time>
      </trkpt>
      <trkpt lat="49.08776" lon="-121.47499">
        <ele>640.31</ele>
        <time>2026-08-01T17:32:24Z</time>
      </trkpt>
      <trkpt lat="49.08773" lon="-121.47503">
        <ele>641.7</ele>
        <time>2026-08-01T17:32:28Z</time>
      </trkpt>
      <trkpt lat="49.0877" lon="-121.47504">
        <ele>642.58</ele>
        <time>2026-08-01T17:32:33Z</time>
      </trkpt>
      <trkpt lat="49.08766" lon="-121.47504">
        <ele>643.47</ele>
        <time>2026-08-01T17:32:38Z</time>
      </trkpt>
      <trkpt lat="49.0877" lon="-121.47505">
        <ele>642.81</ele>
        <time>2026-08-01T17:32:42Z</time>
      </trkpt>
      <trkpt lat="49.08768" lon="-121.47504">
        <ele>643.03</ele>
        <time>2026-08-01T17:32:53Z</time>
      </trkpt>
      <trkpt lat="49.08766" lon="-121.47504">
        <ele>643.47</ele>
        <time>2026-08-01T17:33:05Z</time>
      </trkpt>
      <trkpt lat="49.08762" lon="-121.47505">
        <ele>644.59</ele>
        <time>2026-08-01T17:33:10Z</time>
      </trkpt>
      <trkpt lat="49.0876" lon="-121.47508">
        <ele>645.75</ele>
        <time>2026-08-01T17:33:14Z</time>
      </trkpt>
      <trkpt lat="49.08759" lon="-121.47514">
        <ele>647.42</ele>
        <time>2026-08-01T17:33:17Z</time>
      </trkpt>
      <trkpt lat="49.0876" lon="-121.47519">
        <ele>648.38</ele>
        <time>2026-08-01T17:33:18Z</time>
      </trkpt>
      <trkpt lat="49.08761" lon="-121.47525">
        <ele>649.57</ele>
        <time>2026-08-01T17:33:19Z</time>
      </trkpt>
      <trkpt lat="49.08763" lon="-121.47529">
        <ele>649.94</ele>
        <time>2026-08-01T17:33:22Z</time>
      </trkpt>
      <trkpt lat="49.08764" lon="-121.47535">
        <ele>650.77</ele>
        <time>2026-08-01T17:33:25Z</time>
      </trkpt>
      <trkpt lat="49.08764" lon="-121.47535">
        <ele>650.77</ele>
        <time>2026-08-01T17:33:31Z</time>
      </trkpt>
      <trkpt lat="49.08765" lon="-121.47539">
        <ele>651.27</ele>
        <time>2026-08-01T17:33:36Z</time>
      </trkpt>
      <trkpt lat="49.08768" lon="-121.47539">
        <ele>650.6</ele>
        <time>2026-08-01T17:33:39Z</time>
      </trkpt>
      <trkpt lat="49.08773" lon="-121.47533">
        <ele>648.27</ele>
        <time>2026-08-01T17:33:41Z</time>
      </trkpt>
      <trkpt lat="49.08776" lon="-121.47531">
        <ele>647.13</ele>
        <time>2026-08-01T17:33:45Z</time>
      </trkpt>
      <trkpt lat="49.08779" lon="-121.47532">
        <ele>646.39</ele>
        <time>2026-08-01T17:33:52Z</time>
      </trkpt>
      <trkpt lat="49.08783" lon="-121.47536">
        <ele>645.58</ele>
        <time>2026-08-01T17:33:55Z</time>
      </trkpt>
      <trkpt lat="49.08786" lon="-121.47538">
        <ele>644.76</ele>
        <time>2026-08-01T17:33:57Z</time>
      </trkpt>
      <trkpt lat="49.0879" lon="-121.47539">
        <ele>643.32</ele>
        <time>2026-08-01T17:34:00Z</time>
      </trkpt>
      <trkpt lat="49.08793" lon="-121.47539">
        <ele>642.07</ele>
        <time>2026-08-01T17:34:03Z</time>
      </trkpt>
      <trkpt lat="49.08796" lon="-121.4754">
        <ele>641.06</ele>
        <time>2026-08-01T17:34:09Z</time>
      </trkpt>
      <trkpt lat="49.088" lon="-121.47542">
        <ele>639.88</ele>
        <time>2026-08-01T17:34:15Z</time>
      </trkpt>
      <trkpt lat="49.08804" lon="-121.47543">
        <ele>638.48</ele>
        <time>2026-08-01T17:34:19Z</time>
      </trkpt>
      <trkpt lat="49.08807" lon="-121.47546">
        <ele>637.76</ele>
        <time>2026-08-01T17:34:23Z</time>
      </trkpt>
      <trkpt lat="49.08811" lon="-121.47548">
        <ele>635.89</ele>
        <time>2026-08-01T17:34:27Z</time>
      </trkpt>
      <trkpt lat="49.08812" lon="-121.47553">
        <ele>636.31</ele>
        <time>2026-08-01T17:34:37Z</time>
      </trkpt>
      <trkpt lat="49.08814" lon="-121.47556">
        <ele>635.62</ele>
        <time>2026-08-01T17:34:43Z</time>
      </trkpt>
      <trkpt lat="49.08817" lon="-121.4756">
        <ele>634.48</ele>
        <time>2026-08-01T17:34:49Z</time>
      </trkpt>
      <trkpt lat="49.0882" lon="-121.47563">
        <ele>633.11</ele>
        <time>2026-08-01T17:34:54Z</time>
      </trkpt>
      <trkpt lat="49.08824" lon="-121.47566">
        <ele>631.05</ele>
        <time>2026-08-01T17:34:59Z</time>
      </trkpt>
      <trkpt lat="49.08826" lon="-121.47568">
        <ele>630.11</ele>
        <time>2026-08-01T17:35:05Z</time>
      </trkpt>
      <trkpt lat="49.0883" lon="-121.47569">
        <ele>627.64</ele>
        <time>2026-08-01T17:35:10Z</time>
      </trkpt>
      <trkpt lat="49.08834" lon="-121.47568">
        <ele>624.88</ele>
        <time>2026-08-01T17:35:13Z</time>
      </trkpt>
      <trkpt lat="49.08837" lon="-121.47567">
        <ele>623.13</ele>
        <time>2026-08-01T17:35:17Z</time>
      </trkpt>
      <trkpt lat="49.08841" lon="-121.47567">
        <ele>621.02</ele>
        <time>2026-08-01T17:35:21Z</time>
      </trkpt>
      <trkpt lat="49.08844" lon="-121.47568">
        <ele>619.56</ele>
        <time>2026-08-01T17:35:25Z</time>
      </trkpt>
      <trkpt lat="49.08848" lon="-121.47571">
        <ele>617.74</ele>
        <time>2026-08-01T17:35:29Z</time>
      </trkpt>
      <trkpt lat="49.0885" lon="-121.47576">
        <ele>617.11</ele>
        <time>2026-08-01T17:35:31Z</time>
      </trkpt>
      <trkpt lat="49.08851" lon="-121.47583">
        <ele>617.16</ele>
        <time>2026-08-01T17:35:33Z</time>
      </trkpt>
      <trkpt lat="49.08852" lon="-121.47588">
        <ele>618.25</ele>
        <time>2026-08-01T17:35:36Z</time>
      </trkpt>
      <trkpt lat="49.08854" lon="-121.47593">
        <ele>618.75</ele>
        <time>2026-08-01T17:35:39Z</time>
      </trkpt>
      <trkpt lat="49.08856" lon="-121.47598">
        <ele>619.17</ele>
        <time>2026-08-01T17:35:44Z</time>
      </trkpt>
      <trkpt lat="49.08857" lon="-121.47603">
        <ele>620.2</ele>
        <time>2026-08-01T17:35:52Z</time>
      </trkpt>
      <trkpt lat="49.08859" lon="-121.47607">
        <ele>620.15</ele>
        <time>2026-08-01T17:35:57Z</time>
      </trkpt>
      <trkpt lat="49.08862" lon="-121.4761">
        <ele>619.2</ele>
        <time>2026-08-01T17:36:00Z</time>
      </trkpt>
      <trkpt lat="49.08865" lon="-121.47614">
        <ele>619.56</ele>
        <time>2026-08-01T17:36:04Z</time>
      </trkpt>
      <trkpt lat="49.08867" lon="-121.47618">
        <ele>620.59</ele>
        <time>2026-08-01T17:36:08Z</time>
      </trkpt>
      <trkpt lat="49.08868" lon="-121.47622">
        <ele>622.12</ele>
        <time>2026-08-01T17:36:12Z</time>
      </trkpt>
      <trkpt lat="49.08869" lon="-121.47627">
        <ele>624.12</ele>
        <time>2026-08-01T17:36:16Z</time>
      </trkpt>
      <trkpt lat="49.0887" lon="-121.47633">
        <ele>626.58</ele>
        <time>2026-08-01T17:36:20Z</time>
      </trkpt>
      <trkpt lat="49.08871" lon="-121.47638">
        <ele>628.5</ele>
        <time>2026-08-01T17:36:24Z</time>
      </trkpt>
      <trkpt lat="49.08869" lon="-121.47643">
        <ele>632.03</ele>
        <time>2026-08-01T17:36:28Z</time>
      </trkpt>
      <trkpt lat="49.08868" lon="-121.47648">
        <ele>634.88</ele>
        <time>2026-08-01T17:36:32Z</time>
      </trkpt>
      <trkpt lat="49.08865" lon="-121.4765">
        <ele>637.53</ele>
        <time>2026-08-01T17:36:40Z</time>
      </trkpt>
      <trkpt lat="49.08862" lon="-121.47649">
        <ele>638.85</ele>
        <time>2026-08-01T17:36:46Z</time>
      </trkpt>
      <trkpt lat="49.08859" lon="-121.47649">
        <ele>641.1</ele>
        <time>2026-08-01T17:36:51Z</time>
      </trkpt>
      <trkpt lat="49.08856" lon="-121.47647">
        <ele>642.66</ele>
        <time>2026-08-01T17:36:56Z</time>
      </trkpt>
      <trkpt lat="49.08854" lon="-121.47643">
        <ele>642.48</ele>
        <time>2026-08-01T17:37:01Z</time>
      </trkpt>
      <trkpt lat="49.08851" lon="-121.4764">
        <ele>643.52</ele>
        <time>2026-08-01T17:37:06Z</time>
      </trkpt>
      <trkpt lat="49.08849" lon="-121.47637">
        <ele>643.51</ele>
        <time>2026-08-01T17:37:16Z</time>
      </trkpt>
      <trkpt lat="49.08846" lon="-121.47635">
        <ele>644.72</ele>
        <time>2026-08-01T17:37:23Z</time>
      </trkpt>
      <trkpt lat="49.08843" lon="-121.47632">
        <ele>645.3</ele>
        <time>2026-08-01T17:37:30Z</time>
      </trkpt>
      <trkpt lat="49.0884" lon="-121.47631">
        <ele>647.03</ele>
        <time>2026-08-01T17:37:35Z</time>
      </trkpt>
      <trkpt lat="49.08837" lon="-121.4763">
        <ele>648.74</ele>
        <time>2026-08-01T17:37:40Z</time>
      </trkpt>
      <trkpt lat="49.08835" lon="-121.47629">
        <ele>649.67</ele>
        <time>2026-08-01T17:37:44Z</time>
      </trkpt>
      <trkpt lat="49.08833" lon="-121.47627">
        <ele>649.93</ele>
        <time>2026-08-01T17:37:48Z</time>
      </trkpt>
      <trkpt lat="49.0883" lon="-121.47625">
        <ele>650.66</ele>
        <time>2026-08-01T17:37:53Z</time>
      </trkpt>
      <trkpt lat="49.08826" lon="-121.47621">
        <ele>651.18</ele>
        <time>2026-08-01T17:37:58Z</time>
      </trkpt>
      <trkpt lat="49.08823" lon="-121.47619">
        <ele>652.33</ele>
        <time>2026-08-01T17:38:02Z</time>
      </trkpt>
      <trkpt lat="49.08819" lon="-121.47617">
        <ele>654.38</ele>
        <time>2026-08-01T17:38:05Z</time>
      </trkpt>
      <trkpt lat="49.08814" lon="-121.47616">
        <ele>657.78</ele>
        <time>2026-08-01T17:38:07Z</time>
      </trkpt>
      <trkpt lat="49.08809" lon="-121.47615">
        <ele>661.3</ele>
        <time>2026-08-01T17:38:09Z</time>
      </trkpt>
      <trkpt lat="49.08806" lon="-121.47614">
        <ele>663.38</ele>
        <time>2026-08-01T17:38:11Z</time>
      </trkpt>
      <trkpt lat="49.08803" lon="-121.47612">
        <ele>663.69</ele>
        <time>2026-08-01T17:38:14Z</time>
      </trkpt>
      <trkpt lat="49.088" lon="-121.4761">
        <ele>663.41</ele>
        <time>2026-08-01T17:38:17Z</time>
      </trkpt>
      <trkpt lat="49.08797" lon="-121.47607">
        <ele>662.45</ele>
        <time>2026-08-01T17:38:21Z</time>
      </trkpt>
      <trkpt lat="49.08793" lon="-121.47605">
        <ele>662.34</ele>
        <time>2026-08-01T17:38:25Z</time>
      </trkpt>
      <trkpt lat="49.0879" lon="-121.47603">
        <ele>662.11</ele>
        <time>2026-08-01T17:38:29Z</time>
      </trkpt>
      <trkpt lat="49.08786" lon="-121.47602">
        <ele>662.66</ele>
        <time>2026-08-01T17:38:33Z</time>
      </trkpt>
      <trkpt lat="49.08783" lon="-121.476">
        <ele>662.61</ele>
        <time>2026-08-01T17:38:37Z</time>
      </trkpt>
      <trkpt lat="49.08779" lon="-121.47599">
        <ele>663.3</ele>
        <time>2026-08-01T17:38:41Z</time>
      </trkpt>
      <trkpt lat="49.08775" lon="-121.47598">
        <ele>663.63</ele>
        <time>2026-08-01T17:38:45Z</time>
      </trkpt>
      <trkpt lat="49.08772" lon="-121.47598">
        <ele>664.0</ele>
        <time>2026-08-01T17:38:48Z</time>
      </trkpt>
      <trkpt lat="49.08768" lon="-121.47597">
        <ele>664.15</ele>
        <time>2026-08-01T17:38:52Z</time>
      </trkpt>
      <trkpt lat="49.08764" lon="-121.47596">
        <ele>664.32</ele>
        <time>2026-08-01T17:38:56Z</time>
      </trkpt>
      <trkpt lat="49.08762" lon="-121.47595">
        <ele>664.23</ele>
        <time>2026-08-01T17:38:59Z</time>
      </trkpt>
      <trkpt lat="49.08759" lon="-121.47595">
        <ele>664.62</ele>
        <time>2026-08-01T17:39:02Z</time>
      </trkpt>
      <trkpt lat="49.08755" lon="-121.47593">
        <ele>664.47</ele>
        <time>2026-08-01T17:39:06Z</time>
      </trkpt>
      <trkpt lat="49.08752" lon="-121.47592">
        <ele>664.54</ele>
        <time>2026-08-01T17:39:10Z</time>
      </trkpt>
      <trkpt lat="49.08754" lon="-121.47589">
        <ele>663.29</ele>
        <time>2026-08-01T17:39:17Z</time>
      </trkpt>
      <trkpt lat="49.08757" lon="-121.47587">
        <ele>662.21</ele>
        <time>2026-08-01T17:39:22Z</time>
      </trkpt>
      <trkpt lat="49.08759" lon="-121.4759">
        <ele>662.94</ele>
        <time>2026-08-01T17:39:50Z</time>
      </trkpt>
      <trkpt lat="49.08758" lon="-121.47595">
        <ele>664.75</ele>
        <time>2026-08-01T17:40:14Z</time>
      </trkpt>
      <trkpt lat="49.08753" lon="-121.47595">
        <ele>665.39</ele>
        <time>2026-08-01T17:40:16Z</time>
      </trkpt>
      <trkpt lat="49.08749" lon="-121.47596">
        <ele>666.1</ele>
        <time>2026-08-01T17:40:18Z</time>
      </trkpt>
      <trkpt lat="49.08745" lon="-121.47597">
        <ele>666.42</ele>
        <time>2026-08-01T17:40:20Z</time>
      </trkpt>
      <trkpt lat="49.08741" lon="-121.47598">
        <ele>666.79</ele>
        <time>2026-08-01T17:40:23Z</time>
      </trkpt>
      <trkpt lat="49.08738" lon="-121.47598">
        <ele>666.8</ele>
        <time>2026-08-01T17:40:25Z</time>
      </trkpt>
      <trkpt lat="49.08735" lon="-121.47598">
        <ele>666.81</ele>
        <time>2026-08-01T17:40:27Z</time>
      </trkpt>
      <trkpt lat="49.08731" lon="-121.47598">
        <ele>666.83</ele>
        <time>2026-08-01T17:40:30Z</time>
      </trkpt>
      <trkpt lat="49.08728" lon="-121.47597">
        <ele>666.4</ele>
        <time>2026-08-01T17:40:33Z</time>
      </trkpt>
      <trkpt lat="49.08724" lon="-121.47596">
        <ele>665.94</ele>
        <time>2026-08-01T17:40:37Z</time>
      </trkpt>
      <trkpt lat="49.08722" lon="-121.47592">
        <ele>664.07</ele>
        <time>2026-08-01T17:40:54Z</time>
      </trkpt>
      <trkpt lat="49.08719" lon="-121.47592">
        <ele>664.21</ele>
        <time>2026-08-01T17:41:06Z</time>
      </trkpt>
      <trkpt lat="49.0872" lon="-121.47597">
        <ele>666.52</ele>
        <time>2026-08-01T17:41:10Z</time>
      </trkpt>
      <trkpt lat="49.0872" lon="-121.47602">
        <ele>668.87</ele>
        <time>2026-08-01T17:41:13Z</time>
      </trkpt>
      <trkpt lat="49.0872" lon="-121.47607">
        <ele>671.22</ele>
        <time>2026-08-01T17:41:16Z</time>
      </trkpt>
      <trkpt lat="49.08722" lon="-121.47611">
        <ele>672.96</ele>
        <time>2026-08-01T17:41:20Z</time>
      </trkpt>
      <trkpt lat="49.08727" lon="-121.47612">
        <ele>673.11</ele>
        <time>2026-08-01T17:41:23Z</time>
      </trkpt>
      <trkpt lat="49.08731" lon="-121.47614">
        <ele>673.8</ele>
        <time>2026-08-01T17:41:26Z</time>
      </trkpt>
      <trkpt lat="49.08734" lon="-121.47615">
        <ele>674.01</ele>
        <time>2026-08-01T17:41:29Z</time>
      </trkpt>
      <trkpt lat="49.08737" lon="-121.47617">
        <ele>674.66</ele>
        <time>2026-08-01T17:41:32Z</time>
      </trkpt>
      <trkpt lat="49.0874" lon="-121.4762">
        <ele>675.7</ele>
        <time>2026-08-01T17:41:35Z</time>
      </trkpt>
      <trkpt lat="49.08743" lon="-121.47622">
        <ele>676.21</ele>
        <time>2026-08-01T17:41:39Z</time>
      </trkpt>
      <trkpt lat="49.08745" lon="-121.47626">
        <ele>677.64</ele>
        <time>2026-08-01T17:41:43Z</time>
      </trkpt>
      <trkpt lat="49.08747" lon="-121.4763">
        <ele>678.99</ele>
        <time>2026-08-01T17:41:49Z</time>
      </trkpt>
      <trkpt lat="49.0875" lon="-121.47633">
        <ele>679.67</ele>
        <time>2026-08-01T17:41:54Z</time>
      </trkpt>
      <trkpt lat="49.08753" lon="-121.47637">
        <ele>680.73</ele>
        <time>2026-08-01T17:41:59Z</time>
      </trkpt>
      <trkpt lat="49.08756" lon="-121.4764">
        <ele>681.37</ele>
        <time>2026-08-01T17:42:04Z</time>
      </trkpt>
      <trkpt lat="49.08758" lon="-121.47644">
        <ele>682.64</ele>
        <time>2026-08-01T17:42:08Z</time>
      </trkpt>
      <trkpt lat="49.08761" lon="-121.47648">
        <ele>683.76</ele>
        <time>2026-08-01T17:42:12Z</time>
      </trkpt>
      <trkpt lat="49.08764" lon="-121.47651">
        <ele>684.5</ele>
        <time>2026-08-01T17:42:16Z</time>
      </trkpt>
      <trkpt lat="49.08767" lon="-121.47655">
        <ele>685.67</ele>
        <time>2026-08-01T17:42:20Z</time>
      </trkpt>
      <trkpt lat="49.08769" lon="-121.47659">
        <ele>687.04</ele>
        <time>2026-08-01T17:42:24Z</time>
      </trkpt>
      <trkpt lat="49.08772" lon="-121.47662">
        <ele>687.85</ele>
        <time>2026-08-01T17:42:28Z</time>
      </trkpt>
      <trkpt lat="49.08775" lon="-121.47666">
        <ele>689.11</ele>
        <time>2026-08-01T17:42:32Z</time>
      </trkpt>
      <trkpt lat="49.08777" lon="-121.47669">
        <ele>689.88</ele>
        <time>2026-08-01T17:42:36Z</time>
      </trkpt>
      <trkpt lat="49.08778" lon="-121.47674">
        <ele>691.32</ele>
        <time>2026-08-01T17:42:41Z</time>
      </trkpt>
      <trkpt lat="49.08776" lon="-121.47677">
        <ele>692.68</ele>
        <time>2026-08-01T17:42:44Z</time>
      </trkpt>
      <trkpt lat="49.08775" lon="-121.47682">
        <ele>694.53</ele>
        <time>2026-08-01T17:42:50Z</time>
      </trkpt>
      <trkpt lat="49.08776" lon="-121.47687">
        <ele>695.98</ele>
        <time>2026-08-01T17:42:55Z</time>
      </trkpt>
      <trkpt lat="49.08777" lon="-121.47692">
        <ele>697.4</ele>
        <time>2026-08-01T17:43:00Z</time>
      </trkpt>
      <trkpt lat="49.08778" lon="-121.47697">
        <ele>698.5</ele>
        <time>2026-08-01T17:43:05Z</time>
      </trkpt>
      <trkpt lat="49.0878" lon="-121.47701">
        <ele>698.94</ele>
        <time>2026-08-01T17:43:10Z</time>
      </trkpt>
      <trkpt lat="49.08782" lon="-121.47705">
        <ele>699.37</ele>
        <time>2026-08-01T17:43:14Z</time>
      </trkpt>
      <trkpt lat="49.08785" lon="-121.47709">
        <ele>699.58</ele>
        <time>2026-08-01T17:43:18Z</time>
      </trkpt>
      <trkpt lat="49.08787" lon="-121.47713">
        <ele>700.02</ele>
        <time>2026-08-01T17:43:22Z</time>
      </trkpt>
      <trkpt lat="49.08789" lon="-121.47717">
        <ele>700.45</ele>
        <time>2026-08-01T17:43:26Z</time>
      </trkpt>
      <trkpt lat="49.0879" lon="-121.47721">
        <ele>701.1</ele>
        <time>2026-08-01T17:43:28Z</time>
      </trkpt>
      <trkpt lat="49.08791" lon="-121.47725">
        <ele>701.65</ele>
        <time>2026-08-01T17:43:30Z</time>
      </trkpt>
      <trkpt lat="49.08792" lon="-121.4773">
        <ele>702.32</ele>
        <time>2026-08-01T17:43:33Z</time>
      </trkpt>
      <trkpt lat="49.08795" lon="-121.47734">
        <ele>702.3</ele>
        <time>2026-08-01T17:43:38Z</time>
      </trkpt>
      <trkpt lat="49.08798" lon="-121.47736">
        <ele>701.89</ele>
        <time>2026-08-01T17:43:43Z</time>
      </trkpt>
      <trkpt lat="49.08802" lon="-121.47739">
        <ele>701.34</ele>
        <time>2026-08-01T17:43:48Z</time>
      </trkpt>
      <trkpt lat="49.08804" lon="-121.47742">
        <ele>701.26</ele>
        <time>2026-08-01T17:43:53Z</time>
      </trkpt>
      <trkpt lat="49.08807" lon="-121.47746">
        <ele>701.3</ele>
        <time>2026-08-01T17:43:58Z</time>
      </trkpt>
      <trkpt lat="49.08805" lon="-121.47751">
        <ele>702.34</ele>
        <time>2026-08-01T17:44:04Z</time>
      </trkpt>
      <trkpt lat="49.08802" lon="-121.47755">
        <ele>703.88</ele>
        <time>2026-08-01T17:44:13Z</time>
      </trkpt>
      <trkpt lat="49.08799" lon="-121.47752">
        <ele>704.21</ele>
        <time>2026-08-01T17:44:18Z</time>
      </trkpt>
      <trkpt lat="49.08797" lon="-121.47746">
        <ele>703.8</ele>
        <time>2026-08-01T17:44:21Z</time>
      </trkpt>
      <trkpt lat="49.08795" lon="-121.47742">
        <ele>703.67</ele>
        <time>2026-08-01T17:44:24Z</time>
      </trkpt>
      <trkpt lat="49.08792" lon="-121.47742">
        <ele>704.47</ele>
        <time>2026-08-01T17:44:29Z</time>
      </trkpt>
      <trkpt lat="49.08788" lon="-121.4774">
        <ele>705.16</ele>
        <time>2026-08-01T17:44:34Z</time>
      </trkpt>
      <trkpt lat="49.08785" lon="-121.47738">
        <ele>705.55</ele>
        <time>2026-08-01T17:44:38Z</time>
      </trkpt>
      <trkpt lat="49.08782" lon="-121.47737">
        <ele>706.12</ele>
        <time>2026-08-01T17:44:43Z</time>
      </trkpt>
      <trkpt lat="49.08779" lon="-121.47736">
        <ele>706.67</ele>
        <time>2026-08-01T17:44:48Z</time>
      </trkpt>
      <trkpt lat="49.08775" lon="-121.47735">
        <ele>707.7</ele>
        <time>2026-08-01T17:44:53Z</time>
      </trkpt>
      <trkpt lat="49.08772" lon="-121.47734">
        <ele>708.47</ele>
        <time>2026-08-01T17:44:58Z</time>
      </trkpt>
      <trkpt lat="49.08768" lon="-121.47732">
        <ele>709.3</ele>
        <time>2026-08-01T17:45:04Z</time>
      </trkpt>
      <trkpt lat="49.08766" lon="-121.47733">
        <ele>710.21</ele>
        <time>2026-08-01T17:45:09Z</time>
      </trkpt>
      <trkpt lat="49.08762" lon="-121.47734">
        <ele>711.81</ele>
        <time>2026-08-01T17:45:14Z</time>
      </trkpt>
      <trkpt lat="49.08759" lon="-121.47732">
        <ele>712.23</ele>
        <time>2026-08-01T17:45:19Z</time>
      </trkpt>
      <trkpt lat="49.08756" lon="-121.4773">
        <ele>712.61</ele>
        <time>2026-08-01T17:45:24Z</time>
      </trkpt>
      <trkpt lat="49.08753" lon="-121.4773">
        <ele>713.57</ele>
        <time>2026-08-01T17:45:29Z</time>
      </trkpt>
      <trkpt lat="49.08749" lon="-121.47729">
        <ele>714.26</ele>
        <time>2026-08-01T17:45:35Z</time>
      </trkpt>
      <trkpt lat="49.08746" lon="-121.47728">
        <ele>714.13</ele>
        <time>2026-08-01T17:45:40Z</time>
      </trkpt>
      <trkpt lat="49.08743" lon="-121.47728">
        <ele>714.32</ele>
        <time>2026-08-01T17:45:46Z</time>
      </trkpt>
      <trkpt lat="49.08746" lon="-121.47728">
        <ele>714.13</ele>
        <time>2026-08-01T17:45:55Z</time>
      </trkpt>
      <trkpt lat="49.08743" lon="-121.47727">
        <ele>714.01</ele>
        <time>2026-08-01T17:46:06Z</time>
      </trkpt>
      <trkpt lat="49.08739" lon="-121.47726">
        <ele>713.96</ele>
        <time>2026-08-01T17:46:10Z</time>
      </trkpt>
      <trkpt lat="49.08736" lon="-121.47726">
        <ele>714.16</ele>
        <time>2026-08-01T17:46:13Z</time>
      </trkpt>
      <trkpt lat="49.08732" lon="-121.47725">
        <ele>714.13</ele>
        <time>2026-08-01T17:46:17Z</time>
      </trkpt>
      <trkpt lat="49.08729" lon="-121.47723">
        <ele>713.74</ele>
        <time>2026-08-01T17:46:21Z</time>
      </trkpt>
      <trkpt lat="49.08726" lon="-121.47722">
        <ele>713.65</ele>
        <time>2026-08-01T17:46:25Z</time>
      </trkpt>
      <trkpt lat="49.08723" lon="-121.4772">
        <ele>713.15</ele>
        <time>2026-08-01T17:46:29Z</time>
      </trkpt>
      <trkpt lat="49.08719" lon="-121.47718">
        <ele>713.43</ele>
        <time>2026-08-01T17:46:34Z</time>
      </trkpt>
      <trkpt lat="49.08716" lon="-121.47717">
        <ele>713.95</ele>
        <time>2026-08-01T17:46:39Z</time>
      </trkpt>
      <trkpt lat="49.08713" lon="-121.47716">
        <ele>714.49</ele>
        <time>2026-08-01T17:46:44Z</time>
      </trkpt>
      <trkpt lat="49.08709" lon="-121.47714">
        <ele>714.99</ele>
        <time>2026-08-01T17:46:49Z</time>
      </trkpt>
      <trkpt lat="49.08706" lon="-121.47713">
        <ele>715.55</ele>
        <time>2026-08-01T17:46:55Z</time>
      </trkpt>
      <trkpt lat="49.08703" lon="-121.47712">
        <ele>716.11</ele>
        <time>2026-08-01T17:47:00Z</time>
      </trkpt>
      <trkpt lat="49.08699" lon="-121.47711">
        <ele>716.99</ele>
        <time>2026-08-01T17:47:05Z</time>
      </trkpt>
      <trkpt lat="49.08696" lon="-121.4771">
        <ele>717.57</ele>
        <time>2026-08-01T17:47:10Z</time>
      </trkpt>
      <trkpt lat="49.08692" lon="-121.47709">
        <ele>718.95</ele>
        <time>2026-08-01T17:47:15Z</time>
      </trkpt>
      <trkpt lat="49.08689" lon="-121.47708">
        <ele>720.13</ele>
        <time>2026-08-01T17:47:21Z</time>
      </trkpt>
      <trkpt lat="49.08694" lon="-121.47707">
        <ele>717.29</ele>
        <time>2026-08-01T17:47:30Z</time>
      </trkpt>
      <trkpt lat="49.08697" lon="-121.47707">
        <ele>716.28</ele>
        <time>2026-08-01T17:47:32Z</time>
      </trkpt>
      <trkpt lat="49.08701" lon="-121.47706">
        <ele>714.72</ele>
        <time>2026-08-01T17:47:37Z</time>
      </trkpt>
      <trkpt lat="49.08699" lon="-121.47702">
        <ele>714.02</ele>
        <time>2026-08-01T17:47:49Z</time>
      </trkpt>
      <trkpt lat="49.087" lon="-121.47704">
        <ele>714.36</ele>
        <time>2026-08-01T17:48:04Z</time>
      </trkpt>
      <trkpt lat="49.08698" lon="-121.47707">
        <ele>715.97</ele>
        <time>2026-08-01T17:48:14Z</time>
      </trkpt>
      <trkpt lat="49.08696" lon="-121.47709">
        <ele>717.24</ele>
        <time>2026-08-01T17:48:27Z</time>
      </trkpt>
      <trkpt lat="49.08693" lon="-121.47711">
        <ele>719.1</ele>
        <time>2026-08-01T17:48:59Z</time>
      </trkpt>
      <trkpt lat="49.08693" lon="-121.47709">
        <ele>718.45</ele>
        <time>2026-08-01T17:49:26Z</time>
      </trkpt>
      <trkpt lat="49.08691" lon="-121.47709">
        <ele>719.46</ele>
        <time>2026-08-01T17:50:11Z</time>
      </trkpt>
      <trkpt lat="49.08689" lon="-121.47707">
        <ele>719.79</ele>
        <time>2026-08-01T17:50:55Z</time>
      </trkpt>
      <trkpt lat="49.08688" lon="-121.47708">
        <ele>720.63</ele>
        <time>2026-08-01T17:52:12Z</time>
      </trkpt>
      <trkpt lat="49.08691" lon="-121.47709">
        <ele>719.46</ele>
        <time>2026-08-01T17:53:02Z</time>
      </trkpt>
      <trkpt lat="49.08694" lon="-121.47709">
        <ele>717.94</ele>
        <time>2026-08-01T17:53:11Z</time>
      </trkpt>
      <trkpt lat="49.0869" lon="-121.47709">
        <ele>719.96</ele>
        <time>2026-08-01T17:53:39Z</time>
      </trkpt>
      <trkpt lat="49.08687" lon="-121.47709">
        <ele>721.48</ele>
        <time>2026-08-01T17:53:43Z</time>
      </trkpt>
      <trkpt lat="49.08684" lon="-121.47709">
        <ele>723.0</ele>
        <time>2026-08-01T17:53:48Z</time>
      </trkpt>
      <trkpt lat="49.0868" lon="-121.47709">
        <ele>725.02</ele>
        <time>2026-08-01T17:53:53Z</time>
      </trkpt>
      <trkpt lat="49.08676" lon="-121.47709">
        <ele>727.04</ele>
        <time>2026-08-01T17:53:57Z</time>
      </trkpt>
      <trkpt lat="49.08673" lon="-121.47709">
        <ele>728.56</ele>
        <time>2026-08-01T17:54:00Z</time>
      </trkpt>
      <trkpt lat="49.0867" lon="-121.47709">
        <ele>730.08</ele>
        <time>2026-08-01T17:54:03Z</time>
      </trkpt>
      <trkpt lat="49.08667" lon="-121.47709">
        <ele>731.6</ele>
        <time>2026-08-01T17:54:06Z</time>
      </trkpt>
      <trkpt lat="49.08663" lon="-121.47709">
        <ele>732.47</ele>
        <time>2026-08-01T17:54:09Z</time>
      </trkpt>
      <trkpt lat="49.0866" lon="-121.47709">
        <ele>733.04</ele>
        <time>2026-08-01T17:54:12Z</time>
      </trkpt>
      <trkpt lat="49.08657" lon="-121.47709">
        <ele>733.62</ele>
        <time>2026-08-01T17:54:15Z</time>
      </trkpt>
      <trkpt lat="49.08653" lon="-121.47709">
        <ele>734.39</ele>
        <time>2026-08-01T17:54:19Z</time>
      </trkpt>
      <trkpt lat="49.08649" lon="-121.47709">
        <ele>735.16</ele>
        <time>2026-08-01T17:54:23Z</time>
      </trkpt>
      <trkpt lat="49.08646" lon="-121.47709">
        <ele>735.73</ele>
        <time>2026-08-01T17:54:27Z</time>
      </trkpt>
      <trkpt lat="49.08643" lon="-121.47709">
        <ele>736.31</ele>
        <time>2026-08-01T17:54:31Z</time>
      </trkpt>
      <trkpt lat="49.08639" lon="-121.47709">
        <ele>737.07</ele>
        <time>2026-08-01T17:54:35Z</time>
      </trkpt>
      <trkpt lat="49.08635" lon="-121.47709">
        <ele>737.46</ele>
        <time>2026-08-01T17:54:40Z</time>
      </trkpt>
      <trkpt lat="49.08632" lon="-121.47709">
        <ele>737.75</ele>
        <time>2026-08-01T17:54:45Z</time>
      </trkpt>
      <trkpt lat="49.08629" lon="-121.47709">
        <ele>738.03</ele>
        <time>2026-08-01T17:54:51Z</time>
      </trkpt>
      <trkpt lat="49.08625" lon="-121.47709">
        <ele>738.41</ele>
        <time>2026-08-01T17:55:03Z</time>
      </trkpt>
      <trkpt lat="49.08622" lon="-121.47709">
        <ele>738.69</ele>
        <time>2026-08-01T17:55:10Z</time>
      </trkpt>
      <trkpt lat="49.08619" lon="-121.47709">
        <ele>738.97</ele>
        <time>2026-08-01T17:55:18Z</time>
      </trkpt>
      <trkpt lat="49.08615" lon="-121.4771">
        <ele>739.65</ele>
        <time>2026-08-01T17:55:24Z</time>
      </trkpt>
      <trkpt lat="49.08614" lon="-121.47716">
        <ele>741.58</ele>
        <time>2026-08-01T17:55:27Z</time>
      </trkpt>
      <trkpt lat="49.08612" lon="-121.47721">
        <ele>743.45</ele>
        <time>2026-08-01T17:55:30Z</time>
      </trkpt>
      <trkpt lat="49.08609" lon="-121.47724">
        <ele>744.53</ele>
        <time>2026-08-01T17:55:35Z</time>
      </trkpt>
      <trkpt lat="49.08606" lon="-121.47723">
        <ele>744.06</ele>
        <time>2026-08-01T17:55:40Z</time>
      </trkpt>
      <trkpt lat="49.08603" lon="-121.47724">
        <ele>744.22</ele>
        <time>2026-08-01T17:55:45Z</time>
      </trkpt>
      <trkpt lat="49.086" lon="-121.47725">
        <ele>744.32</ele>
        <time>2026-08-01T17:55:49Z</time>
      </trkpt>
      <trkpt lat="49.08596" lon="-121.47725">
        <ele>744.08</ele>
        <time>2026-08-01T17:55:51Z</time>
      </trkpt>
      <trkpt lat="49.08592" lon="-121.47725">
        <ele>743.83</ele>
        <time>2026-08-01T17:55:53Z</time>
      </trkpt>
      <trkpt lat="49.08588" lon="-121.47724">
        <ele>743.44</ele>
        <time>2026-08-01T17:55:56Z</time>
      </trkpt>
      <trkpt lat="49.08585" lon="-121.47724">
        <ele>743.28</ele>
        <time>2026-08-01T17:56:01Z</time>
      </trkpt>
      <trkpt lat="49.08581" lon="-121.47724">
        <ele>743.43</ele>
        <time>2026-08-01T17:56:06Z</time>
      </trkpt>
      <trkpt lat="49.08578" lon="-121.47726">
        <ele>743.91</ele>
        <time>2026-08-01T17:56:12Z</time>
      </trkpt>
      <trkpt lat="49.08575" lon="-121.4773">
        <ele>744.49</ele>
        <time>2026-08-01T17:56:17Z</time>
      </trkpt>
      <trkpt lat="49.08573" lon="-121.47734">
        <ele>744.91</ele>
        <time>2026-08-01T17:56:20Z</time>
      </trkpt>
      <trkpt lat="49.0857" lon="-121.47737">
        <ele>745.27</ele>
        <time>2026-08-01T17:56:23Z</time>
      </trkpt>
      <trkpt lat="49.08568" lon="-121.4774">
        <ele>745.52</ele>
        <time>2026-08-01T17:56:27Z</time>
      </trkpt>
      <trkpt lat="49.08564" lon="-121.47741">
        <ele>745.7</ele>
        <time>2026-08-01T17:56:32Z</time>
      </trkpt>
      <trkpt lat="49.08561" lon="-121.47744">
        <ele>745.87</ele>
        <time>2026-08-01T17:56:37Z</time>
      </trkpt>
      <trkpt lat="49.08558" lon="-121.47747">
        <ele>745.97</ele>
        <time>2026-08-01T17:56:41Z</time>
      </trkpt>
      <trkpt lat="49.08555" lon="-121.47749">
        <ele>745.96</ele>
        <time>2026-08-01T17:56:45Z</time>
      </trkpt>
      <trkpt lat="49.08552" lon="-121.47748">
        <ele>745.76</ele>
        <time>2026-08-01T17:56:49Z</time>
      </trkpt>
      <trkpt lat="49.08549" lon="-121.47745">
        <ele>745.61</ele>
        <time>2026-08-01T17:56:53Z</time>
      </trkpt>
      <trkpt lat="49.08545" lon="-121.47744">
        <ele>745.4</ele>
        <time>2026-08-01T17:56:58Z</time>
      </trkpt>
      <trkpt lat="49.08542" lon="-121.47742">
        <ele>745.31</ele>
        <time>2026-08-01T17:57:02Z</time>
      </trkpt>
      <trkpt lat="49.08538" lon="-121.4774">
        <ele>745.19</ele>
        <time>2026-08-01T17:57:07Z</time>
      </trkpt>
      <trkpt lat="49.08534" lon="-121.4774">
        <ele>745.01</ele>
        <time>2026-08-01T17:57:12Z</time>
      </trkpt>
      <trkpt lat="49.08531" lon="-121.47739">
        <ele>744.93</ele>
        <time>2026-08-01T17:57:16Z</time>
      </trkpt>
      <trkpt lat="49.08528" lon="-121.47739">
        <ele>744.8</ele>
        <time>2026-08-01T17:57:20Z</time>
      </trkpt>
      <trkpt lat="49.08525" lon="-121.4774">
        <ele>744.91</ele>
        <time>2026-08-01T17:57:24Z</time>
      </trkpt>
      <trkpt lat="49.0852" lon="-121.47742">
        <ele>745.17</ele>
        <time>2026-08-01T17:57:27Z</time>
      </trkpt>
      <trkpt lat="49.08517" lon="-121.47744">
        <ele>745.34</ele>
        <time>2026-08-01T17:57:29Z</time>
      </trkpt>
      <trkpt lat="49.08513" lon="-121.47748">
        <ele>745.63</ele>
        <time>2026-08-01T17:57:32Z</time>
      </trkpt>
      <trkpt lat="49.0851" lon="-121.4775">
        <ele>745.92</ele>
        <time>2026-08-01T17:57:36Z</time>
      </trkpt>
      <trkpt lat="49.08506" lon="-121.47751">
        <ele>746.84</ele>
        <time>2026-08-01T17:57:39Z</time>
      </trkpt>
      <trkpt lat="49.08502" lon="-121.47751">
        <ele>747.28</ele>
        <time>2026-08-01T17:57:43Z</time>
      </trkpt>
      <trkpt lat="49.08499" lon="-121.47752">
        <ele>748.36</ele>
        <time>2026-08-01T17:57:47Z</time>
      </trkpt>
      <trkpt lat="49.08495" lon="-121.47753">
        <ele>750.23</ele>
        <time>2026-08-01T17:57:51Z</time>
      </trkpt>
      <trkpt lat="49.08491" lon="-121.47754">
        <ele>752.07</ele>
        <time>2026-08-01T17:57:55Z</time>
      </trkpt>
      <trkpt lat="49.08488" lon="-121.47754">
        <ele>753.09</ele>
        <time>2026-08-01T17:57:59Z</time>
      </trkpt>
      <trkpt lat="49.08485" lon="-121.47754">
        <ele>754.1</ele>
        <time>2026-08-01T17:58:03Z</time>
      </trkpt>
      <trkpt lat="49.08482" lon="-121.47752">
        <ele>754.3</ele>
        <time>2026-08-01T17:58:07Z</time>
      </trkpt>
      <trkpt lat="49.08478" lon="-121.47752">
        <ele>755.7</ele>
        <time>2026-08-01T17:58:12Z</time>
      </trkpt>
      <trkpt lat="49.08474" lon="-121.47753">
        <ele>757.47</ele>
        <time>2026-08-01T17:58:17Z</time>
      </trkpt>
      <trkpt lat="49.08471" lon="-121.47754">
        <ele>758.65</ele>
        <time>2026-08-01T17:58:22Z</time>
      </trkpt>
      <trkpt lat="49.08467" lon="-121.47755">
        <ele>759.71</ele>
        <time>2026-08-01T17:58:27Z</time>
      </trkpt>
      <trkpt lat="49.08465" lon="-121.47756">
        <ele>760.4</ele>
        <time>2026-08-01T17:58:31Z</time>
      </trkpt>
      <trkpt lat="49.08461" lon="-121.47758">
        <ele>761.78</ele>
        <time>2026-08-01T17:58:36Z</time>
      </trkpt>
      <trkpt lat="49.08458" lon="-121.4776">
        <ele>762.98</ele>
        <time>2026-08-01T17:58:41Z</time>
      </trkpt>
      <trkpt lat="49.08455" lon="-121.47762">
        <ele>764.15</ele>
        <time>2026-08-01T17:58:46Z</time>
      </trkpt>
      <trkpt lat="49.08452" lon="-121.47763">
        <ele>764.98</ele>
        <time>2026-08-01T17:58:50Z</time>
      </trkpt>
      <trkpt lat="49.08449" lon="-121.47764">
        <ele>765.8</ele>
        <time>2026-08-01T17:58:56Z</time>
      </trkpt>
      <trkpt lat="49.08447" lon="-121.47761">
        <ele>765.14</ele>
        <time>2026-08-01T17:59:08Z</time>
      </trkpt>
      <trkpt lat="49.08444" lon="-121.47761">
        <ele>765.62</ele>
        <time>2026-08-01T17:59:14Z</time>
      </trkpt>
      <trkpt lat="49.0844" lon="-121.47762">
        <ele>766.39</ele>
        <time>2026-08-01T17:59:22Z</time>
      </trkpt>
      <trkpt lat="49.08437" lon="-121.47765">
        <ele>767.64</ele>
        <time>2026-08-01T17:59:28Z</time>
      </trkpt>
      <trkpt lat="49.08434" lon="-121.47767">
        <ele>768.55</ele>
        <time>2026-08-01T17:59:34Z</time>
      </trkpt>
      <trkpt lat="49.08431" lon="-121.47769">
        <ele>769.43</ele>
        <time>2026-08-01T17:59:39Z</time>
      </trkpt>
      <trkpt lat="49.08428" lon="-121.47771">
        <ele>770.28</ele>
        <time>2026-08-01T17:59:44Z</time>
      </trkpt>
      <trkpt lat="49.08425" lon="-121.47771">
        <ele>770.55</ele>
        <time>2026-08-01T17:59:49Z</time>
      </trkpt>
      <trkpt lat="49.08422" lon="-121.47771">
        <ele>770.81</ele>
        <time>2026-08-01T17:59:55Z</time>
      </trkpt>
      <trkpt lat="49.08418" lon="-121.47772">
        <ele>771.43</ele>
        <time>2026-08-01T18:00:03Z</time>
      </trkpt>
      <trkpt lat="49.08415" lon="-121.47772">
        <ele>771.62</ele>
        <time>2026-08-01T18:00:12Z</time>
      </trkpt>
      <trkpt lat="49.08412" lon="-121.47771">
        <ele>771.5</ele>
        <time>2026-08-01T18:00:20Z</time>
      </trkpt>
      <trkpt lat="49.0841" lon="-121.47766">
        <ele>770.37</ele>
        <time>2026-08-01T18:00:25Z</time>
      </trkpt>
      <trkpt lat="49.08407" lon="-121.47766">
        <ele>770.53</ele>
        <time>2026-08-01T18:00:36Z</time>
      </trkpt>
      <trkpt lat="49.08403" lon="-121.47765">
        <ele>770.5</ele>
        <time>2026-08-01T18:00:45Z</time>
      </trkpt>
      <trkpt lat="49.084" lon="-121.47765">
        <ele>770.66</ele>
        <time>2026-08-01T18:00:53Z</time>
      </trkpt>
      <trkpt lat="49.08397" lon="-121.47765">
        <ele>770.81</ele>
        <time>2026-08-01T18:01:01Z</time>
      </trkpt>
      <trkpt lat="49.08393" lon="-121.47766">
        <ele>771.25</ele>
        <time>2026-08-01T18:01:08Z</time>
      </trkpt>
      <trkpt lat="49.0839" lon="-121.47765">
        <ele>771.18</ele>
        <time>2026-08-01T18:01:15Z</time>
      </trkpt>
      <trkpt lat="49.08387" lon="-121.47765">
        <ele>771.42</ele>
        <time>2026-08-01T18:01:23Z</time>
      </trkpt>
      <trkpt lat="49.08383" lon="-121.47765">
        <ele>771.8</ele>
        <time>2026-08-01T18:01:31Z</time>
      </trkpt>
      <trkpt lat="49.0838" lon="-121.47766">
        <ele>772.33</ele>
        <time>2026-08-01T18:01:38Z</time>
      </trkpt>
      <trkpt lat="49.08377" lon="-121.47766">
        <ele>772.62</ele>
        <time>2026-08-01T18:01:45Z</time>
      </trkpt>
      <trkpt lat="49.08374" lon="-121.47767">
        <ele>773.19</ele>
        <time>2026-08-01T18:01:51Z</time>
      </trkpt>
      <trkpt lat="49.08371" lon="-121.47768">
        <ele>773.78</ele>
        <time>2026-08-01T18:01:57Z</time>
      </trkpt>
      <trkpt lat="49.08368" lon="-121.47769">
        <ele>774.4</ele>
        <time>2026-08-01T18:02:03Z</time>
      </trkpt>
      <trkpt lat="49.08363" lon="-121.4777">
        <ele>775.27</ele>
        <time>2026-08-01T18:02:07Z</time>
      </trkpt>
      <trkpt lat="49.08359" lon="-121.47771">
        <ele>776.49</ele>
        <time>2026-08-01T18:02:09Z</time>
      </trkpt>
      <trkpt lat="49.08355" lon="-121.47772">
        <ele>778.07</ele>
        <time>2026-08-01T18:02:12Z</time>
      </trkpt>
      <trkpt lat="49.08353" lon="-121.47772">
        <ele>778.71</ele>
        <time>2026-08-01T18:02:16Z</time>
      </trkpt>
      <trkpt lat="49.0835" lon="-121.47776">
        <ele>780.73</ele>
        <time>2026-08-01T18:02:20Z</time>
      </trkpt>
      <trkpt lat="49.08348" lon="-121.4778">
        <ele>782.34</ele>
        <time>2026-08-01T18:02:25Z</time>
      </trkpt>
      <trkpt lat="49.08345" lon="-121.47783">
        <ele>783.96</ele>
        <time>2026-08-01T18:02:30Z</time>
      </trkpt>
      <trkpt lat="49.08342" lon="-121.47784">
        <ele>785.07</ele>
        <time>2026-08-01T18:02:35Z</time>
      </trkpt>
      <trkpt lat="49.08339" lon="-121.47787">
        <ele>786.69</ele>
        <time>2026-08-01T18:02:40Z</time>
      </trkpt>
      <trkpt lat="49.08336" lon="-121.47789">
        <ele>788.06</ele>
        <time>2026-08-01T18:02:46Z</time>
      </trkpt>
      <trkpt lat="49.08333" lon="-121.47787">
        <ele>788.36</ele>
        <time>2026-08-01T18:03:24Z</time>
      </trkpt>
      <trkpt lat="49.08331" lon="-121.47788">
        <ele>788.86</ele>
        <time>2026-08-01T18:03:30Z</time>
      </trkpt>
      <trkpt lat="49.08329" lon="-121.47789">
        <ele>789.36</ele>
        <time>2026-08-01T18:03:33Z</time>
      </trkpt>
      <trkpt lat="49.08325" lon="-121.47791">
        <ele>790.37</ele>
        <time>2026-08-01T18:03:38Z</time>
      </trkpt>
      <trkpt lat="49.0832" lon="-121.47792">
        <ele>791.27</ele>
        <time>2026-08-01T18:03:41Z</time>
      </trkpt>
      <trkpt lat="49.08316" lon="-121.47793">
        <ele>792.05</ele>
        <time>2026-08-01T18:03:43Z</time>
      </trkpt>
      <trkpt lat="49.08313" lon="-121.47793">
        <ele>792.43</ele>
        <time>2026-08-01T18:03:46Z</time>
      </trkpt>
      <trkpt lat="49.08309" lon="-121.47795">
        <ele>793.51</ele>
        <time>2026-08-01T18:03:51Z</time>
      </trkpt>
      <trkpt lat="49.08306" lon="-121.47796">
        <ele>794.19</ele>
        <time>2026-08-01T18:03:55Z</time>
      </trkpt>
      <trkpt lat="49.08303" lon="-121.47796">
        <ele>794.43</ele>
        <time>2026-08-01T18:03:58Z</time>
      </trkpt>
      <trkpt lat="49.08299" lon="-121.47797">
        <ele>794.99</ele>
        <time>2026-08-01T18:04:01Z</time>
      </trkpt>
      <trkpt lat="49.08296" lon="-121.47798">
        <ele>795.45</ele>
        <time>2026-08-01T18:04:05Z</time>
      </trkpt>
      <trkpt lat="49.08292" lon="-121.47798">
        <ele>795.71</ele>
        <time>2026-08-01T18:04:09Z</time>
      </trkpt>
      <trkpt lat="49.08288" lon="-121.478">
        <ele>796.41</ele>
        <time>2026-08-01T18:04:14Z</time>
      </trkpt>
      <trkpt lat="49.08285" lon="-121.47801">
        <ele>796.79</ele>
        <time>2026-08-01T18:04:19Z</time>
      </trkpt>
      <trkpt lat="49.08282" lon="-121.47803">
        <ele>797.35</ele>
        <time>2026-08-01T18:04:24Z</time>
      </trkpt>
      <trkpt lat="49.08279" lon="-121.47806">
        <ele>798.1</ele>
        <time>2026-08-01T18:04:29Z</time>
      </trkpt>
      <trkpt lat="49.08276" lon="-121.47809">
        <ele>799.13</ele>
        <time>2026-08-01T18:04:35Z</time>
      </trkpt>
      <trkpt lat="49.08274" lon="-121.47812">
        <ele>800.03</ele>
        <time>2026-08-01T18:04:40Z</time>
      </trkpt>
      <trkpt lat="49.08271" lon="-121.47815">
        <ele>800.81</ele>
        <time>2026-08-01T18:04:45Z</time>
      </trkpt>
      <trkpt lat="49.08268" lon="-121.47818">
        <ele>801.44</ele>
        <time>2026-08-01T18:04:50Z</time>
      </trkpt>
      <trkpt lat="49.08265" lon="-121.47821">
        <ele>801.93</ele>
        <time>2026-08-01T18:04:55Z</time>
      </trkpt>
      <trkpt lat="49.08262" lon="-121.47824">
        <ele>802.28</ele>
        <time>2026-08-01T18:04:59Z</time>
      </trkpt>
      <trkpt lat="49.0826" lon="-121.47829">
        <ele>803.0</ele>
        <time>2026-08-01T18:05:02Z</time>
      </trkpt>
      <trkpt lat="49.08259" lon="-121.47834">
        <ele>803.76</ele>
        <time>2026-08-01T18:05:04Z</time>
      </trkpt>
      <trkpt lat="49.08256" lon="-121.47838">
        <ele>803.97</ele>
        <time>2026-08-01T18:05:07Z</time>
      </trkpt>
      <trkpt lat="49.08253" lon="-121.47841">
        <ele>803.82</ele>
        <time>2026-08-01T18:05:11Z</time>
      </trkpt>
      <trkpt lat="49.08251" lon="-121.47844">
        <ele>803.8</ele>
        <time>2026-08-01T18:05:15Z</time>
      </trkpt>
      <trkpt lat="49.08247" lon="-121.47845">
        <ele>804.11</ele>
        <time>2026-08-01T18:05:20Z</time>
      </trkpt>
      <trkpt lat="49.08245" lon="-121.47842">
        <ele>803.97</ele>
        <time>2026-08-01T18:05:24Z</time>
      </trkpt>
      <trkpt lat="49.08241" lon="-121.47841">
        <ele>804.4</ele>
        <time>2026-08-01T18:05:29Z</time>
      </trkpt>
      <trkpt lat="49.08238" lon="-121.47841">
        <ele>804.83</ele>
        <time>2026-08-01T18:05:34Z</time>
      </trkpt>
      <trkpt lat="49.08235" lon="-121.47842">
        <ele>805.41</ele>
        <time>2026-08-01T18:05:39Z</time>
      </trkpt>
      <trkpt lat="49.08231" lon="-121.47841">
        <ele>805.84</ele>
        <time>2026-08-01T18:05:44Z</time>
      </trkpt>
      <trkpt lat="49.08228" lon="-121.4784">
        <ele>806.13</ele>
        <time>2026-08-01T18:05:49Z</time>
      </trkpt>
      <trkpt lat="49.08225" lon="-121.47839">
        <ele>806.42</ele>
        <time>2026-08-01T18:05:54Z</time>
      </trkpt>
      <trkpt lat="49.08221" lon="-121.47838">
        <ele>807.06</ele>
        <time>2026-08-01T18:06:00Z</time>
      </trkpt>
      <trkpt lat="49.08218" lon="-121.47838">
        <ele>808.01</ele>
        <time>2026-08-01T18:06:06Z</time>
      </trkpt>
      <trkpt lat="49.08214" lon="-121.47838">
        <ele>809.29</ele>
        <time>2026-08-01T18:06:12Z</time>
      </trkpt>
      <trkpt lat="49.08211" lon="-121.47839">
        <ele>810.37</ele>
        <time>2026-08-01T18:06:18Z</time>
      </trkpt>
      <trkpt lat="49.08208" lon="-121.4784">
        <ele>811.45</ele>
        <time>2026-08-01T18:06:23Z</time>
      </trkpt>
      <trkpt lat="49.08204" lon="-121.4784">
        <ele>812.71</ele>
        <time>2026-08-01T18:06:28Z</time>
      </trkpt>
      <trkpt lat="49.08204" lon="-121.47841">
        <ele>812.83</ele>
        <time>2026-08-01T18:06:32Z</time>
      </trkpt>
      <trkpt lat="49.08202" lon="-121.4784">
        <ele>813.34</ele>
        <time>2026-08-01T18:06:41Z</time>
      </trkpt>
      <trkpt lat="49.08199" lon="-121.4784">
        <ele>814.28</ele>
        <time>2026-08-01T18:06:46Z</time>
      </trkpt>
      <trkpt lat="49.08197" lon="-121.47836">
        <ele>814.47</ele>
        <time>2026-08-01T18:06:53Z</time>
      </trkpt>
      <trkpt lat="49.08195" lon="-121.47832">
        <ele>814.58</ele>
        <time>2026-08-01T18:06:57Z</time>
      </trkpt>
      <trkpt lat="49.08193" lon="-121.47831">
        <ele>814.85</ele>
        <time>2026-08-01T18:07:10Z</time>
      </trkpt>
      <trkpt lat="49.0819" lon="-121.47832">
        <ele>815.58</ele>
        <time>2026-08-01T18:07:19Z</time>
      </trkpt>
      <trkpt lat="49.08187" lon="-121.47832">
        <ele>816.13</ele>
        <time>2026-08-01T18:07:26Z</time>
      </trkpt>
      <trkpt lat="49.08185" lon="-121.47826">
        <ele>815.56</ele>
        <time>2026-08-01T18:07:33Z</time>
      </trkpt>
      <trkpt lat="49.08184" lon="-121.47821">
        <ele>814.99</ele>
        <time>2026-08-01T18:07:35Z</time>
      </trkpt>
      <trkpt lat="49.08183" lon="-121.47815">
        <ele>814.3</ele>
        <time>2026-08-01T18:07:38Z</time>
      </trkpt>
      <trkpt lat="49.08186" lon="-121.47818">
        <ele>814.1</ele>
        <time>2026-08-01T18:07:49Z</time>
      </trkpt>
      <trkpt lat="49.08187" lon="-121.47823">
        <ele>814.68</ele>
        <time>2026-08-01T18:07:55Z</time>
      </trkpt>
      <trkpt lat="49.08187" lon="-121.47827">
        <ele>815.32</ele>
        <time>2026-08-01T18:08:02Z</time>
      </trkpt>
      <trkpt lat="49.08186" lon="-121.47822">
        <ele>814.73</ele>
        <time>2026-08-01T18:08:11Z</time>
      </trkpt>
      <trkpt lat="49.08186" lon="-121.47816">
        <ele>813.78</ele>
        <time>2026-08-01T18:08:13Z</time>
      </trkpt>
      <trkpt lat="49.08186" lon="-121.4781">
        <ele>812.83</ele>
        <time>2026-08-01T18:08:16Z</time>
      </trkpt>
      <trkpt lat="49.08186" lon="-121.47805">
        <ele>812.15</ele>
        <time>2026-08-01T18:08:21Z</time>
      </trkpt>
      <trkpt lat="49.08186" lon="-121.47812">
        <ele>813.15</ele>
        <time>2026-08-01T18:08:30Z</time>
      </trkpt>
      <trkpt lat="49.08186" lon="-121.47817">
        <ele>813.94</ele>
        <time>2026-08-01T18:08:32Z</time>
      </trkpt>
      <trkpt lat="49.08184" lon="-121.47811">
        <ele>813.46</ele>
        <time>2026-08-01T18:08:52Z</time>
      </trkpt>
      <trkpt lat="49.08184" lon="-121.47805">
        <ele>812.65</ele>
        <time>2026-08-01T18:08:55Z</time>
      </trkpt>
      <trkpt lat="49.08185" lon="-121.47802">
        <ele>812.51</ele>
        <time>2026-08-01T18:09:01Z</time>
      </trkpt>
      <trkpt lat="49.08189" lon="-121.47803">
        <ele>811.43</ele>
        <time>2026-08-01T18:09:03Z</time>
      </trkpt>
      <trkpt lat="49.08194" lon="-121.47803">
        <ele>810.12</ele>
        <time>2026-08-01T18:09:05Z</time>
      </trkpt>
      <trkpt lat="49.08198" lon="-121.47802">
        <ele>809.25</ele>
        <time>2026-08-01T18:09:08Z</time>
      </trkpt>
      <trkpt lat="49.08201" lon="-121.47801">
        <ele>808.62</ele>
        <time>2026-08-01T18:09:12Z</time>
      </trkpt>
      <trkpt lat="49.08205" lon="-121.478">
        <ele>807.8</ele>
        <time>2026-08-01T18:09:15Z</time>
      </trkpt>
      <trkpt lat="49.08208" lon="-121.478">
        <ele>807.17</ele>
        <time>2026-08-01T18:09:18Z</time>
      </trkpt>
      <trkpt lat="49.08211" lon="-121.47798">
        <ele>806.59</ele>
        <time>2026-08-01T18:09:22Z</time>
      </trkpt>
      <trkpt lat="49.08214" lon="-121.47794">
        <ele>806.07</ele>
        <time>2026-08-01T18:09:27Z</time>
      </trkpt>
      <trkpt lat="49.08216" lon="-121.4779">
        <ele>805.78</ele>
        <time>2026-08-01T18:09:32Z</time>
      </trkpt>
      <trkpt lat="49.08219" lon="-121.47787">
        <ele>805.29</ele>
        <time>2026-08-01T18:09:38Z</time>
      </trkpt>
      <trkpt lat="49.08222" lon="-121.47784">
        <ele>804.82</ele>
        <time>2026-08-01T18:09:42Z</time>
      </trkpt>
      <trkpt lat="49.08225" lon="-121.47782">
        <ele>804.18</ele>
        <time>2026-08-01T18:09:46Z</time>
      </trkpt>
      <trkpt lat="49.08228" lon="-121.47779">
        <ele>803.52</ele>
        <time>2026-08-01T18:09:50Z</time>
      </trkpt>
      <trkpt lat="49.08231" lon="-121.47776">
        <ele>802.98</ele>
        <time>2026-08-01T18:09:54Z</time>
      </trkpt>
      <trkpt lat="49.08234" lon="-121.47773">
        <ele>802.55</ele>
        <time>2026-08-01T18:09:59Z</time>
      </trkpt>
      <trkpt lat="49.08237" lon="-121.47771">
        <ele>802.01</ele>
        <time>2026-08-01T18:10:03Z</time>
      </trkpt>
      <trkpt lat="49.08241" lon="-121.47769">
        <ele>801.22</ele>
        <time>2026-08-01T18:10:07Z</time>
      </trkpt>
      <trkpt lat="49.08243" lon="-121.47767">
        <ele>800.93</ele>
        <time>2026-08-01T18:10:11Z</time>
      </trkpt>
      <trkpt lat="49.08245" lon="-121.47763">
        <ele>800.86</ele>
        <time>2026-08-01T18:10:14Z</time>
      </trkpt>
      <trkpt lat="49.08244" lon="-121.47758">
        <ele>801.65</ele>
        <time>2026-08-01T18:10:16Z</time>
      </trkpt>
      <trkpt lat="49.08242" lon="-121.47753">
        <ele>802.69</ele>
        <time>2026-08-01T18:10:18Z</time>
      </trkpt>
      <trkpt lat="49.0824" lon="-121.47749">
        <ele>803.8</ele>
        <time>2026-08-01T18:10:21Z</time>
      </trkpt>
      <trkpt lat="49.08237" lon="-121.47745">
        <ele>805.7</ele>
        <time>2026-08-01T18:10:25Z</time>
      </trkpt>
      <trkpt lat="49.08235" lon="-121.47741">
        <ele>807.4</ele>
        <time>2026-08-01T18:10:28Z</time>
      </trkpt>
      <trkpt lat="49.08232" lon="-121.47737">
        <ele>809.42</ele>
        <time>2026-08-01T18:10:31Z</time>
      </trkpt>
      <trkpt lat="49.0823" lon="-121.47732">
        <ele>811.51</ele>
        <time>2026-08-01T18:10:35Z</time>
      </trkpt>
      <trkpt lat="49.08233" lon="-121.47727">
        <ele>812.09</ele>
        <time>2026-08-01T18:10:39Z</time>
      </trkpt>
      <trkpt lat="49.08232" lon="-121.4772">
        <ele>814.37</ele>
        <time>2026-08-01T18:10:44Z</time>
      </trkpt>
      <trkpt lat="49.08234" lon="-121.47715">
        <ele>814.96</ele>
        <time>2026-08-01T18:10:48Z</time>
      </trkpt>
      <trkpt lat="49.08235" lon="-121.47709">
        <ele>816.15</ele>
        <time>2026-08-01T18:10:52Z</time>
      </trkpt>
      <trkpt lat="49.08238" lon="-121.47706">
        <ele>816.06</ele>
        <time>2026-08-01T18:10:57Z</time>
      </trkpt>
      <trkpt lat="49.0824" lon="-121.47703">
        <ele>816.28</ele>
        <time>2026-08-01T18:11:02Z</time>
      </trkpt>
      <trkpt lat="49.08242" lon="-121.47698">
        <ele>817.07</ele>
        <time>2026-08-01T18:11:06Z</time>
      </trkpt>
      <trkpt lat="49.08245" lon="-121.47695">
        <ele>817.11</ele>
        <time>2026-08-01T18:11:10Z</time>
      </trkpt>
      <trkpt lat="49.08247" lon="-121.47691">
        <ele>817.73</ele>
        <time>2026-08-01T18:11:14Z</time>
      </trkpt>
      <trkpt lat="49.0825" lon="-121.47688">
        <ele>817.86</ele>
        <time>2026-08-01T18:11:19Z</time>
      </trkpt>
      <trkpt lat="49.08252" lon="-121.47683">
        <ele>818.92</ele>
        <time>2026-08-01T18:11:25Z</time>
      </trkpt>
      <trkpt lat="49.0825" lon="-121.47677">
        <ele>821.02</ele>
        <time>2026-08-01T18:11:31Z</time>
      </trkpt>
      <trkpt lat="49.08247" lon="-121.47675">
        <ele>822.28</ele>
        <time>2026-08-01T18:11:33Z</time>
      </trkpt>
      <trkpt lat="49.08242" lon="-121.47673">
        <ele>823.97</ele>
        <time>2026-08-01T18:11:36Z</time>
      </trkpt>
      <trkpt lat="49.08238" lon="-121.4767">
        <ele>825.68</ele>
        <time>2026-08-01T18:11:39Z</time>
      </trkpt>
      <trkpt lat="49.08235" lon="-121.47668">
        <ele>826.88</ele>
        <time>2026-08-01T18:11:42Z</time>
      </trkpt>
      <trkpt lat="49.08232" lon="-121.47668">
        <ele>827.54</ele>
        <time>2026-08-01T18:11:47Z</time>
      </trkpt>
      <trkpt lat="49.08235" lon="-121.47664">
        <ele>827.83</ele>
        <time>2026-08-01T18:12:00Z</time>
      </trkpt>
      <trkpt lat="49.08238" lon="-121.4766">
        <ele>827.97</ele>
        <time>2026-08-01T18:12:03Z</time>
      </trkpt>
      <trkpt lat="49.08239" lon="-121.47656">
        <ele>828.52</ele>
        <time>2026-08-01T18:12:07Z</time>
      </trkpt>
      <trkpt lat="49.08242" lon="-121.47653">
        <ele>828.26</ele>
        <time>2026-08-01T18:12:10Z</time>
      </trkpt>
      <trkpt lat="49.08244" lon="-121.47649">
        <ele>828.39</ele>
        <time>2026-08-01T18:12:14Z</time>
      </trkpt>
      <trkpt lat="49.08247" lon="-121.47646">
        <ele>827.95</ele>
        <time>2026-08-01T18:12:17Z</time>
      </trkpt>
      <trkpt lat="49.08249" lon="-121.47643">
        <ele>827.75</ele>
        <time>2026-08-01T18:12:20Z</time>
      </trkpt>
      <trkpt lat="49.08252" lon="-121.4764">
        <ele>827.69</ele>
        <time>2026-08-01T18:12:25Z</time>
      </trkpt>
      <trkpt lat="49.08253" lon="-121.47635">
        <ele>828.45</ele>
        <time>2026-08-01T18:12:31Z</time>
      </trkpt>
      <trkpt lat="49.08253" lon="-121.4763">
        <ele>829.31</ele>
        <time>2026-08-01T18:12:38Z</time>
      </trkpt>
      <trkpt lat="49.08255" lon="-121.47625">
        <ele>829.96</ele>
        <time>2026-08-01T18:12:44Z</time>
      </trkpt>
      <trkpt lat="49.08255" lon="-121.47619">
        <ele>830.96</ele>
        <time>2026-08-01T18:12:50Z</time>
      </trkpt>
      <trkpt lat="49.08256" lon="-121.47614">
        <ele>831.66</ele>
        <time>2026-08-01T18:12:55Z</time>
      </trkpt>
      <trkpt lat="49.08257" lon="-121.47609">
        <ele>832.6</ele>
        <time>2026-08-01T18:13:01Z</time>
      </trkpt>
      <trkpt lat="49.08258" lon="-121.47604">
        <ele>833.82</ele>
        <time>2026-08-01T18:13:07Z</time>
      </trkpt>
      <trkpt lat="49.0826" lon="-121.47599">
        <ele>834.66</ele>
        <time>2026-08-01T18:13:13Z</time>
      </trkpt>
      <trkpt lat="49.08261" lon="-121.47594">
        <ele>835.62</ele>
        <time>2026-08-01T18:13:19Z</time>
      </trkpt>
      <trkpt lat="49.08261" lon="-121.47589">
        <ele>836.85</ele>
        <time>2026-08-01T18:13:25Z</time>
      </trkpt>
      <trkpt lat="49.08261" lon="-121.47584">
        <ele>838.08</ele>
        <time>2026-08-01T18:13:31Z</time>
      </trkpt>
      <trkpt lat="49.08262" lon="-121.47581">
        <ele>838.47</ele>
        <time>2026-08-01T18:13:36Z</time>
      </trkpt>
      <trkpt lat="49.08264" lon="-121.47576">
        <ele>838.93</ele>
        <time>2026-08-01T18:13:43Z</time>
      </trkpt>
      <trkpt lat="49.08265" lon="-121.47575">
        <ele>838.71</ele>
        <time>2026-08-01T18:13:53Z</time>
      </trkpt>
      <trkpt lat="49.08263" lon="-121.47571">
        <ele>840.79</ele>
        <time>2026-08-01T18:14:11Z</time>
      </trkpt>
      <trkpt lat="49.08264" lon="-121.47567">
        <ele>841.35</ele>
        <time>2026-08-01T18:14:21Z</time>
      </trkpt>
      <trkpt lat="49.08265" lon="-121.47563">
        <ele>841.86</ele>
        <time>2026-08-01T18:14:32Z</time>
      </trkpt>
      <trkpt lat="49.08266" lon="-121.47559">
        <ele>842.33</ele>
        <time>2026-08-01T18:14:42Z</time>
      </trkpt>
      <trkpt lat="49.08266" lon="-121.47554">
        <ele>843.62</ele>
        <time>2026-08-01T18:14:52Z</time>
      </trkpt>
      <trkpt lat="49.08266" lon="-121.4755">
        <ele>844.66</ele>
        <time>2026-08-01T18:15:03Z</time>
      </trkpt>
      <trkpt lat="49.08265" lon="-121.47547">
        <ele>846.09</ele>
        <time>2026-08-01T18:15:10Z</time>
      </trkpt>
      <trkpt lat="49.08262" lon="-121.47545">
        <ele>848.58</ele>
        <time>2026-08-01T18:15:14Z</time>
      </trkpt>
      <trkpt lat="49.08259" lon="-121.47542">
        <ele>851.41</ele>
        <time>2026-08-01T18:15:20Z</time>
      </trkpt>
      <trkpt lat="49.08259" lon="-121.4754">
        <ele>851.99</ele>
        <time>2026-08-01T18:15:25Z</time>
      </trkpt>
      <trkpt lat="49.08259" lon="-121.47536">
        <ele>853.14</ele>
        <time>2026-08-01T18:15:33Z</time>
      </trkpt>
      <trkpt lat="49.08259" lon="-121.47531">
        <ele>854.59</ele>
        <time>2026-08-01T18:15:44Z</time>
      </trkpt>
      <trkpt lat="49.0826" lon="-121.47526">
        <ele>855.1</ele>
        <time>2026-08-01T18:15:56Z</time>
      </trkpt>
      <trkpt lat="49.0826" lon="-121.47521">
        <ele>855.95</ele>
        <time>2026-08-01T18:16:09Z</time>
      </trkpt>
      <trkpt lat="49.0826" lon="-121.47516">
        <ele>856.8</ele>
        <time>2026-08-01T18:16:21Z</time>
      </trkpt>
      <trkpt lat="49.0826" lon="-121.47512">
        <ele>857.48</ele>
        <time>2026-08-01T18:16:29Z</time>
      </trkpt>
      <trkpt lat="49.08259" lon="-121.47507">
        <ele>859.0</ele>
        <time>2026-08-01T18:16:39Z</time>
      </trkpt>
      <trkpt lat="49.08258" lon="-121.47503">
        <ele>860.32</ele>
        <time>2026-08-01T18:16:48Z</time>
      </trkpt>
      <trkpt lat="49.08258" lon="-121.47496">
        <ele>861.21</ele>
        <time>2026-08-01T18:16:57Z</time>
      </trkpt>
      <trkpt lat="49.08258" lon="-121.4749">
        <ele>861.8</ele>
        <time>2026-08-01T18:16:59Z</time>
      </trkpt>
      <trkpt lat="49.08258" lon="-121.47485">
        <ele>862.29</ele>
        <time>2026-08-01T18:17:02Z</time>
      </trkpt>
      <trkpt lat="49.0826" lon="-121.47482">
        <ele>861.57</ele>
        <time>2026-08-01T18:17:10Z</time>
      </trkpt>
      <trkpt lat="49.08262" lon="-121.47478">
        <ele>861.07</ele>
        <time>2026-08-01T18:17:16Z</time>
      </trkpt>
      <trkpt lat="49.08263" lon="-121.47472">
        <ele>861.41</ele>
        <time>2026-08-01T18:17:20Z</time>
      </trkpt>
      <trkpt lat="49.08263" lon="-121.47466">
        <ele>862.16</ele>
        <time>2026-08-01T18:17:24Z</time>
      </trkpt>
      <trkpt lat="49.08263" lon="-121.47461">
        <ele>862.79</ele>
        <time>2026-08-01T18:17:27Z</time>
      </trkpt>
      <trkpt lat="49.08264" lon="-121.47455">
        <ele>863.12</ele>
        <time>2026-08-01T18:17:30Z</time>
      </trkpt>
      <trkpt lat="49.08264" lon="-121.4745">
        <ele>863.76</ele>
        <time>2026-08-01T18:17:33Z</time>
      </trkpt>
      <trkpt lat="49.08265" lon="-121.47444">
        <ele>864.11</ele>
        <time>2026-08-01T18:17:36Z</time>
      </trkpt>
      <trkpt lat="49.08265" lon="-121.47438">
        <ele>864.77</ele>
        <time>2026-08-01T18:17:39Z</time>
      </trkpt>
      <trkpt lat="49.08265" lon="-121.47434">
        <ele>865.22</ele>
        <time>2026-08-01T18:17:42Z</time>
      </trkpt>
      <trkpt lat="49.08266" lon="-121.47428">
        <ele>865.53</ele>
        <time>2026-08-01T18:17:46Z</time>
      </trkpt>
      <trkpt lat="49.08266" lon="-121.47422">
        <ele>866.21</ele>
        <time>2026-08-01T18:17:50Z</time>
      </trkpt>
      <trkpt lat="49.08266" lon="-121.47418">
        <ele>866.66</ele>
        <time>2026-08-01T18:17:54Z</time>
      </trkpt>
      <trkpt lat="49.08266" lon="-121.47412">
        <ele>866.91</ele>
        <time>2026-08-01T18:17:59Z</time>
      </trkpt>
      <trkpt lat="49.08264" lon="-121.47409">
        <ele>867.6</ele>
        <time>2026-08-01T18:18:20Z</time>
      </trkpt>
      <trkpt lat="49.0826" lon="-121.47409">
        <ele>868.86</ele>
        <time>2026-08-01T18:18:22Z</time>
      </trkpt>
      <trkpt lat="49.08257" lon="-121.4741">
        <ele>869.79</ele>
        <time>2026-08-01T18:18:25Z</time>
      </trkpt>
      <trkpt lat="49.08256" lon="-121.47414">
        <ele>870.08</ele>
        <time>2026-08-01T18:18:32Z</time>
      </trkpt>
      <trkpt lat="49.08256" lon="-121.47418">
        <ele>869.94</ele>
        <time>2026-08-01T18:18:43Z</time>
      </trkpt>
      <trkpt lat="49.08254" lon="-121.47422">
        <ele>870.26</ele>
        <time>2026-08-01T18:18:50Z</time>
      </trkpt>
      <trkpt lat="49.08252" lon="-121.47425">
        <ele>870.71</ele>
        <time>2026-08-01T18:18:57Z</time>
      </trkpt>
      <trkpt lat="49.08251" lon="-121.47429">
        <ele>870.76</ele>
        <time>2026-08-01T18:19:04Z</time>
      </trkpt>
      <trkpt lat="49.08249" lon="-121.47433">
        <ele>871.13</ele>
        <time>2026-08-01T18:19:11Z</time>
      </trkpt>
      <trkpt lat="49.08248" lon="-121.47438">
        <ele>871.1</ele>
        <time>2026-08-01T18:19:16Z</time>
      </trkpt>
      <trkpt lat="49.08247" lon="-121.47444">
        <ele>871.0</ele>
        <time>2026-08-01T18:19:19Z</time>
      </trkpt>
      <trkpt lat="49.08246" lon="-121.47449">
        <ele>870.9</ele>
        <time>2026-08-01T18:19:23Z</time>
      </trkpt>
      <trkpt lat="49.08244" lon="-121.47454">
        <ele>871.21</ele>
        <time>2026-08-01T18:19:28Z</time>
      </trkpt>
      <trkpt lat="49.08243" lon="-121.47459">
        <ele>871.22</ele>
        <time>2026-08-01T18:19:32Z</time>
      </trkpt>
      <trkpt lat="49.08242" lon="-121.47465">
        <ele>871.22</ele>
        <time>2026-08-01T18:19:36Z</time>
      </trkpt>
      <trkpt lat="49.08241" lon="-121.4747">
        <ele>871.35</ele>
        <time>2026-08-01T18:19:40Z</time>
      </trkpt>
      <trkpt lat="49.0824" lon="-121.47474">
        <ele>871.66</ele>
        <time>2026-08-01T18:19:44Z</time>
      </trkpt>
      <trkpt lat="49.0824" lon="-121.4748">
        <ele>871.6</ele>
        <time>2026-08-01T18:19:48Z</time>
      </trkpt>
      <trkpt lat="49.08239" lon="-121.47486">
        <ele>872.04</ele>
        <time>2026-08-01T18:19:52Z</time>
      </trkpt>
      <trkpt lat="49.08238" lon="-121.47492">
        <ele>872.52</ele>
        <time>2026-08-01T18:19:56Z</time>
      </trkpt>
      <trkpt lat="49.08238" lon="-121.47497">
        <ele>872.49</ele>
        <time>2026-08-01T18:20:00Z</time>
      </trkpt>
      <trkpt lat="49.08237" lon="-121.47503">
        <ele>872.79</ele>
        <time>2026-08-01T18:20:05Z</time>
      </trkpt>
      <trkpt lat="49.08233" lon="-121.47503">
        <ele>875.01</ele>
        <time>2026-08-01T18:20:17Z</time>
      </trkpt>
      <trkpt lat="49.0823" lon="-121.47506">
        <ele>876.56</ele>
        <time>2026-08-01T18:20:28Z</time>
      </trkpt>
      <trkpt lat="49.08227" lon="-121.47508">
        <ele>878.22</ele>
        <time>2026-08-01T18:20:37Z</time>
      </trkpt>
      <trkpt lat="49.08225" lon="-121.47511">
        <ele>879.34</ele>
        <time>2026-08-01T18:20:45Z</time>
      </trkpt>
      <trkpt lat="49.08222" lon="-121.47513">
        <ele>881.1</ele>
        <time>2026-08-01T18:20:54Z</time>
      </trkpt>
      <trkpt lat="49.08219" lon="-121.47515">
        <ele>882.51</ele>
        <time>2026-08-01T18:21:02Z</time>
      </trkpt>
      <trkpt lat="49.08216" lon="-121.47517">
        <ele>883.91</ele>
        <time>2026-08-01T18:21:09Z</time>
      </trkpt>
      <trkpt lat="49.08213" lon="-121.47518">
        <ele>885.32</ele>
        <time>2026-08-01T18:21:17Z</time>
      </trkpt>
      <trkpt lat="49.0821" lon="-121.47519">
        <ele>886.72</ele>
        <time>2026-08-01T18:21:25Z</time>
      </trkpt>
      <trkpt lat="49.08208" lon="-121.47522">
        <ele>887.66</ele>
        <time>2026-08-01T18:21:31Z</time>
      </trkpt>
      <trkpt lat="49.08205" lon="-121.47525">
        <ele>889.06</ele>
        <time>2026-08-01T18:21:40Z</time>
      </trkpt>
      <trkpt lat="49.08202" lon="-121.47529">
        <ele>890.31</ele>
        <time>2026-08-01T18:21:48Z</time>
      </trkpt>
      <trkpt lat="49.08201" lon="-121.47534">
        <ele>890.15</ele>
        <time>2026-08-01T18:21:54Z</time>
      </trkpt>
      <trkpt lat="49.08199" lon="-121.47538">
        <ele>890.64</ele>
        <time>2026-08-01T18:22:01Z</time>
      </trkpt>
      <trkpt lat="49.08197" lon="-121.47541">
        <ele>891.29</ele>
        <time>2026-08-01T18:22:08Z</time>
      </trkpt>
      <trkpt lat="49.08194" lon="-121.47543">
        <ele>892.51</ele>
        <time>2026-08-01T18:22:17Z</time>
      </trkpt>
      <trkpt lat="49.08192" lon="-121.47547">
        <ele>892.74</ele>
        <time>2026-08-01T18:22:23Z</time>
      </trkpt>
      <trkpt lat="49.0819" lon="-121.47552">
        <ele>892.84</ele>
        <time>2026-08-01T18:22:29Z</time>
      </trkpt>
      <trkpt lat="49.08188" lon="-121.47556">
        <ele>892.96</ele>
        <time>2026-08-01T18:22:35Z</time>
      </trkpt>
      <trkpt lat="49.08186" lon="-121.47561">
        <ele>892.27</ele>
        <time>2026-08-01T18:22:41Z</time>
      </trkpt>
      <trkpt lat="49.08184" lon="-121.47565">
        <ele>891.96</ele>
        <time>2026-08-01T18:22:47Z</time>
      </trkpt>
      <trkpt lat="49.08181" lon="-121.47569">
        <ele>892.17</ele>
        <time>2026-08-01T18:22:53Z</time>
      </trkpt>
      <trkpt lat="49.0818" lon="-121.47573">
        <ele>891.66</ele>
        <time>2026-08-01T18:22:58Z</time>
      </trkpt>
      <trkpt lat="49.08177" lon="-121.47577">
        <ele>892.13</ele>
        <time>2026-08-01T18:23:05Z</time>
      </trkpt>
      <trkpt lat="49.08175" lon="-121.4758">
        <ele>892.46</ele>
        <time>2026-08-01T18:23:13Z</time>
      </trkpt>
      <trkpt lat="49.08172" lon="-121.47583">
        <ele>893.37</ele>
        <time>2026-08-01T18:23:23Z</time>
      </trkpt>
      <trkpt lat="49.08173" lon="-121.47578">
        <ele>893.79</ele>
        <time>2026-08-01T18:23:30Z</time>
      </trkpt>
      <trkpt lat="49.08176" lon="-121.47573">
        <ele>893.41</ele>
        <time>2026-08-01T18:23:33Z</time>
      </trkpt>
      <trkpt lat="49.08175" lon="-121.47573">
        <ele>893.85</ele>
        <time>2026-08-01T18:24:43Z</time>
      </trkpt>
      <trkpt lat="49.08174" lon="-121.47578">
        <ele>893.33</ele>
        <time>2026-08-01T18:24:49Z</time>
      </trkpt>
      <trkpt lat="49.08174" lon="-121.47584">
        <ele>892.13</ele>
        <time>2026-08-01T18:24:52Z</time>
      </trkpt>
      <trkpt lat="49.08173" lon="-121.47589">
        <ele>891.4</ele>
        <time>2026-08-01T18:24:57Z</time>
      </trkpt>
      <trkpt lat="49.08171" lon="-121.47593">
        <ele>891.51</ele>
        <time>2026-08-01T18:25:03Z</time>
      </trkpt>
      <trkpt lat="49.08169" lon="-121.47597">
        <ele>891.71</ele>
        <time>2026-08-01T18:25:07Z</time>
      </trkpt>
      <trkpt lat="49.08165" lon="-121.47599">
        <ele>893.57</ele>
        <time>2026-08-01T18:25:09Z</time>
      </trkpt>
      <trkpt lat="49.08162" lon="-121.47602">
        <ele>894.6</ele>
        <time>2026-08-01T18:25:11Z</time>
      </trkpt>
      <trkpt lat="49.08159" lon="-121.47604">
        <ele>895.82</ele>
        <time>2026-08-01T18:25:14Z</time>
      </trkpt>
      <trkpt lat="49.08157" lon="-121.47608">
        <ele>895.97</ele>
        <time>2026-08-01T18:25:19Z</time>
      </trkpt>
      <trkpt lat="49.08156" lon="-121.47613">
        <ele>894.93</ele>
        <time>2026-08-01T18:25:24Z</time>
      </trkpt>
      <trkpt lat="49.08155" lon="-121.47617">
        <ele>893.72</ele>
        <time>2026-08-01T18:25:28Z</time>
      </trkpt>
      <trkpt lat="49.08155" lon="-121.47622">
        <ele>891.53</ele>
        <time>2026-08-01T18:25:32Z</time>
      </trkpt>
      <trkpt lat="49.08155" lon="-121.47628">
        <ele>888.91</ele>
        <time>2026-08-01T18:25:36Z</time>
      </trkpt>
      <trkpt lat="49.08154" lon="-121.47633">
        <ele>887.31</ele>
        <time>2026-08-01T18:25:40Z</time>
      </trkpt>
      <trkpt lat="49.08153" lon="-121.47638">
        <ele>885.75</ele>
        <time>2026-08-01T18:25:44Z</time>
      </trkpt>
      <trkpt lat="49.08152" lon="-121.47643">
        <ele>883.45</ele>
        <time>2026-08-01T18:25:48Z</time>
      </trkpt>
      <trkpt lat="49.0815" lon="-121.47648">
        <ele>881.56</ele>
        <time>2026-08-01T18:25:52Z</time>
      </trkpt>
      <trkpt lat="49.08147" lon="-121.47651">
        <ele>881.44</ele>
        <time>2026-08-01T18:25:55Z</time>
      </trkpt>
      <trkpt lat="49.08143" lon="-121.47654">
        <ele>881.85</ele>
        <time>2026-08-01T18:25:58Z</time>
      </trkpt>
      <trkpt lat="49.0814" lon="-121.47657">
        <ele>881.64</ele>
        <time>2026-08-01T18:26:01Z</time>
      </trkpt>
      <trkpt lat="49.08137" lon="-121.4766">
        <ele>881.05</ele>
        <time>2026-08-01T18:26:04Z</time>
      </trkpt>
      <trkpt lat="49.08134" lon="-121.47662">
        <ele>880.93</ele>
        <time>2026-08-01T18:26:08Z</time>
      </trkpt>
      <trkpt lat="49.08131" lon="-121.47663">
        <ele>881.46</ele>
        <time>2026-08-01T18:26:13Z</time>
      </trkpt>
      <trkpt lat="49.08127" lon="-121.47665">
        <ele>881.76</ele>
        <time>2026-08-01T18:26:19Z</time>
      </trkpt>
      <trkpt lat="49.08124" lon="-121.47667">
        <ele>881.73</ele>
        <time>2026-08-01T18:26:24Z</time>
      </trkpt>
      <trkpt lat="49.08121" lon="-121.4767">
        <ele>881.51</ele>
        <time>2026-08-01T18:26:30Z</time>
      </trkpt>
      <trkpt lat="49.08118" lon="-121.47674">
        <ele>880.98</ele>
        <time>2026-08-01T18:26:35Z</time>
      </trkpt>
      <trkpt lat="49.08116" lon="-121.47677">
        <ele>880.58</ele>
        <time>2026-08-01T18:26:39Z</time>
      </trkpt>
      <trkpt lat="49.08113" lon="-121.4768">
        <ele>880.78</ele>
        <time>2026-08-01T18:26:43Z</time>
      </trkpt>
      <trkpt lat="49.0811" lon="-121.47682">
        <ele>881.62</ele>
        <time>2026-08-01T18:26:47Z</time>
      </trkpt>
      <trkpt lat="49.08106" lon="-121.47684">
        <ele>883.4</ele>
        <time>2026-08-01T18:26:50Z</time>
      </trkpt>
      <trkpt lat="49.08103" lon="-121.47685">
        <ele>884.98</ele>
        <time>2026-08-01T18:26:52Z</time>
      </trkpt>
      <trkpt lat="49.08098" lon="-121.47686">
        <ele>887.92</ele>
        <time>2026-08-01T18:26:55Z</time>
      </trkpt>
      <trkpt lat="49.08095" lon="-121.47688">
        <ele>889.34</ele>
        <time>2026-08-01T18:26:59Z</time>
      </trkpt>
      <trkpt lat="49.08091" lon="-121.4769">
        <ele>891.54</ele>
        <time>2026-08-01T18:27:03Z</time>
      </trkpt>
      <trkpt lat="49.08087" lon="-121.47691">
        <ele>894.08</ele>
        <time>2026-08-01T18:27:07Z</time>
      </trkpt>
      <trkpt lat="49.08084" lon="-121.47693">
        <ele>895.79</ele>
        <time>2026-08-01T18:27:11Z</time>
      </trkpt>
      <trkpt lat="49.08081" lon="-121.47694">
        <ele>896.84</ele>
        <time>2026-08-01T18:27:15Z</time>
      </trkpt>
      <trkpt lat="49.08077" lon="-121.47695">
        <ele>897.86</ele>
        <time>2026-08-01T18:27:19Z</time>
      </trkpt>
      <trkpt lat="49.08074" lon="-121.47695">
        <ele>898.84</ele>
        <time>2026-08-01T18:27:23Z</time>
      </trkpt>
      <trkpt lat="49.0807" lon="-121.47697">
        <ele>899.49</ele>
        <time>2026-08-01T18:27:27Z</time>
      </trkpt>
      <trkpt lat="49.08068" lon="-121.47698">
        <ele>899.83</ele>
        <time>2026-08-01T18:27:32Z</time>
      </trkpt>
      <trkpt lat="49.08065" lon="-121.47702">
        <ele>899.58</ele>
        <time>2026-08-01T18:27:42Z</time>
      </trkpt>
      <trkpt lat="49.08062" lon="-121.47704">
        <ele>900.0</ele>
        <time>2026-08-01T18:27:47Z</time>
      </trkpt>
      <trkpt lat="49.08059" lon="-121.47706">
        <ele>900.45</ele>
        <time>2026-08-01T18:27:52Z</time>
      </trkpt>
      <trkpt lat="49.08056" lon="-121.47708">
        <ele>900.94</ele>
        <time>2026-08-01T18:27:57Z</time>
      </trkpt>
      <trkpt lat="49.08053" lon="-121.47711">
        <ele>901.15</ele>
        <time>2026-08-01T18:28:02Z</time>
      </trkpt>
      <trkpt lat="49.0805" lon="-121.47713">
        <ele>901.59</ele>
        <time>2026-08-01T18:28:07Z</time>
      </trkpt>
      <trkpt lat="49.08046" lon="-121.47715">
        <ele>902.28</ele>
        <time>2026-08-01T18:28:12Z</time>
      </trkpt>
      <trkpt lat="49.08044" lon="-121.47717">
        <ele>902.22</ele>
        <time>2026-08-01T18:28:17Z</time>
      </trkpt>
      <trkpt lat="49.08041" lon="-121.47719">
        <ele>902.42</ele>
        <time>2026-08-01T18:28:23Z</time>
      </trkpt>
      <trkpt lat="49.08038" lon="-121.47722">
        <ele>902.15</ele>
        <time>2026-08-01T18:28:32Z</time>
      </trkpt>
      <trkpt lat="49.08035" lon="-121.47725">
        <ele>902.32</ele>
        <time>2026-08-01T18:28:39Z</time>
      </trkpt>
      <trkpt lat="49.08032" lon="-121.47728">
        <ele>902.54</ele>
        <time>2026-08-01T18:28:46Z</time>
      </trkpt>
      <trkpt lat="49.08029" lon="-121.4773">
        <ele>902.97</ele>
        <time>2026-08-01T18:28:52Z</time>
      </trkpt>
      <trkpt lat="49.08026" lon="-121.47733">
        <ele>903.78</ele>
        <time>2026-08-01T18:28:58Z</time>
      </trkpt>
      <trkpt lat="49.08023" lon="-121.47734">
        <ele>905.39</ele>
        <time>2026-08-01T18:29:04Z</time>
      </trkpt>
      <trkpt lat="49.0802" lon="-121.47736">
        <ele>906.65</ele>
        <time>2026-08-01T18:29:10Z</time>
      </trkpt>
      <trkpt lat="49.08017" lon="-121.47737">
        <ele>908.12</ele>
        <time>2026-08-01T18:29:14Z</time>
      </trkpt>
      <trkpt lat="49.08015" lon="-121.47738">
        <ele>908.96</ele>
        <time>2026-08-01T18:29:19Z</time>
      </trkpt>
      <trkpt lat="49.08012" lon="-121.4774">
        <ele>909.98</ele>
        <time>2026-08-01T18:29:24Z</time>
      </trkpt>
      <trkpt lat="49.08008" lon="-121.47741">
        <ele>911.81</ele>
        <time>2026-08-01T18:29:29Z</time>
      </trkpt>
      <trkpt lat="49.08005" lon="-121.47743">
        <ele>912.62</ele>
        <time>2026-08-01T18:29:35Z</time>
      </trkpt>
      <trkpt lat="49.08002" lon="-121.47744">
        <ele>913.76</ele>
        <time>2026-08-01T18:29:41Z</time>
      </trkpt>
      <trkpt lat="49.07998" lon="-121.47746">
        <ele>915.05</ele>
        <time>2026-08-01T18:29:48Z</time>
      </trkpt>
      <trkpt lat="49.07995" lon="-121.47748">
        <ele>915.94</ele>
        <time>2026-08-01T18:29:54Z</time>
      </trkpt>
      <trkpt lat="49.07992" lon="-121.47749">
        <ele>917.32</ele>
        <time>2026-08-01T18:30:00Z</time>
      </trkpt>
      <trkpt lat="49.07989" lon="-121.47751">
        <ele>918.42</ele>
        <time>2026-08-01T18:30:07Z</time>
      </trkpt>
      <trkpt lat="49.07986" lon="-121.47752">
        <ele>919.96</ele>
        <time>2026-08-01T18:30:13Z</time>
      </trkpt>
      <trkpt lat="49.07984" lon="-121.47746">
        <ele>923.33</ele>
        <time>2026-08-01T18:30:17Z</time>
      </trkpt>
      <trkpt lat="49.07982" lon="-121.47742">
        <ele>926.01</ele>
        <time>2026-08-01T18:30:20Z</time>
      </trkpt>
      <trkpt lat="49.07979" lon="-121.4774">
        <ele>928.44</ele>
        <time>2026-08-01T18:30:26Z</time>
      </trkpt>
      <trkpt lat="49.07976" lon="-121.47739">
        <ele>930.47</ele>
        <time>2026-08-01T18:30:32Z</time>
      </trkpt>
      <trkpt lat="49.07973" lon="-121.4774">
        <ele>931.8</ele>
        <time>2026-08-01T18:30:38Z</time>
      </trkpt>
      <trkpt lat="49.0797" lon="-121.47741">
        <ele>933.06</ele>
        <time>2026-08-01T18:30:43Z</time>
      </trkpt>
      <trkpt lat="49.07972" lon="-121.47744">
        <ele>931.05</ele>
        <time>2026-08-01T18:30:54Z</time>
      </trkpt>
      <trkpt lat="49.07969" lon="-121.47745">
        <ele>932.21</ele>
        <time>2026-08-01T18:31:13Z</time>
      </trkpt>
      <trkpt lat="49.07967" lon="-121.47745">
        <ele>933.2</ele>
        <time>2026-08-01T18:31:24Z</time>
      </trkpt>
      <trkpt lat="49.07964" lon="-121.47747">
        <ele>933.95</ele>
        <time>2026-08-01T18:31:31Z</time>
      </trkpt>
      <trkpt lat="49.07961" lon="-121.47748">
        <ele>935.02</ele>
        <time>2026-08-01T18:31:37Z</time>
      </trkpt>
      <trkpt lat="49.07958" lon="-121.47749">
        <ele>936.05</ele>
        <time>2026-08-01T18:31:42Z</time>
      </trkpt>
      <trkpt lat="49.07955" lon="-121.47753">
        <ele>936.26</ele>
        <time>2026-08-01T18:31:44Z</time>
      </trkpt>
      <trkpt lat="49.07953" lon="-121.47757">
        <ele>936.15</ele>
        <time>2026-08-01T18:31:46Z</time>
      </trkpt>
      <trkpt lat="49.0795" lon="-121.47761">
        <ele>936.55</ele>
        <time>2026-08-01T18:31:49Z</time>
      </trkpt>
      <trkpt lat="49.07947" lon="-121.47763">
        <ele>937.48</ele>
        <time>2026-08-01T18:31:52Z</time>
      </trkpt>
      <trkpt lat="49.07944" lon="-121.47764">
        <ele>938.62</ele>
        <time>2026-08-01T18:31:57Z</time>
      </trkpt>
      <trkpt lat="49.07941" lon="-121.47766">
        <ele>939.12</ele>
        <time>2026-08-01T18:32:03Z</time>
      </trkpt>
      <trkpt lat="49.07937" lon="-121.47768">
        <ele>939.89</ele>
        <time>2026-08-01T18:32:09Z</time>
      </trkpt>
      <trkpt lat="49.07934" lon="-121.47769">
        <ele>940.58</ele>
        <time>2026-08-01T18:32:14Z</time>
      </trkpt>
      <trkpt lat="49.07931" lon="-121.47771">
        <ele>940.93</ele>
        <time>2026-08-01T18:32:20Z</time>
      </trkpt>
      <trkpt lat="49.07928" lon="-121.47772">
        <ele>941.56</ele>
        <time>2026-08-01T18:32:27Z</time>
      </trkpt>
      <trkpt lat="49.07924" lon="-121.47773">
        <ele>942.47</ele>
        <time>2026-08-01T18:32:33Z</time>
      </trkpt>
      <trkpt lat="49.07921" lon="-121.47776">
        <ele>942.36</ele>
        <time>2026-08-01T18:32:39Z</time>
      </trkpt>
      <trkpt lat="49.07918" lon="-121.47777">
        <ele>942.89</ele>
        <time>2026-08-01T18:32:45Z</time>
      </trkpt>
      <trkpt lat="49.07915" lon="-121.47778">
        <ele>943.05</ele>
        <time>2026-08-01T18:32:52Z</time>
      </trkpt>
      <trkpt lat="49.07911" lon="-121.4778">
        <ele>942.69</ele>
        <time>2026-08-01T18:32:59Z</time>
      </trkpt>
      <trkpt lat="49.07908" lon="-121.47782">
        <ele>942.26</ele>
        <time>2026-08-01T18:33:05Z</time>
      </trkpt>
      <trkpt lat="49.07904" lon="-121.47783">
        <ele>942.22</ele>
        <time>2026-08-01T18:33:11Z</time>
      </trkpt>
      <trkpt lat="49.07901" lon="-121.47785">
        <ele>941.79</ele>
        <time>2026-08-01T18:33:17Z</time>
      </trkpt>
      <trkpt lat="49.07898" lon="-121.47787">
        <ele>941.36</ele>
        <time>2026-08-01T18:33:22Z</time>
      </trkpt>
      <trkpt lat="49.07895" lon="-121.47788">
        <ele>941.25</ele>
        <time>2026-08-01T18:33:28Z</time>
      </trkpt>
      <trkpt lat="49.07892" lon="-121.47789">
        <ele>941.14</ele>
        <time>2026-08-01T18:33:34Z</time>
      </trkpt>
      <trkpt lat="49.07888" lon="-121.4779">
        <ele>941.16</ele>
        <time>2026-08-01T18:33:40Z</time>
      </trkpt>
      <trkpt lat="49.07885" lon="-121.4779">
        <ele>941.56</ele>
        <time>2026-08-01T18:33:45Z</time>
      </trkpt>
      <trkpt lat="49.07882" lon="-121.47791">
        <ele>941.6</ele>
        <time>2026-08-01T18:33:50Z</time>
      </trkpt>
      <trkpt lat="49.07878" lon="-121.47791">
        <ele>942.12</ele>
        <time>2026-08-01T18:33:55Z</time>
      </trkpt>
      <trkpt lat="49.07875" lon="-121.47791">
        <ele>942.5</ele>
        <time>2026-08-01T18:34:00Z</time>
      </trkpt>
      <trkpt lat="49.07872" lon="-121.47792">
        <ele>942.5</ele>
        <time>2026-08-01T18:34:05Z</time>
      </trkpt>
      <trkpt lat="49.07875" lon="-121.47792">
        <ele>942.12</ele>
        <time>2026-08-01T18:34:10Z</time>
      </trkpt>
      <trkpt lat="49.07872" lon="-121.47792">
        <ele>942.5</ele>
        <time>2026-08-01T18:34:29Z</time>
      </trkpt>
      <trkpt lat="49.0787" lon="-121.47794">
        <ele>941.95</ele>
        <time>2026-08-01T18:34:54Z</time>
      </trkpt>
      <trkpt lat="49.07866" lon="-121.47795">
        <ele>942.01</ele>
        <time>2026-08-01T18:35:10Z</time>
      </trkpt>
      <trkpt lat="49.07865" lon="-121.47789">
        <ele>944.62</ele>
        <time>2026-08-01T18:35:16Z</time>
      </trkpt>
      <trkpt lat="49.07865" lon="-121.47783">
        <ele>947.12</ele>
        <time>2026-08-01T18:35:18Z</time>
      </trkpt>
      <trkpt lat="49.07864" lon="-121.47778">
        <ele>949.39</ele>
        <time>2026-08-01T18:35:22Z</time>
      </trkpt>
      <trkpt lat="49.07861" lon="-121.47782">
        <ele>948.26</ele>
        <time>2026-08-01T18:35:26Z</time>
      </trkpt>
      <trkpt lat="49.07859" lon="-121.47785">
        <ele>948.47</ele>
        <time>2026-08-01T18:35:28Z</time>
      </trkpt>
      <trkpt lat="49.07856" lon="-121.47789">
        <ele>948.9</ele>
        <time>2026-08-01T18:35:31Z</time>
      </trkpt>
      <trkpt lat="49.07855" lon="-121.47794">
        <ele>947.32</ele>
        <time>2026-08-01T18:35:37Z</time>
      </trkpt>
      <trkpt lat="49.07854" lon="-121.47799">
        <ele>945.68</ele>
        <time>2026-08-01T18:35:48Z</time>
      </trkpt>
      <trkpt lat="49.07853" lon="-121.47801">
        <ele>945.42</ele>
        <time>2026-08-01T18:35:56Z</time>
      </trkpt>
      <trkpt lat="49.0785" lon="-121.47802">
        <ele>946.94</ele>
        <time>2026-08-01T18:36:05Z</time>
      </trkpt>
      <trkpt lat="49.07847" lon="-121.47804">
        <ele>947.93</ele>
        <time>2026-08-01T18:36:11Z</time>
      </trkpt>
      <trkpt lat="49.07844" lon="-121.47807">
        <ele>948.45</ele>
        <time>2026-08-01T18:36:16Z</time>
      </trkpt>
      <trkpt lat="49.07841" lon="-121.4781">
        <ele>949.04</ele>
        <time>2026-08-01T18:36:21Z</time>
      </trkpt>
      <trkpt lat="49.07838" lon="-121.47812">
        <ele>950.04</ele>
        <time>2026-08-01T18:36:25Z</time>
      </trkpt>
      <trkpt lat="49.07835" lon="-121.47814">
        <ele>951.0</ele>
        <time>2026-08-01T18:36:29Z</time>
      </trkpt>
      <trkpt lat="49.07831" lon="-121.47817">
        <ele>951.83</ele>
        <time>2026-08-01T18:36:33Z</time>
      </trkpt>
      <trkpt lat="49.07828" lon="-121.47819">
        <ele>952.4</ele>
        <time>2026-08-01T18:36:37Z</time>
      </trkpt>
      <trkpt lat="49.07824" lon="-121.47821">
        <ele>953.44</ele>
        <time>2026-08-01T18:36:40Z</time>
      </trkpt>
      <trkpt lat="49.0782" lon="-121.47823">
        <ele>954.43</ele>
        <time>2026-08-01T18:36:42Z</time>
      </trkpt>
      <trkpt lat="49.07817" lon="-121.47824">
        <ele>955.41</ele>
        <time>2026-08-01T18:36:44Z</time>
      </trkpt>
      <trkpt lat="49.07815" lon="-121.47829">
        <ele>953.81</ele>
        <time>2026-08-01T18:36:47Z</time>
      </trkpt>
      <trkpt lat="49.07814" lon="-121.47836">
        <ele>951.29</ele>
        <time>2026-08-01T18:36:50Z</time>
      </trkpt>
      <trkpt lat="49.07812" lon="-121.4784">
        <ele>951.14</ele>
        <time>2026-08-01T18:36:53Z</time>
      </trkpt>
      <trkpt lat="49.07809" lon="-121.47844">
        <ele>951.56</ele>
        <time>2026-08-01T18:36:57Z</time>
      </trkpt>
      <trkpt lat="49.07807" lon="-121.47849">
        <ele>951.29</ele>
        <time>2026-08-01T18:37:01Z</time>
      </trkpt>
      <trkpt lat="49.07805" lon="-121.47853">
        <ele>951.28</ele>
        <time>2026-08-01T18:37:07Z</time>
      </trkpt>
      <trkpt lat="49.07802" lon="-121.47856">
        <ele>951.73</ele>
        <time>2026-08-01T18:37:12Z</time>
      </trkpt>
      <trkpt lat="49.07799" lon="-121.47859">
        <ele>952.02</ele>
        <time>2026-08-01T18:37:16Z</time>
      </trkpt>
      <trkpt lat="49.07797" lon="-121.47863">
        <ele>951.42</ele>
        <time>2026-08-01T18:37:20Z</time>
      </trkpt>
      <trkpt lat="49.07799" lon="-121.47862">
        <ele>951.05</ele>
        <time>2026-08-01T18:37:31Z</time>
      </trkpt>
      <trkpt lat="49.07796" lon="-121.47864">
        <ele>951.44</ele>
        <time>2026-08-01T18:37:56Z</time>
      </trkpt>
      <trkpt lat="49.07794" lon="-121.47867">
        <ele>951.13</ele>
        <time>2026-08-01T18:38:01Z</time>
      </trkpt>
      <trkpt lat="49.07791" lon="-121.4787">
        <ele>951.21</ele>
        <time>2026-08-01T18:38:06Z</time>
      </trkpt>
      <trkpt lat="49.07789" lon="-121.47873">
        <ele>950.94</ele>
        <time>2026-08-01T18:38:12Z</time>
      </trkpt>
      <trkpt lat="49.07786" lon="-121.47875">
        <ele>951.39</ele>
        <time>2026-08-01T18:38:19Z</time>
      </trkpt>
      <trkpt lat="49.07784" lon="-121.47878">
        <ele>951.15</ele>
        <time>2026-08-01T18:38:26Z</time>
      </trkpt>
      <trkpt lat="49.07781" lon="-121.47882">
        <ele>950.98</ele>
        <time>2026-08-01T18:38:34Z</time>
      </trkpt>
      <trkpt lat="49.0778" lon="-121.47887">
        <ele>949.74</ele>
        <time>2026-08-01T18:38:37Z</time>
      </trkpt>
      <trkpt lat="49.07779" lon="-121.47893">
        <ele>948.35</ele>
        <time>2026-08-01T18:38:41Z</time>
      </trkpt>
      <trkpt lat="49.07779" lon="-121.47897">
        <ele>947.21</ele>
        <time>2026-08-01T18:38:47Z</time>
      </trkpt>
      <trkpt lat="49.07778" lon="-121.47902">
        <ele>946.14</ele>
        <time>2026-08-01T18:38:57Z</time>
      </trkpt>
      <trkpt lat="49.07781" lon="-121.47904">
        <ele>944.5</ele>
        <time>2026-08-01T18:39:03Z</time>
      </trkpt>
      <trkpt lat="49.07782" lon="-121.47903">
        <ele>944.42</ele>
        <time>2026-08-01T18:39:10Z</time>
      </trkpt>
      <trkpt lat="49.07781" lon="-121.47899">
        <ele>945.9</ele>
        <time>2026-08-01T18:39:20Z</time>
      </trkpt>
      <trkpt lat="49.07778" lon="-121.47896">
        <ele>947.87</ele>
        <time>2026-08-01T18:39:27Z</time>
      </trkpt>
      <trkpt lat="49.07775" lon="-121.47894">
        <ele>950.09</ele>
        <time>2026-08-01T18:39:34Z</time>
      </trkpt>
      <trkpt lat="49.07773" lon="-121.47895">
        <ele>950.92</ele>
        <time>2026-08-01T18:39:40Z</time>
      </trkpt>
      <trkpt lat="49.0777" lon="-121.47896">
        <ele>952.29</ele>
        <time>2026-08-01T18:39:45Z</time>
      </trkpt>
      <trkpt lat="49.07767" lon="-121.47897">
        <ele>953.65</ele>
        <time>2026-08-01T18:39:52Z</time>
      </trkpt>
      <trkpt lat="49.07763" lon="-121.47898">
        <ele>955.54</ele>
        <time>2026-08-01T18:40:00Z</time>
      </trkpt>
      <trkpt lat="49.0776" lon="-121.47899">
        <ele>956.86</ele>
        <time>2026-08-01T18:40:06Z</time>
      </trkpt>
      <trkpt lat="49.07757" lon="-121.479">
        <ele>958.17</ele>
        <time>2026-08-01T18:40:11Z</time>
      </trkpt>
      <trkpt lat="49.07754" lon="-121.47901">
        <ele>959.46</ele>
        <time>2026-08-01T18:40:16Z</time>
      </trkpt>
      <trkpt lat="49.07751" lon="-121.47902">
        <ele>960.74</ele>
        <time>2026-08-01T18:40:21Z</time>
      </trkpt>
      <trkpt lat="49.07746" lon="-121.47905">
        <ele>961.81</ele>
        <time>2026-08-01T18:40:24Z</time>
      </trkpt>
      <trkpt lat="49.07743" lon="-121.47909">
        <ele>961.64</ele>
        <time>2026-08-01T18:40:26Z</time>
      </trkpt>
      <trkpt lat="49.0774" lon="-121.47912">
        <ele>961.88</ele>
        <time>2026-08-01T18:40:28Z</time>
      </trkpt>
      <trkpt lat="49.07737" lon="-121.47916">
        <ele>961.83</ele>
        <time>2026-08-01T18:40:32Z</time>
      </trkpt>
      <trkpt lat="49.07735" lon="-121.47919">
        <ele>961.89</ele>
        <time>2026-08-01T18:40:36Z</time>
      </trkpt>
      <trkpt lat="49.07734" lon="-121.47923">
        <ele>961.32</ele>
        <time>2026-08-01T18:40:44Z</time>
      </trkpt>
      <trkpt lat="49.07733" lon="-121.47927">
        <ele>960.74</ele>
        <time>2026-08-01T18:40:55Z</time>
      </trkpt>
      <trkpt lat="49.07736" lon="-121.47923">
        <ele>960.45</ele>
        <time>2026-08-01T18:41:02Z</time>
      </trkpt>
      <trkpt lat="49.07733" lon="-121.47923">
        <ele>961.75</ele>
        <time>2026-08-01T18:41:14Z</time>
      </trkpt>
      <trkpt lat="49.0773" lon="-121.47928">
        <ele>961.78</ele>
        <time>2026-08-01T18:41:17Z</time>
      </trkpt>
      <trkpt lat="49.07728" lon="-121.47932">
        <ele>961.64</ele>
        <time>2026-08-01T18:41:21Z</time>
      </trkpt>
      <trkpt lat="49.07725" lon="-121.47937">
        <ele>961.68</ele>
        <time>2026-08-01T18:41:27Z</time>
      </trkpt>
      <trkpt lat="49.07722" lon="-121.47941">
        <ele>961.91</ele>
        <time>2026-08-01T18:41:30Z</time>
      </trkpt>
      <trkpt lat="49.07719" lon="-121.47945">
        <ele>961.68</ele>
        <time>2026-08-01T18:41:32Z</time>
      </trkpt>
      <trkpt lat="49.07716" lon="-121.47949">
        <ele>962.22</ele>
        <time>2026-08-01T18:41:35Z</time>
      </trkpt>
      <trkpt lat="49.07713" lon="-121.47946">
        <ele>962.95</ele>
        <time>2026-08-01T18:41:41Z</time>
      </trkpt>
      <trkpt lat="49.07712" lon="-121.47939">
        <ele>964.44</ele>
        <time>2026-08-01T18:41:43Z</time>
      </trkpt>
      <trkpt lat="49.07713" lon="-121.47933">
        <ele>965.6</ele>
        <time>2026-08-01T18:41:46Z</time>
      </trkpt>
      <trkpt lat="49.07713" lon="-121.47937">
        <ele>964.69</ele>
        <time>2026-08-01T18:41:50Z</time>
      </trkpt>
      <trkpt lat="49.07711" lon="-121.47942">
        <ele>963.97</ele>
        <time>2026-08-01T18:41:53Z</time>
      </trkpt>
      <trkpt lat="49.07708" lon="-121.47947">
        <ele>964.03</ele>
        <time>2026-08-01T18:41:55Z</time>
      </trkpt>
      <trkpt lat="49.07706" lon="-121.47951">
        <ele>964.41</ele>
        <time>2026-08-01T18:41:57Z</time>
      </trkpt>
      <trkpt lat="49.07703" lon="-121.47951">
        <ele>965.08</ele>
        <time>2026-08-01T18:42:00Z</time>
      </trkpt>
      <trkpt lat="49.07699" lon="-121.47955">
        <ele>965.95</ele>
        <time>2026-08-01T18:42:03Z</time>
      </trkpt>
      <trkpt lat="49.07697" lon="-121.47958">
        <ele>966.4</ele>
        <time>2026-08-01T18:42:05Z</time>
      </trkpt>
      <trkpt lat="49.07694" lon="-121.47961">
        <ele>967.09</ele>
        <time>2026-08-01T18:42:09Z</time>
      </trkpt>
      <trkpt lat="49.07696" lon="-121.47965">
        <ele>966.62</ele>
        <time>2026-08-01T18:42:18Z</time>
      </trkpt>
      <trkpt lat="49.07699" lon="-121.47968">
        <ele>965.88</ele>
        <time>2026-08-01T18:42:23Z</time>
      </trkpt>
      <trkpt lat="49.07697" lon="-121.47972">
        <ele>966.36</ele>
        <time>2026-08-01T18:42:39Z</time>
      </trkpt>
      <trkpt lat="49.07694" lon="-121.47973">
        <ele>967.18</ele>
        <time>2026-08-01T18:42:50Z</time>
      </trkpt>
      <trkpt lat="49.07693" lon="-121.47977">
        <ele>967.84</ele>
        <time>2026-08-01T18:43:05Z</time>
      </trkpt>
      <trkpt lat="49.07695" lon="-121.4798">
        <ele>967.69</ele>
        <time>2026-08-01T18:43:14Z</time>
      </trkpt>
      <trkpt lat="49.07698" lon="-121.47984">
        <ele>967.32</ele>
        <time>2026-08-01T18:43:24Z</time>
      </trkpt>
      <trkpt lat="49.07698" lon="-121.47981">
        <ele>967.01</ele>
        <time>2026-08-01T18:43:35Z</time>
      </trkpt>
      <trkpt lat="49.07693" lon="-121.47982">
        <ele>968.39</ele>
        <time>2026-08-01T18:43:45Z</time>
      </trkpt>
      <trkpt lat="49.07687" lon="-121.47983">
        <ele>969.88</ele>
        <time>2026-08-01T18:43:47Z</time>
      </trkpt>
      <trkpt lat="49.07683" lon="-121.47984">
        <ele>970.92</ele>
        <time>2026-08-01T18:43:50Z</time>
      </trkpt>
      <trkpt lat="49.07681" lon="-121.47988">
        <ele>971.88</ele>
        <time>2026-08-01T18:44:00Z</time>
      </trkpt>
      <trkpt lat="49.07684" lon="-121.47983">
        <ele>970.57</ele>
        <time>2026-08-01T18:44:06Z</time>
      </trkpt>
      <trkpt lat="49.07686" lon="-121.4798">
        <ele>969.75</ele>
        <time>2026-08-01T18:44:10Z</time>
      </trkpt>
      <trkpt lat="49.07683" lon="-121.47978">
        <ele>970.18</ele>
        <time>2026-08-01T18:44:49Z</time>
      </trkpt>
      <trkpt lat="49.07682" lon="-121.47978">
        <ele>970.41</ele>
        <time>2026-08-01T18:45:15Z</time>
      </trkpt>
      <trkpt lat="49.07685" lon="-121.47979">
        <ele>969.85</ele>
        <time>2026-08-01T18:45:35Z</time>
      </trkpt>
      <trkpt lat="49.07687" lon="-121.47978">
        <ele>969.29</ele>
        <time>2026-08-01T18:45:39Z</time>
      </trkpt>
      <trkpt lat="49.07687" lon="-121.47973">
        <ele>968.7</ele>
        <time>2026-08-01T18:46:13Z</time>
      </trkpt>
      <trkpt lat="49.07687" lon="-121.47978">
        <ele>969.29</ele>
        <time>2026-08-01T18:46:25Z</time>
      </trkpt>
      <trkpt lat="49.07687" lon="-121.47983">
        <ele>969.88</ele>
        <time>2026-08-01T18:46:48Z</time>
      </trkpt>
      <trkpt lat="49.07683" lon="-121.47984">
        <ele>970.92</ele>
        <time>2026-08-01T18:46:55Z</time>
      </trkpt>
      <trkpt lat="49.07681" lon="-121.47982">
        <ele>971.13</ele>
        <time>2026-08-01T18:47:27Z</time>
      </trkpt>
      <trkpt lat="49.0768" lon="-121.47983">
        <ele>971.49</ele>
        <time>2026-08-01T18:47:51Z</time>
      </trkpt>
      <trkpt lat="49.07679" lon="-121.47982">
        <ele>971.59</ele>
        <time>2026-08-01T18:48:00Z</time>
      </trkpt>
      <trkpt lat="49.07679" lon="-121.47977">
        <ele>970.95</ele>
        <time>2026-08-01T18:48:05Z</time>
      </trkpt>
      <trkpt lat="49.0768" lon="-121.47974">
        <ele>970.35</ele>
        <time>2026-08-01T18:48:11Z</time>
      </trkpt>
      <trkpt lat="49.0768" lon="-121.47976">
        <ele>970.6</ele>
        <time>2026-08-01T18:48:20Z</time>
      </trkpt>
      <trkpt lat="49.07682" lon="-121.4798">
        <ele>970.65</ele>
        <time>2026-08-01T18:49:03Z</time>
      </trkpt>
      <trkpt lat="49.07682" lon="-121.47982">
        <ele>970.9</ele>
        <time>2026-08-01T18:49:16Z</time>
      </trkpt>
      <trkpt lat="49.07685" lon="-121.47982">
        <ele>970.22</ele>
        <time>2026-08-01T18:49:21Z</time>
      </trkpt>
      <trkpt lat="49.07688" lon="-121.47982">
        <ele>969.53</ele>
        <time>2026-08-01T18:49:45Z</time>
      </trkpt>
      <trkpt lat="49.07686" lon="-121.47982">
        <ele>969.99</ele>
        <time>2026-08-01T18:50:28Z</time>
      </trkpt>
      <trkpt lat="49.07689" lon="-121.47981">
        <ele>969.19</ele>
        <time>2026-08-01T18:51:16Z</time>
      </trkpt>
      <trkpt lat="49.07688" lon="-121.47978">
        <ele>969.06</ele>
        <time>2026-08-01T18:51:51Z</time>
      </trkpt>
      <trkpt lat="49.07685" lon="-121.47977">
        <ele>969.61</ele>
        <time>2026-08-01T18:52:04Z</time>
      </trkpt>
      <trkpt lat="49.07683" lon="-121.47977">
        <ele>970.06</ele>
        <time>2026-08-01T18:52:23Z</time>
      </trkpt>
      <trkpt lat="49.07684" lon="-121.47978">
        <ele>969.96</ele>
        <time>2026-08-01T18:52:46Z</time>
      </trkpt>
      <trkpt lat="49.07683" lon="-121.47979">
        <ele>970.3</ele>
        <time>2026-08-01T18:53:31Z</time>
      </trkpt>
      <trkpt lat="49.07681" lon="-121.4798">
        <ele>970.88</ele>
        <time>2026-08-01T18:54:59Z</time>
      </trkpt>
      <trkpt lat="49.07678" lon="-121.47981">
        <ele>971.69</ele>
        <time>2026-08-01T18:55:18Z</time>
      </trkpt>
      <trkpt lat="49.07673" lon="-121.47981">
        <ele>972.82</ele>
        <time>2026-08-01T18:55:20Z</time>
      </trkpt>
      <trkpt lat="49.07667" lon="-121.47981">
        <ele>974.19</ele>
        <time>2026-08-01T18:55:22Z</time>
      </trkpt>
      <trkpt lat="49.07664" lon="-121.47981">
        <ele>975.07</ele>
        <time>2026-08-01T18:55:24Z</time>
      </trkpt>
      <trkpt lat="49.07661" lon="-121.47981">
        <ele>975.97</ele>
        <time>2026-08-01T18:55:27Z</time>
      </trkpt>
      <trkpt lat="49.07658" lon="-121.47981">
        <ele>976.87</ele>
        <time>2026-08-01T18:55:32Z</time>
      </trkpt>
      <trkpt lat="49.07655" lon="-121.47982">
        <ele>977.89</ele>
        <time>2026-08-01T18:55:40Z</time>
      </trkpt>
      <trkpt lat="49.07652" lon="-121.47982">
        <ele>978.79</ele>
        <time>2026-08-01T18:55:45Z</time>
      </trkpt>
      <trkpt lat="49.07648" lon="-121.47982">
        <ele>979.98</ele>
        <time>2026-08-01T18:55:50Z</time>
      </trkpt>
      <trkpt lat="49.07645" lon="-121.47982">
        <ele>980.88</ele>
        <time>2026-08-01T18:55:57Z</time>
      </trkpt>
      <trkpt lat="49.07643" lon="-121.47982">
        <ele>981.48</ele>
        <time>2026-08-01T18:56:05Z</time>
      </trkpt>
      <trkpt lat="49.07639" lon="-121.47982">
        <ele>982.67</ele>
        <time>2026-08-01T18:56:15Z</time>
      </trkpt>
      <trkpt lat="49.07636" lon="-121.47979">
        <ele>983.3</ele>
        <time>2026-08-01T18:56:21Z</time>
      </trkpt>
      <trkpt lat="49.07635" lon="-121.47973">
        <ele>983.3</ele>
        <time>2026-08-01T18:56:24Z</time>
      </trkpt>
      <trkpt lat="49.07633" lon="-121.47969">
        <ele>983.77</ele>
        <time>2026-08-01T18:56:29Z</time>
      </trkpt>
      <trkpt lat="49.07631" lon="-121.47966">
        <ele>984.36</ele>
        <time>2026-08-01T18:56:35Z</time>
      </trkpt>
      <trkpt lat="49.07629" lon="-121.47961">
        <ele>984.97</ele>
        <time>2026-08-01T18:56:38Z</time>
      </trkpt>
      <trkpt lat="49.07627" lon="-121.47958">
        <ele>985.7</ele>
        <time>2026-08-01T18:56:43Z</time>
      </trkpt>
      <trkpt lat="49.07629" lon="-121.47962">
        <ele>984.99</ele>
        <time>2026-08-01T18:56:49Z</time>
      </trkpt>
      <trkpt lat="49.07632" lon="-121.47966">
        <ele>984.01</ele>
        <time>2026-08-01T18:56:52Z</time>
      </trkpt>
      <trkpt lat="49.07635" lon="-121.47969">
        <ele>983.09</ele>
        <time>2026-08-01T18:56:58Z</time>
      </trkpt>
      <trkpt lat="49.07637" lon="-121.47973">
        <ele>982.66</ele>
        <time>2026-08-01T18:57:06Z</time>
      </trkpt>
      <trkpt lat="49.07638" lon="-121.47975">
        <ele>982.47</ele>
        <time>2026-08-01T18:57:14Z</time>
      </trkpt>
      <trkpt lat="49.07635" lon="-121.47974">
        <ele>983.34</ele>
        <time>2026-08-01T18:57:24Z</time>
      </trkpt>
      <trkpt lat="49.07631" lon="-121.47973">
        <ele>984.57</ele>
        <time>2026-08-01T18:57:28Z</time>
      </trkpt>
      <trkpt lat="49.07629" lon="-121.47972">
        <ele>985.2</ele>
        <time>2026-08-01T18:57:31Z</time>
      </trkpt>
      <trkpt lat="49.07626" lon="-121.47975">
        <ele>986.14</ele>
        <time>2026-08-01T18:57:41Z</time>
      </trkpt>
      <trkpt lat="49.07622" lon="-121.47975">
        <ele>987.37</ele>
        <time>2026-08-01T18:57:45Z</time>
      </trkpt>
      <trkpt lat="49.07619" lon="-121.47976">
        <ele>988.23</ele>
        <time>2026-08-01T18:57:47Z</time>
      </trkpt>
      <trkpt lat="49.07616" lon="-121.47977">
        <ele>989.05</ele>
        <time>2026-08-01T18:58:02Z</time>
      </trkpt>
      <trkpt lat="49.07613" lon="-121.47979">
        <ele>989.74</ele>
        <time>2026-08-01T18:58:07Z</time>
      </trkpt>
      <trkpt lat="49.07611" lon="-121.47986">
        <ele>989.55</ele>
        <time>2026-08-01T18:58:13Z</time>
      </trkpt>
      <trkpt lat="49.0761" lon="-121.47992">
        <ele>989.22</ele>
        <time>2026-08-01T18:58:16Z</time>
      </trkpt>
      <trkpt lat="49.07607" lon="-121.47991">
        <ele>990.3</ele>
        <time>2026-08-01T18:58:23Z</time>
      </trkpt>
      <trkpt lat="49.07604" lon="-121.47989">
        <ele>991.49</ele>
        <time>2026-08-01T18:58:31Z</time>
      </trkpt>
      <trkpt lat="49.07601" lon="-121.47993">
        <ele>992.03</ele>
        <time>2026-08-01T18:58:41Z</time>
      </trkpt>
      <trkpt lat="49.07598" lon="-121.47994">
        <ele>992.9</ele>
        <time>2026-08-01T18:58:47Z</time>
      </trkpt>
      <trkpt lat="49.07595" lon="-121.47994">
        <ele>993.87</ele>
        <time>2026-08-01T18:58:53Z</time>
      </trkpt>
      <trkpt lat="49.07591" lon="-121.47994">
        <ele>995.16</ele>
        <time>2026-08-01T18:58:58Z</time>
      </trkpt>
      <trkpt lat="49.07589" lon="-121.47992">
        <ele>996.03</ele>
        <time>2026-08-01T18:59:02Z</time>
      </trkpt>
      <trkpt lat="49.07587" lon="-121.47988">
        <ele>997.11</ele>
        <time>2026-08-01T18:59:05Z</time>
      </trkpt>
      <trkpt lat="49.07584" lon="-121.47984">
        <ele>998.51</ele>
        <time>2026-08-01T18:59:09Z</time>
      </trkpt>
      <trkpt lat="49.0758" lon="-121.47982">
        <ele>1000.03</ele>
        <time>2026-08-01T18:59:17Z</time>
      </trkpt>
      <trkpt lat="49.07578" lon="-121.47977">
        <ele>1001.12</ele>
        <time>2026-08-01T18:59:32Z</time>
      </trkpt>
      <trkpt lat="49.07576" lon="-121.47975">
        <ele>1001.89</ele>
        <time>2026-08-01T18:59:39Z</time>
      </trkpt>
      <trkpt lat="49.07572" lon="-121.47974">
        <ele>1003.15</ele>
        <time>2026-08-01T18:59:45Z</time>
      </trkpt>
      <trkpt lat="49.0757" lon="-121.47973">
        <ele>1003.8</ele>
        <time>2026-08-01T18:59:49Z</time>
      </trkpt>
      <trkpt lat="49.07567" lon="-121.47972">
        <ele>1004.73</ele>
        <time>2026-08-01T18:59:54Z</time>
      </trkpt>
      <trkpt lat="49.07564" lon="-121.4797">
        <ele>1005.83</ele>
        <time>2026-08-01T19:00:01Z</time>
      </trkpt>
      <trkpt lat="49.07561" lon="-121.47969">
        <ele>1006.8</ele>
        <time>2026-08-01T19:00:10Z</time>
      </trkpt>
      <trkpt lat="49.07559" lon="-121.47969">
        <ele>1007.37</ele>
        <time>2026-08-01T19:00:17Z</time>
      </trkpt>
      <trkpt lat="49.07555" lon="-121.4797">
        <ele>1008.3</ele>
        <time>2026-08-01T19:00:25Z</time>
      </trkpt>
      <trkpt lat="49.07552" lon="-121.4797">
        <ele>1008.59</ele>
        <time>2026-08-01T19:00:31Z</time>
      </trkpt>
      <trkpt lat="49.07549" lon="-121.4797">
        <ele>1008.89</ele>
        <time>2026-08-01T19:00:36Z</time>
      </trkpt>
      <trkpt lat="49.07546" lon="-121.4797">
        <ele>1009.19</ele>
        <time>2026-08-01T19:00:41Z</time>
      </trkpt>
      <trkpt lat="49.07542" lon="-121.4797">
        <ele>1009.59</ele>
        <time>2026-08-01T19:00:46Z</time>
      </trkpt>
      <trkpt lat="49.07539" lon="-121.4797">
        <ele>1009.88</ele>
        <time>2026-08-01T19:00:51Z</time>
      </trkpt>
      <trkpt lat="49.07535" lon="-121.4797">
        <ele>1010.28</ele>
        <time>2026-08-01T19:00:57Z</time>
      </trkpt>
      <trkpt lat="49.07532" lon="-121.47969">
        <ele>1010.6</ele>
        <time>2026-08-01T19:01:02Z</time>
      </trkpt>
      <trkpt lat="49.07529" lon="-121.47969">
        <ele>1010.88</ele>
        <time>2026-08-01T19:01:08Z</time>
      </trkpt>
      <trkpt lat="49.07526" lon="-121.47968">
        <ele>1011.43</ele>
        <time>2026-08-01T19:01:14Z</time>
      </trkpt>
      <trkpt lat="49.07523" lon="-121.47967">
        <ele>1012.14</ele>
        <time>2026-08-01T19:01:21Z</time>
      </trkpt>
      <trkpt lat="49.0752" lon="-121.47966">
        <ele>1012.83</ele>
        <time>2026-08-01T19:01:29Z</time>
      </trkpt>
      <trkpt lat="49.07516" lon="-121.47965">
        <ele>1013.75</ele>
        <time>2026-08-01T19:01:37Z</time>
      </trkpt>
      <trkpt lat="49.07513" lon="-121.47965">
        <ele>1014.45</ele>
        <time>2026-08-01T19:01:44Z</time>
      </trkpt>
      <trkpt lat="49.0751" lon="-121.47965">
        <ele>1015.15</ele>
        <time>2026-08-01T19:01:52Z</time>
      </trkpt>
      <trkpt lat="49.07507" lon="-121.47965">
        <ele>1015.85</ele>
        <time>2026-08-01T19:02:00Z</time>
      </trkpt>
      <trkpt lat="49.07503" lon="-121.47965">
        <ele>1016.78</ele>
        <time>2026-08-01T19:02:22Z</time>
      </trkpt>
      <trkpt lat="49.07499" lon="-121.47967">
        <ele>1017.77</ele>
        <time>2026-08-01T19:02:28Z</time>
      </trkpt>
      <trkpt lat="49.07497" lon="-121.4797">
        <ele>1018.21</ele>
        <time>2026-08-01T19:02:30Z</time>
      </trkpt>
      <trkpt lat="49.07493" lon="-121.47974">
        <ele>1018.8</ele>
        <time>2026-08-01T19:02:33Z</time>
      </trkpt>
      <trkpt lat="49.0749" lon="-121.47976">
        <ele>1019.23</ele>
        <time>2026-08-01T19:02:37Z</time>
      </trkpt>
      <trkpt lat="49.07489" lon="-121.47981">
        <ele>1019.56</ele>
        <time>2026-08-01T19:02:41Z</time>
      </trkpt>
      <trkpt lat="49.07487" lon="-121.47985">
        <ele>1020.05</ele>
        <time>2026-08-01T19:02:47Z</time>
      </trkpt>
      <trkpt lat="49.07484" lon="-121.47987">
        <ele>1020.65</ele>
        <time>2026-08-01T19:02:51Z</time>
      </trkpt>
      <trkpt lat="49.07481" lon="-121.47988">
        <ele>1021.22</ele>
        <time>2026-08-01T19:02:57Z</time>
      </trkpt>
      <trkpt lat="49.07479" lon="-121.47984">
        <ele>1021.23</ele>
        <time>2026-08-01T19:03:01Z</time>
      </trkpt>
      <trkpt lat="49.07477" lon="-121.4798">
        <ele>1021.18</ele>
        <time>2026-08-01T19:03:05Z</time>
      </trkpt>
      <trkpt lat="49.07474" lon="-121.47976">
        <ele>1021.19</ele>
        <time>2026-08-01T19:03:09Z</time>
      </trkpt>
      <trkpt lat="49.07472" lon="-121.47971">
        <ele>1021.16</ele>
        <time>2026-08-01T19:03:13Z</time>
      </trkpt>
      <trkpt lat="49.0747" lon="-121.47967">
        <ele>1021.82</ele>
        <time>2026-08-01T19:03:17Z</time>
      </trkpt>
      <trkpt lat="49.07468" lon="-121.47964">
        <ele>1022.39</ele>
        <time>2026-08-01T19:03:22Z</time>
      </trkpt>
      <trkpt lat="49.07466" lon="-121.47961">
        <ele>1022.97</ele>
        <time>2026-08-01T19:03:28Z</time>
      </trkpt>
      <trkpt lat="49.07463" lon="-121.47959">
        <ele>1023.58</ele>
        <time>2026-08-01T19:03:34Z</time>
      </trkpt>
      <trkpt lat="49.0746" lon="-121.47962">
        <ele>1023.59</ele>
        <time>2026-08-01T19:03:38Z</time>
      </trkpt>
      <trkpt lat="49.07458" lon="-121.47963">
        <ele>1023.7</ele>
        <time>2026-08-01T19:03:42Z</time>
      </trkpt>
      <trkpt lat="49.07455" lon="-121.47963">
        <ele>1024.06</ele>
        <time>2026-08-01T19:03:47Z</time>
      </trkpt>
      <trkpt lat="49.07452" lon="-121.47962">
        <ele>1024.56</ele>
        <time>2026-08-01T19:03:54Z</time>
      </trkpt>
      <trkpt lat="49.07455" lon="-121.4796">
        <ele>1024.45</ele>
        <time>2026-08-01T19:04:05Z</time>
      </trkpt>
      <trkpt lat="49.07454" lon="-121.47964">
        <ele>1024.05</ele>
        <time>2026-08-01T19:04:16Z</time>
      </trkpt>
      <trkpt lat="49.07453" lon="-121.47969">
        <ele>1023.5</ele>
        <time>2026-08-01T19:04:19Z</time>
      </trkpt>
      <trkpt lat="49.07452" lon="-121.47974">
        <ele>1023.42</ele>
        <time>2026-08-01T19:04:27Z</time>
      </trkpt>
      <trkpt lat="49.07451" lon="-121.47979">
        <ele>1024.21</ele>
        <time>2026-08-01T19:04:33Z</time>
      </trkpt>
      <trkpt lat="49.0745" lon="-121.47983">
        <ele>1024.87</ele>
        <time>2026-08-01T19:04:37Z</time>
      </trkpt>
      <trkpt lat="49.07448" lon="-121.47986">
        <ele>1025.54</ele>
        <time>2026-08-01T19:04:42Z</time>
      </trkpt>
      <trkpt lat="49.07445" lon="-121.47985">
        <ele>1025.77</ele>
        <time>2026-08-01T19:04:53Z</time>
      </trkpt>
      <trkpt lat="49.07442" lon="-121.47984">
        <ele>1025.87</ele>
        <time>2026-08-01T19:05:04Z</time>
      </trkpt>
      <trkpt lat="49.07441" lon="-121.47989">
        <ele>1026.66</ele>
        <time>2026-08-01T19:05:13Z</time>
      </trkpt>
      <trkpt lat="49.07444" lon="-121.47993">
        <ele>1027.02</ele>
        <time>2026-08-01T19:05:20Z</time>
      </trkpt>
      <trkpt lat="49.07448" lon="-121.47994">
        <ele>1026.65</ele>
        <time>2026-08-01T19:05:22Z</time>
      </trkpt>
      <trkpt lat="49.07451" lon="-121.47996">
        <ele>1026.51</ele>
        <time>2026-08-01T19:05:25Z</time>
      </trkpt>
      <trkpt lat="49.07449" lon="-121.48">
        <ele>1027.34</ele>
        <time>2026-08-01T19:05:34Z</time>
      </trkpt>
      <trkpt lat="49.07446" lon="-121.48001">
        <ele>1028.07</ele>
        <time>2026-08-01T19:05:40Z</time>
      </trkpt>
      <trkpt lat="49.07443" lon="-121.48001">
        <ele>1028.39</ele>
        <time>2026-08-01T19:05:46Z</time>
      </trkpt>
      <trkpt lat="49.0744" lon="-121.48001">
        <ele>1028.61</ele>
        <time>2026-08-01T19:05:53Z</time>
      </trkpt>
      <trkpt lat="49.07437" lon="-121.48002">
        <ele>1029.11</ele>
        <time>2026-08-01T19:06:00Z</time>
      </trkpt>
      <trkpt lat="49.07433" lon="-121.48">
        <ele>1028.82</ele>
        <time>2026-08-01T19:06:04Z</time>
      </trkpt>
      <trkpt lat="49.07429" lon="-121.47996">
        <ele>1028.54</ele>
        <time>2026-08-01T19:06:06Z</time>
      </trkpt>
      <trkpt lat="49.07425" lon="-121.47995">
        <ele>1028.68</ele>
        <time>2026-08-01T19:06:09Z</time>
      </trkpt>
      <trkpt lat="49.07422" lon="-121.47994">
        <ele>1028.75</ele>
        <time>2026-08-01T19:06:12Z</time>
      </trkpt>
      <trkpt lat="49.07419" lon="-121.47994">
        <ele>1028.97</ele>
        <time>2026-08-01T19:06:16Z</time>
      </trkpt>
      <trkpt lat="49.07416" lon="-121.47994">
        <ele>1029.33</ele>
        <time>2026-08-01T19:06:21Z</time>
      </trkpt>
      <trkpt lat="49.07413" lon="-121.47993">
        <ele>1030.08</ele>
        <time>2026-08-01T19:06:27Z</time>
      </trkpt>
      <trkpt lat="49.07409" lon="-121.47992">
        <ele>1031.14</ele>
        <time>2026-08-01T19:06:32Z</time>
      </trkpt>
      <trkpt lat="49.07405" lon="-121.47991">
        <ele>1032.2</ele>
        <time>2026-08-01T19:06:37Z</time>
      </trkpt>
      <trkpt lat="49.07402" lon="-121.47989">
        <ele>1032.85</ele>
        <time>2026-08-01T19:06:42Z</time>
      </trkpt>
      <trkpt lat="49.07399" lon="-121.47988">
        <ele>1033.63</ele>
        <time>2026-08-01T19:06:47Z</time>
      </trkpt>
      <trkpt lat="49.07395" lon="-121.47988">
        <ele>1034.85</ele>
        <time>2026-08-01T19:06:52Z</time>
      </trkpt>
      <trkpt lat="49.07392" lon="-121.47987">
        <ele>1035.65</ele>
        <time>2026-08-01T19:06:58Z</time>
      </trkpt>
      <trkpt lat="49.07388" lon="-121.47986">
        <ele>1036.9</ele>
        <time>2026-08-01T19:07:03Z</time>
      </trkpt>
      <trkpt lat="49.07386" lon="-121.47985">
        <ele>1037.74</ele>
        <time>2026-08-01T19:07:07Z</time>
      </trkpt>
      <trkpt lat="49.07383" lon="-121.47981">
        <ele>1038.78</ele>
        <time>2026-08-01T19:07:11Z</time>
      </trkpt>
      <trkpt lat="49.07381" lon="-121.47977">
        <ele>1039.39</ele>
        <time>2026-08-01T19:07:15Z</time>
      </trkpt>
      <trkpt lat="49.07377" lon="-121.47978">
        <ele>1041.44</ele>
        <time>2026-08-01T19:07:31Z</time>
      </trkpt>
      <trkpt lat="49.07373" lon="-121.47978">
        <ele>1043.39</ele>
        <time>2026-08-01T19:07:35Z</time>
      </trkpt>
      <trkpt lat="49.0737" lon="-121.47979">
        <ele>1044.92</ele>
        <time>2026-08-01T19:07:39Z</time>
      </trkpt>
      <trkpt lat="49.07367" lon="-121.47978">
        <ele>1046.33</ele>
        <time>2026-08-01T19:07:43Z</time>
      </trkpt>
      <trkpt lat="49.07364" lon="-121.47978">
        <ele>1047.8</ele>
        <time>2026-08-01T19:07:50Z</time>
      </trkpt>
      <trkpt lat="49.07359" lon="-121.47977">
        <ele>1050.4</ele>
        <time>2026-08-01T19:07:54Z</time>
      </trkpt>
      <trkpt lat="49.07356" lon="-121.47976">
        <ele>1052.14</ele>
        <time>2026-08-01T19:07:57Z</time>
      </trkpt>
      <trkpt lat="49.07353" lon="-121.47977">
        <ele>1053.88</ele>
        <time>2026-08-01T19:08:01Z</time>
      </trkpt>
      <trkpt lat="49.0735" lon="-121.4798">
        <ele>1055.52</ele>
        <time>2026-08-01T19:08:06Z</time>
      </trkpt>
      <trkpt lat="49.07347" lon="-121.47982">
        <ele>1057.09</ele>
        <time>2026-08-01T19:08:12Z</time>
      </trkpt>
      <trkpt lat="49.07345" lon="-121.47983">
        <ele>1058.12</ele>
        <time>2026-08-01T19:08:18Z</time>
      </trkpt>
      <trkpt lat="49.07348" lon="-121.47983">
        <ele>1056.5</ele>
        <time>2026-08-01T19:08:22Z</time>
      </trkpt>
      <trkpt lat="49.07347" lon="-121.47979">
        <ele>1057.26</ele>
        <time>2026-08-01T19:08:35Z</time>
      </trkpt>
      <trkpt lat="49.07344" lon="-121.47977">
        <ele>1059.11</ele>
        <time>2026-08-01T19:08:41Z</time>
      </trkpt>
      <trkpt lat="49.07341" lon="-121.47975">
        <ele>1061.05</ele>
        <time>2026-08-01T19:08:46Z</time>
      </trkpt>
      <trkpt lat="49.07338" lon="-121.47973">
        <ele>1063.06</ele>
        <time>2026-08-01T19:08:54Z</time>
      </trkpt>
      <trkpt lat="49.07335" lon="-121.47972">
        <ele>1065.01</ele>
        <time>2026-08-01T19:08:59Z</time>
      </trkpt>
      <trkpt lat="49.07332" lon="-121.47971">
        <ele>1066.57</ele>
        <time>2026-08-01T19:09:04Z</time>
      </trkpt>
      <trkpt lat="49.07329" lon="-121.47969">
        <ele>1067.81</ele>
        <time>2026-08-01T19:09:12Z</time>
      </trkpt>
      <trkpt lat="49.07328" lon="-121.47964">
        <ele>1068.79</ele>
        <time>2026-08-01T19:09:44Z</time>
      </trkpt>
      <trkpt lat="49.07328" lon="-121.4796">
        <ele>1069.3</ele>
        <time>2026-08-01T19:10:13Z</time>
      </trkpt>
      <trkpt lat="49.07325" lon="-121.47958">
        <ele>1070.7</ele>
        <time>2026-08-01T19:10:27Z</time>
      </trkpt>
      <trkpt lat="49.0732" lon="-121.47962">
        <ele>1071.95</ele>
        <time>2026-08-01T19:10:30Z</time>
      </trkpt>
      <trkpt lat="49.07316" lon="-121.47965">
        <ele>1072.88</ele>
        <time>2026-08-01T19:10:32Z</time>
      </trkpt>
      <trkpt lat="49.07314" lon="-121.47969">
        <ele>1072.85</ele>
        <time>2026-08-01T19:10:35Z</time>
      </trkpt>
      <trkpt lat="49.07312" lon="-121.47974">
        <ele>1072.9</ele>
        <time>2026-08-01T19:10:41Z</time>
      </trkpt>
      <trkpt lat="49.07309" lon="-121.47977">
        <ele>1073.95</ele>
        <time>2026-08-01T19:10:45Z</time>
      </trkpt>
      <trkpt lat="49.07306" lon="-121.47981">
        <ele>1075.15</ele>
        <time>2026-08-01T19:10:49Z</time>
      </trkpt>
      <trkpt lat="49.07303" lon="-121.47985">
        <ele>1076.2</ele>
        <time>2026-08-01T19:10:53Z</time>
      </trkpt>
      <trkpt lat="49.073" lon="-121.47983">
        <ele>1076.99</ele>
        <time>2026-08-01T19:10:58Z</time>
      </trkpt>
      <trkpt lat="49.07297" lon="-121.4798">
        <ele>1077.74</ele>
        <time>2026-08-01T19:11:06Z</time>
      </trkpt>
      <trkpt lat="49.07295" lon="-121.47976">
        <ele>1078.18</ele>
        <time>2026-08-01T19:11:10Z</time>
      </trkpt>
      <trkpt lat="49.07293" lon="-121.47972">
        <ele>1078.67</ele>
        <time>2026-08-01T19:11:15Z</time>
      </trkpt>
      <trkpt lat="49.0729" lon="-121.47976">
        <ele>1079.62</ele>
        <time>2026-08-01T19:11:23Z</time>
      </trkpt>
      <trkpt lat="49.07291" lon="-121.47982">
        <ele>1079.54</ele>
        <time>2026-08-01T19:11:26Z</time>
      </trkpt>
      <trkpt lat="49.07293" lon="-121.47986">
        <ele>1079.11</ele>
        <time>2026-08-01T19:11:29Z</time>
      </trkpt>
      <trkpt lat="49.07293" lon="-121.47991">
        <ele>1079.29</ele>
        <time>2026-08-01T19:11:36Z</time>
      </trkpt>
      <trkpt lat="49.07291" lon="-121.47988">
        <ele>1079.76</ele>
        <time>2026-08-01T19:11:44Z</time>
      </trkpt>
      <trkpt lat="49.07289" lon="-121.47982">
        <ele>1080.12</ele>
        <time>2026-08-01T19:11:47Z</time>
      </trkpt>
      <trkpt lat="49.07288" lon="-121.47978">
        <ele>1080.26</ele>
        <time>2026-08-01T19:11:49Z</time>
      </trkpt>
      <trkpt lat="49.07287" lon="-121.47973">
        <ele>1080.37</ele>
        <time>2026-08-01T19:11:52Z</time>
      </trkpt>
      <trkpt lat="49.07285" lon="-121.47977">
        <ele>1081.09</ele>
        <time>2026-08-01T19:11:58Z</time>
      </trkpt>
      <trkpt lat="49.07284" lon="-121.47983">
        <ele>1081.6</ele>
        <time>2026-08-01T19:12:01Z</time>
      </trkpt>
      <trkpt lat="49.07283" lon="-121.47988">
        <ele>1082.06</ele>
        <time>2026-08-01T19:12:04Z</time>
      </trkpt>
      <trkpt lat="49.07281" lon="-121.47992">
        <ele>1082.78</ele>
        <time>2026-08-01T19:12:11Z</time>
      </trkpt>
      <trkpt lat="49.07278" lon="-121.47988">
        <ele>1083.5</ele>
        <time>2026-08-01T19:12:18Z</time>
      </trkpt>
      <trkpt lat="49.07275" lon="-121.47987">
        <ele>1084.23</ele>
        <time>2026-08-01T19:12:28Z</time>
      </trkpt>
      <trkpt lat="49.07272" lon="-121.47984">
        <ele>1084.91</ele>
        <time>2026-08-01T19:12:36Z</time>
      </trkpt>
      <trkpt lat="49.07269" lon="-121.47987">
        <ele>1085.72</ele>
        <time>2026-08-01T19:12:45Z</time>
      </trkpt>
      <trkpt lat="49.07267" lon="-121.47991">
        <ele>1086.26</ele>
        <time>2026-08-01T19:12:53Z</time>
      </trkpt>
      <trkpt lat="49.07265" lon="-121.47994">
        <ele>1086.74</ele>
        <time>2026-08-01T19:13:09Z</time>
      </trkpt>
      <trkpt lat="49.07263" lon="-121.4799">
        <ele>1087.22</ele>
        <time>2026-08-01T19:13:19Z</time>
      </trkpt>
      <trkpt lat="49.07262" lon="-121.47985">
        <ele>1087.48</ele>
        <time>2026-08-01T19:13:23Z</time>
      </trkpt>
      <trkpt lat="49.07263" lon="-121.47979">
        <ele>1087.24</ele>
        <time>2026-08-01T19:13:33Z</time>
      </trkpt>
      <trkpt lat="49.07264" lon="-121.47975">
        <ele>1086.97</ele>
        <time>2026-08-01T19:13:42Z</time>
      </trkpt>
      <trkpt lat="49.07262" lon="-121.4797">
        <ele>1087.88</ele>
        <time>2026-08-01T19:13:50Z</time>
      </trkpt>
      <trkpt lat="49.0726" lon="-121.47974">
        <ele>1088.1</ele>
        <time>2026-08-01T19:13:59Z</time>
      </trkpt>
      <trkpt lat="49.07257" lon="-121.47978">
        <ele>1088.88</ele>
        <time>2026-08-01T19:14:05Z</time>
      </trkpt>
      <trkpt lat="49.07255" lon="-121.47979">
        <ele>1089.4</ele>
        <time>2026-08-01T19:14:13Z</time>
      </trkpt>
      <trkpt lat="49.07252" lon="-121.47977">
        <ele>1090.28</ele>
        <time>2026-08-01T19:14:28Z</time>
      </trkpt>
      <trkpt lat="49.07252" lon="-121.47972">
        <ele>1090.44</ele>
        <time>2026-08-01T19:14:34Z</time>
      </trkpt>
      <trkpt lat="49.07255" lon="-121.4797">
        <ele>1089.79</ele>
        <time>2026-08-01T19:14:38Z</time>
      </trkpt>
      <trkpt lat="49.07258" lon="-121.47966">
        <ele>1089.47</ele>
        <time>2026-08-01T19:14:44Z</time>
      </trkpt>
      <trkpt lat="49.0726" lon="-121.47962">
        <ele>1089.52</ele>
        <time>2026-08-01T19:14:49Z</time>
      </trkpt>
      <trkpt lat="49.07262" lon="-121.47957">
        <ele>1089.82</ele>
        <time>2026-08-01T19:14:54Z</time>
      </trkpt>
      <trkpt lat="49.07263" lon="-121.47953">
        <ele>1090.26</ele>
        <time>2026-08-01T19:15:00Z</time>
      </trkpt>
      <trkpt lat="49.07262" lon="-121.47948">
        <ele>1091.17</ele>
        <time>2026-08-01T19:15:07Z</time>
      </trkpt>
      <trkpt lat="49.07258" lon="-121.47946">
        <ele>1091.94</ele>
        <time>2026-08-01T19:15:10Z</time>
      </trkpt>
      <trkpt lat="49.07255" lon="-121.47945">
        <ele>1092.4</ele>
        <time>2026-08-01T19:15:14Z</time>
      </trkpt>
      <trkpt lat="49.07254" lon="-121.4795">
        <ele>1092.02</ele>
        <time>2026-08-01T19:15:19Z</time>
      </trkpt>
      <trkpt lat="49.07251" lon="-121.47954">
        <ele>1092.14</ele>
        <time>2026-08-01T19:15:23Z</time>
      </trkpt>
      <trkpt lat="49.07248" lon="-121.47956">
        <ele>1091.99</ele>
        <time>2026-08-01T19:15:27Z</time>
      </trkpt>
      <trkpt lat="49.07245" lon="-121.47957">
        <ele>1091.65</ele>
        <time>2026-08-01T19:15:31Z</time>
      </trkpt>
      <trkpt lat="49.07243" lon="-121.47961">
        <ele>1091.15</ele>
        <time>2026-08-01T19:15:35Z</time>
      </trkpt>
      <trkpt lat="49.07241" lon="-121.47966">
        <ele>1090.55</ele>
        <time>2026-08-01T19:15:40Z</time>
      </trkpt>
      <trkpt lat="49.07237" lon="-121.47965">
        <ele>1090.24</ele>
        <time>2026-08-01T19:15:54Z</time>
      </trkpt>
      <trkpt lat="49.07234" lon="-121.47966">
        <ele>1089.85</ele>
        <time>2026-08-01T19:15:57Z</time>
      </trkpt>
      <trkpt lat="49.0723" lon="-121.47967">
        <ele>1089.35</ele>
        <time>2026-08-01T19:16:00Z</time>
      </trkpt>
      <trkpt lat="49.07226" lon="-121.47967">
        <ele>1088.95</ele>
        <time>2026-08-01T19:16:03Z</time>
      </trkpt>
      <trkpt lat="49.07229" lon="-121.4797">
        <ele>1088.95</ele>
        <time>2026-08-01T19:16:18Z</time>
      </trkpt>
      <trkpt lat="49.07226" lon="-121.47972">
        <ele>1088.43</ele>
        <time>2026-08-01T19:16:31Z</time>
      </trkpt>
      <trkpt lat="49.07223" lon="-121.47973">
        <ele>1088.16</ele>
        <time>2026-08-01T19:16:37Z</time>
      </trkpt>
      <trkpt lat="49.07219" lon="-121.47974">
        <ele>1088.57</ele>
        <time>2026-08-01T19:16:43Z</time>
      </trkpt>
      <trkpt lat="49.07215" lon="-121.47975">
        <ele>1089.18</ele>
        <time>2026-08-01T19:16:46Z</time>
      </trkpt>
      <trkpt lat="49.07211" lon="-121.47976">
        <ele>1089.84</ele>
        <time>2026-08-01T19:16:50Z</time>
      </trkpt>
      <trkpt lat="49.07208" lon="-121.47977">
        <ele>1090.4</ele>
        <time>2026-08-01T19:16:54Z</time>
      </trkpt>
      <trkpt lat="49.07206" lon="-121.4798">
        <ele>1091.25</ele>
        <time>2026-08-01T19:17:01Z</time>
      </trkpt>
      <trkpt lat="49.07203" lon="-121.47982">
        <ele>1092.11</ele>
        <time>2026-08-01T19:17:07Z</time>
      </trkpt>
      <trkpt lat="49.07199" lon="-121.47984">
        <ele>1093.2</ele>
        <time>2026-08-01T19:17:12Z</time>
      </trkpt>
      <trkpt lat="49.07195" lon="-121.47984">
        <ele>1093.87</ele>
        <time>2026-08-01T19:17:16Z</time>
      </trkpt>
      <trkpt lat="49.07192" lon="-121.47984">
        <ele>1095.15</ele>
        <time>2026-08-01T19:17:21Z</time>
      </trkpt>
      <trkpt lat="49.07193" lon="-121.47978">
        <ele>1093.22</ele>
        <time>2026-08-01T19:17:25Z</time>
      </trkpt>
      <trkpt lat="49.07196" lon="-121.47973">
        <ele>1091.02</ele>
        <time>2026-08-01T19:17:30Z</time>
      </trkpt>
      <trkpt lat="49.07196" lon="-121.47968">
        <ele>1091.86</ele>
        <time>2026-08-01T19:17:43Z</time>
      </trkpt>
      <trkpt lat="49.07194" lon="-121.47965">
        <ele>1093.07</ele>
        <time>2026-08-01T19:17:51Z</time>
      </trkpt>
      <trkpt lat="49.07193" lon="-121.47967">
        <ele>1093.13</ele>
        <time>2026-08-01T19:17:55Z</time>
      </trkpt>
      <trkpt lat="49.07191" lon="-121.47971">
        <ele>1093.28</ele>
        <time>2026-08-01T19:18:01Z</time>
      </trkpt>
      <trkpt lat="49.07187" lon="-121.47973">
        <ele>1095.44</ele>
        <time>2026-08-01T19:18:06Z</time>
      </trkpt>
      <trkpt lat="49.07183" lon="-121.47973">
        <ele>1097.72</ele>
        <time>2026-08-01T19:18:09Z</time>
      </trkpt>
      <trkpt lat="49.0718" lon="-121.47972">
        <ele>1099.37</ele>
        <time>2026-08-01T19:18:12Z</time>
      </trkpt>
      <trkpt lat="49.07177" lon="-121.47971">
        <ele>1101.3</ele>
        <time>2026-08-01T19:18:17Z</time>
      </trkpt>
      <trkpt lat="49.07174" lon="-121.4797">
        <ele>1103.22</ele>
        <time>2026-08-01T19:18:22Z</time>
      </trkpt>
      <trkpt lat="49.0717" lon="-121.4797">
        <ele>1105.5</ele>
        <time>2026-08-01T19:18:32Z</time>
      </trkpt>
      <trkpt lat="49.07167" lon="-121.4797">
        <ele>1107.21</ele>
        <time>2026-08-01T19:18:39Z</time>
      </trkpt>
      <trkpt lat="49.0717" lon="-121.47966">
        <ele>1106.25</ele>
        <time>2026-08-01T19:18:55Z</time>
      </trkpt>
      <trkpt lat="49.07169" lon="-121.47962">
        <ele>1107.56</ele>
        <time>2026-08-01T19:19:05Z</time>
      </trkpt>
      <trkpt lat="49.07168" lon="-121.47957">
        <ele>1109.02</ele>
        <time>2026-08-01T19:19:11Z</time>
      </trkpt>
      <trkpt lat="49.07168" lon="-121.47951">
        <ele>1110.13</ele>
        <time>2026-08-01T19:19:13Z</time>
      </trkpt>
      <trkpt lat="49.07167" lon="-121.47946">
        <ele>1111.55</ele>
        <time>2026-08-01T19:19:17Z</time>
      </trkpt>
      <trkpt lat="49.07165" lon="-121.47947">
        <ele>1112.25</ele>
        <time>2026-08-01T19:19:25Z</time>
      </trkpt>
      <trkpt lat="49.07162" lon="-121.47947">
        <ele>1113.53</ele>
        <time>2026-08-01T19:19:36Z</time>
      </trkpt>
      <trkpt lat="49.07161" lon="-121.47943">
        <ele>1114.86</ele>
        <time>2026-08-01T19:19:44Z</time>
      </trkpt>
      <trkpt lat="49.07163" lon="-121.47939">
        <ele>1115.15</ele>
        <time>2026-08-01T19:19:51Z</time>
      </trkpt>
      <trkpt lat="49.07166" lon="-121.47937">
        <ele>1114.43</ele>
        <time>2026-08-01T19:19:55Z</time>
      </trkpt>
      <trkpt lat="49.07169" lon="-121.47934">
        <ele>1113.77</ele>
        <time>2026-08-01T19:19:59Z</time>
      </trkpt>
      <trkpt lat="49.07172" lon="-121.47931">
        <ele>1113.0</ele>
        <time>2026-08-01T19:20:03Z</time>
      </trkpt>
      <trkpt lat="49.0717" lon="-121.47927">
        <ele>1115.19</ele>
        <time>2026-08-01T19:20:09Z</time>
      </trkpt>
      <trkpt lat="49.07167" lon="-121.47926">
        <ele>1117.13</ele>
        <time>2026-08-01T19:20:12Z</time>
      </trkpt>
      <trkpt lat="49.07163" lon="-121.47925">
        <ele>1119.18</ele>
        <time>2026-08-01T19:20:16Z</time>
      </trkpt>
      <trkpt lat="49.0716" lon="-121.47928">
        <ele>1119.62</ele>
        <time>2026-08-01T19:20:21Z</time>
      </trkpt>
      <trkpt lat="49.07158" lon="-121.47929">
        <ele>1120.19</ele>
        <time>2026-08-01T19:20:29Z</time>
      </trkpt>
      <trkpt lat="49.07155" lon="-121.4793">
        <ele>1121.2</ele>
        <time>2026-08-01T19:20:38Z</time>
      </trkpt>
      <trkpt lat="49.07152" lon="-121.47929">
        <ele>1122.78</ele>
        <time>2026-08-01T19:20:59Z</time>
      </trkpt>
      <trkpt lat="49.07149" lon="-121.47927">
        <ele>1124.66</ele>
        <time>2026-08-01T19:21:40Z</time>
      </trkpt>
      <trkpt lat="49.07146" lon="-121.47928">
        <ele>1125.66</ele>
        <time>2026-08-01T19:21:52Z</time>
      </trkpt>
      <trkpt lat="49.07143" lon="-121.47927">
        <ele>1127.25</ele>
        <time>2026-08-01T19:22:03Z</time>
      </trkpt>
      <trkpt lat="49.0714" lon="-121.47927">
        <ele>1128.54</ele>
        <time>2026-08-01T19:22:17Z</time>
      </trkpt>
      <trkpt lat="49.07137" lon="-121.47929">
        <ele>1129.1</ele>
        <time>2026-08-01T19:22:36Z</time>
      </trkpt>
      <trkpt lat="49.07137" lon="-121.47935">
        <ele>1127.36</ele>
        <time>2026-08-01T19:22:40Z</time>
      </trkpt>
      <trkpt lat="49.07135" lon="-121.47938">
        <ele>1127.15</ele>
        <time>2026-08-01T19:22:53Z</time>
      </trkpt>
      <trkpt lat="49.07132" lon="-121.4794">
        <ele>1127.55</ele>
        <time>2026-08-01T19:23:07Z</time>
      </trkpt>
      <trkpt lat="49.07131" lon="-121.47943">
        <ele>1126.99</ele>
        <time>2026-08-01T19:23:27Z</time>
      </trkpt>
      <trkpt lat="49.0713" lon="-121.47938">
        <ele>1128.81</ele>
        <time>2026-08-01T19:23:30Z</time>
      </trkpt>
      <trkpt lat="49.07127" lon="-121.47936">
        <ele>1130.41</ele>
        <time>2026-08-01T19:23:39Z</time>
      </trkpt>
      <trkpt lat="49.07123" lon="-121.47937">
        <ele>1131.45</ele>
        <time>2026-08-01T19:23:47Z</time>
      </trkpt>
      <trkpt lat="49.0712" lon="-121.47939">
        <ele>1131.82</ele>
        <time>2026-08-01T19:23:56Z</time>
      </trkpt>
      <trkpt lat="49.07117" lon="-121.47941">
        <ele>1132.18</ele>
        <time>2026-08-01T19:24:13Z</time>
      </trkpt>
      <trkpt lat="49.0712" lon="-121.47939">
        <ele>1131.82</ele>
        <time>2026-08-01T19:24:47Z</time>
      </trkpt>
      <trkpt lat="49.0712" lon="-121.47937">
        <ele>1132.45</ele>
        <time>2026-08-01T19:26:49Z</time>
      </trkpt>
      <trkpt lat="49.0712" lon="-121.47934">
        <ele>1133.38</ele>
        <time>2026-08-01T19:27:17Z</time>
      </trkpt>
      <trkpt lat="49.07122" lon="-121.47934">
        <ele>1132.71</ele>
        <time>2026-08-01T19:28:20Z</time>
      </trkpt>
      <trkpt lat="49.07118" lon="-121.47935">
        <ele>1133.74</ele>
        <time>2026-08-01T19:28:25Z</time>
      </trkpt>
      <trkpt lat="49.07121" lon="-121.47937">
        <ele>1132.11</ele>
        <time>2026-08-01T19:29:51Z</time>
      </trkpt>
      <trkpt lat="49.07124" lon="-121.47935">
        <ele>1131.73</ele>
        <time>2026-08-01T19:30:45Z</time>
      </trkpt>
      <trkpt lat="49.07125" lon="-121.47936">
        <ele>1131.08</ele>
        <time>2026-08-01T19:31:27Z</time>
      </trkpt>
      <trkpt lat="49.07125" lon="-121.47936">
        <ele>1131.08</ele>
        <time>2026-08-01T19:31:48Z</time>
      </trkpt>
      <trkpt lat="49.07122" lon="-121.47936">
        <ele>1132.09</ele>
        <time>2026-08-01T19:31:54Z</time>
      </trkpt>
      <trkpt lat="49.07119" lon="-121.47937">
        <ele>1132.78</ele>
        <time>2026-08-01T19:32:08Z</time>
      </trkpt>
      <trkpt lat="49.07117" lon="-121.47938">
        <ele>1133.13</ele>
        <time>2026-08-01T19:32:33Z</time>
      </trkpt>
      <trkpt lat="49.07117" lon="-121.4794">
        <ele>1132.5</ele>
        <time>2026-08-01T19:33:13Z</time>
      </trkpt>
      <trkpt lat="49.07118" lon="-121.47936">
        <ele>1133.43</ele>
        <time>2026-08-01T19:33:27Z</time>
      </trkpt>
      <trkpt lat="49.07119" lon="-121.47935">
        <ele>1133.41</ele>
        <time>2026-08-01T19:34:02Z</time>
      </trkpt>
      <trkpt lat="49.07117" lon="-121.47937">
        <ele>1133.45</ele>
        <time>2026-08-01T19:35:33Z</time>
      </trkpt>
      <trkpt lat="49.07113" lon="-121.47937">
        <ele>1134.78</ele>
        <time>2026-08-01T19:35:36Z</time>
      </trkpt>
      <trkpt lat="49.07113" lon="-121.47933">
        <ele>1136.07</ele>
        <time>2026-08-01T19:36:37Z</time>
      </trkpt>
      <trkpt lat="49.07114" lon="-121.47934">
        <ele>1135.41</ele>
        <time>2026-08-01T19:37:08Z</time>
      </trkpt>
      <trkpt lat="49.07118" lon="-121.47934">
        <ele>1134.06</ele>
        <time>2026-08-01T19:37:16Z</time>
      </trkpt>
      <trkpt lat="49.07121" lon="-121.47935">
        <ele>1132.73</ele>
        <time>2026-08-01T19:37:20Z</time>
      </trkpt>
      <trkpt lat="49.07124" lon="-121.47935">
        <ele>1131.73</ele>
        <time>2026-08-01T19:37:26Z</time>
      </trkpt>
      <trkpt lat="49.07121" lon="-121.47933">
        <ele>1133.36</ele>
        <time>2026-08-01T19:37:41Z</time>
      </trkpt>
      <trkpt lat="49.07121" lon="-121.47931">
        <ele>1133.98</ele>
        <time>2026-08-01T19:37:49Z</time>
      </trkpt>
      <trkpt lat="49.0712" lon="-121.47934">
        <ele>1133.38</ele>
        <time>2026-08-01T19:38:11Z</time>
      </trkpt>
      <trkpt lat="49.0712" lon="-121.47939">
        <ele>1131.82</ele>
        <time>2026-08-01T19:38:19Z</time>
      </trkpt>
      <trkpt lat="49.07121" lon="-121.47935">
        <ele>1132.73</ele>
        <time>2026-08-01T19:38:38Z</time>
      </trkpt>
      <trkpt lat="49.07123" lon="-121.47931">
        <ele>1133.3</ele>
        <time>2026-08-01T19:38:44Z</time>
      </trkpt>
      <trkpt lat="49.0712" lon="-121.47928">
        <ele>1135.26</ele>
        <time>2026-08-01T19:38:50Z</time>
      </trkpt>
      <trkpt lat="49.07117" lon="-121.47926">
        <ele>1136.93</ele>
        <time>2026-08-01T19:38:55Z</time>
      </trkpt>
      <trkpt lat="49.07114" lon="-121.47925">
        <ele>1138.29</ele>
        <time>2026-08-01T19:39:03Z</time>
      </trkpt>
      <trkpt lat="49.07113" lon="-121.47923">
        <ele>1139.28</ele>
        <time>2026-08-01T19:39:11Z</time>
      </trkpt>
      <trkpt lat="49.07111" lon="-121.47921">
        <ele>1140.6</ele>
        <time>2026-08-01T19:39:19Z</time>
      </trkpt>
      <trkpt lat="49.07107" lon="-121.4792">
        <ele>1141.03</ele>
        <time>2026-08-01T19:39:22Z</time>
      </trkpt>
      <trkpt lat="49.07103" lon="-121.4792">
        <ele>1141.14</ele>
        <time>2026-08-01T19:39:24Z</time>
      </trkpt>
      <trkpt lat="49.071" lon="-121.4792">
        <ele>1141.22</ele>
        <time>2026-08-01T19:39:28Z</time>
      </trkpt>
      <trkpt lat="49.07098" lon="-121.47924">
        <ele>1139.85</ele>
        <time>2026-08-01T19:39:31Z</time>
      </trkpt>
      <trkpt lat="49.07097" lon="-121.47929">
        <ele>1138.06</ele>
        <time>2026-08-01T19:39:33Z</time>
      </trkpt>
      <trkpt lat="49.07094" lon="-121.47932">
        <ele>1136.97</ele>
        <time>2026-08-01T19:39:37Z</time>
      </trkpt>
      <trkpt lat="49.07092" lon="-121.47934">
        <ele>1136.21</ele>
        <time>2026-08-01T19:39:41Z</time>
      </trkpt>
      <trkpt lat="49.07088" lon="-121.47937">
        <ele>1135.03</ele>
        <time>2026-08-01T19:39:46Z</time>
      </trkpt>
      <trkpt lat="49.07085" lon="-121.47939">
        <ele>1134.19</ele>
        <time>2026-08-01T19:39:50Z</time>
      </trkpt>
      <trkpt lat="49.07082" lon="-121.47942">
        <ele>1132.95</ele>
        <time>2026-08-01T19:39:55Z</time>
      </trkpt>
      <trkpt lat="49.07079" lon="-121.47943">
        <ele>1132.53</ele>
        <time>2026-08-01T19:40:00Z</time>
      </trkpt>
      <trkpt lat="49.07076" lon="-121.47942">
        <ele>1132.85</ele>
        <time>2026-08-01T19:40:30Z</time>
      </trkpt>
      <trkpt lat="49.07073" lon="-121.47944">
        <ele>1132.15</ele>
        <time>2026-08-01T19:40:55Z</time>
      </trkpt>
      <trkpt lat="49.07069" lon="-121.47944">
        <ele>1132.13</ele>
        <time>2026-08-01T19:41:03Z</time>
      </trkpt>
      <trkpt lat="49.07066" lon="-121.47944">
        <ele>1132.13</ele>
        <time>2026-08-01T19:41:05Z</time>
      </trkpt>
      <trkpt lat="49.07063" lon="-121.47945">
        <ele>1131.9</ele>
        <time>2026-08-01T19:41:07Z</time>
      </trkpt>
      <trkpt lat="49.07059" lon="-121.47946">
        <ele>1131.75</ele>
        <time>2026-08-01T19:41:10Z</time>
      </trkpt>
      <trkpt lat="49.07056" lon="-121.47945">
        <ele>1131.92</ele>
        <time>2026-08-01T19:41:14Z</time>
      </trkpt>
      <trkpt lat="49.07053" lon="-121.47945">
        <ele>1132.29</ele>
        <time>2026-08-01T19:41:25Z</time>
      </trkpt>
      <trkpt lat="49.07049" lon="-121.47946">
        <ele>1132.72</ele>
        <time>2026-08-01T19:41:32Z</time>
      </trkpt>
      <trkpt lat="49.07047" lon="-121.47946">
        <ele>1133.01</ele>
        <time>2026-08-01T19:41:37Z</time>
      </trkpt>
      <trkpt lat="49.07043" lon="-121.47947">
        <ele>1133.44</ele>
        <time>2026-08-01T19:41:43Z</time>
      </trkpt>
      <trkpt lat="49.0704" lon="-121.47947">
        <ele>1133.87</ele>
        <time>2026-08-01T19:41:49Z</time>
      </trkpt>
      <trkpt lat="49.07037" lon="-121.47948">
        <ele>1134.16</ele>
        <time>2026-08-01T19:41:56Z</time>
      </trkpt>
      <trkpt lat="49.07034" lon="-121.47951">
        <ele>1134.16</ele>
        <time>2026-08-01T19:42:17Z</time>
      </trkpt>
      <trkpt lat="49.0703" lon="-121.47953">
        <ele>1134.45</ele>
        <time>2026-08-01T19:42:22Z</time>
      </trkpt>
      <trkpt lat="49.07028" lon="-121.47958">
        <ele>1134.02</ele>
        <time>2026-08-01T19:42:27Z</time>
      </trkpt>
      <trkpt lat="49.07026" lon="-121.47961">
        <ele>1133.8</ele>
        <time>2026-08-01T19:42:32Z</time>
      </trkpt>
      <trkpt lat="49.07023" lon="-121.47964">
        <ele>1133.63</ele>
        <time>2026-08-01T19:42:38Z</time>
      </trkpt>
      <trkpt lat="49.0702" lon="-121.47967">
        <ele>1133.42</ele>
        <time>2026-08-01T19:42:44Z</time>
      </trkpt>
      <trkpt lat="49.07017" lon="-121.47964">
        <ele>1134.19</ele>
        <time>2026-08-01T19:42:50Z</time>
      </trkpt>
      <trkpt lat="49.07014" lon="-121.47963">
        <ele>1134.65</ele>
        <time>2026-08-01T19:42:57Z</time>
      </trkpt>
      <trkpt lat="49.07011" lon="-121.47967">
        <ele>1134.19</ele>
        <time>2026-08-01T19:43:03Z</time>
      </trkpt>
      <trkpt lat="49.07008" lon="-121.47968">
        <ele>1134.25</ele>
        <time>2026-08-01T19:43:10Z</time>
      </trkpt>
      <trkpt lat="49.07005" lon="-121.47969">
        <ele>1134.29</ele>
        <time>2026-08-01T19:43:18Z</time>
      </trkpt>
      <trkpt lat="49.07001" lon="-121.4797">
        <ele>1134.4</ele>
        <time>2026-08-01T19:43:25Z</time>
      </trkpt>
      <trkpt lat="49.06998" lon="-121.47972">
        <ele>1134.63</ele>
        <time>2026-08-01T19:43:31Z</time>
      </trkpt>
      <trkpt lat="49.06995" lon="-121.47973">
        <ele>1135.3</ele>
        <time>2026-08-01T19:43:38Z</time>
      </trkpt>
      <trkpt lat="49.06992" lon="-121.47973">
        <ele>1136.15</ele>
        <time>2026-08-01T19:43:45Z</time>
      </trkpt>
      <trkpt lat="49.06989" lon="-121.47973">
        <ele>1137.0</ele>
        <time>2026-08-01T19:43:51Z</time>
      </trkpt>
      <trkpt lat="49.06986" lon="-121.47974">
        <ele>1137.61</ele>
        <time>2026-08-01T19:43:58Z</time>
      </trkpt>
      <trkpt lat="49.06982" lon="-121.47974">
        <ele>1138.72</ele>
        <time>2026-08-01T19:44:05Z</time>
      </trkpt>
      <trkpt lat="49.06979" lon="-121.47974">
        <ele>1139.55</ele>
        <time>2026-08-01T19:44:12Z</time>
      </trkpt>
      <trkpt lat="49.06976" lon="-121.47974">
        <ele>1140.38</ele>
        <time>2026-08-01T19:44:18Z</time>
      </trkpt>
      <trkpt lat="49.06973" lon="-121.47973">
        <ele>1141.53</ele>
        <time>2026-08-01T19:44:25Z</time>
      </trkpt>
      <trkpt lat="49.06969" lon="-121.47973">
        <ele>1141.54</ele>
        <time>2026-08-01T19:44:34Z</time>
      </trkpt>
      <trkpt lat="49.06967" lon="-121.47975">
        <ele>1140.86</ele>
        <time>2026-08-01T19:45:01Z</time>
      </trkpt>
      <trkpt lat="49.06963" lon="-121.47975">
        <ele>1140.67</ele>
        <time>2026-08-01T19:45:10Z</time>
      </trkpt>
      <trkpt lat="49.0696" lon="-121.47975">
        <ele>1140.53</ele>
        <time>2026-08-01T19:45:18Z</time>
      </trkpt>
      <trkpt lat="49.06957" lon="-121.47974">
        <ele>1140.57</ele>
        <time>2026-08-01T19:45:26Z</time>
      </trkpt>
      <trkpt lat="49.06953" lon="-121.47974">
        <ele>1140.35</ele>
        <time>2026-08-01T19:45:34Z</time>
      </trkpt>
      <trkpt lat="49.0695" lon="-121.47975">
        <ele>1140.06</ele>
        <time>2026-08-01T19:45:41Z</time>
      </trkpt>
      <trkpt lat="49.06947" lon="-121.47976">
        <ele>1139.82</ele>
        <time>2026-08-01T19:45:47Z</time>
      </trkpt>
      <trkpt lat="49.06944" lon="-121.4798">
        <ele>1139.57</ele>
        <time>2026-08-01T19:45:52Z</time>
      </trkpt>
      <trkpt lat="49.06943" lon="-121.47985">
        <ele>1139.54</ele>
        <time>2026-08-01T19:45:54Z</time>
      </trkpt>
      <trkpt lat="49.06942" lon="-121.4799">
        <ele>1139.56</ele>
        <time>2026-08-01T19:45:56Z</time>
      </trkpt>
      <trkpt lat="49.0694" lon="-121.47995">
        <ele>1140.0</ele>
        <time>2026-08-01T19:46:00Z</time>
      </trkpt>
      <trkpt lat="49.06939" lon="-121.47999">
        <ele>1140.2</ele>
        <time>2026-08-01T19:46:04Z</time>
      </trkpt>
      <trkpt lat="49.06937" lon="-121.48003">
        <ele>1141.8</ele>
        <time>2026-08-01T19:46:08Z</time>
      </trkpt>
      <trkpt lat="49.06936" lon="-121.48007">
        <ele>1143.25</ele>
        <time>2026-08-01T19:46:12Z</time>
      </trkpt>
      <trkpt lat="49.06934" lon="-121.48013">
        <ele>1145.41</ele>
        <time>2026-08-01T19:46:16Z</time>
      </trkpt>
      <trkpt lat="49.06933" lon="-121.48019">
        <ele>1147.12</ele>
        <time>2026-08-01T19:46:20Z</time>
      </trkpt>
      <trkpt lat="49.06929" lon="-121.48018">
        <ele>1147.71</ele>
        <time>2026-08-01T19:46:30Z</time>
      </trkpt>
      <trkpt lat="49.06928" lon="-121.48013">
        <ele>1146.98</ele>
        <time>2026-08-01T19:46:35Z</time>
      </trkpt>
      <trkpt lat="49.06925" lon="-121.48009">
        <ele>1147.13</ele>
        <time>2026-08-01T19:46:41Z</time>
      </trkpt>
      <trkpt lat="49.06923" lon="-121.48006">
        <ele>1147.32</ele>
        <time>2026-08-01T19:46:49Z</time>
      </trkpt>
      <trkpt lat="49.06922" lon="-121.48001">
        <ele>1147.02</ele>
        <time>2026-08-01T19:47:08Z</time>
      </trkpt>
      <trkpt lat="49.06921" lon="-121.47997">
        <ele>1147.14</ele>
        <time>2026-08-01T19:47:21Z</time>
      </trkpt>
      <trkpt lat="49.06918" lon="-121.47995">
        <ele>1148.15</ele>
        <time>2026-08-01T19:47:32Z</time>
      </trkpt>
      <trkpt lat="49.06915" lon="-121.47994">
        <ele>1148.77</ele>
        <time>2026-08-01T19:47:42Z</time>
      </trkpt>
      <trkpt lat="49.06913" lon="-121.47992">
        <ele>1148.92</ele>
        <time>2026-08-01T19:47:51Z</time>
      </trkpt>
      <trkpt lat="49.0691" lon="-121.47995">
        <ele>1149.38</ele>
        <time>2026-08-01T19:48:06Z</time>
      </trkpt>
      <trkpt lat="49.06908" lon="-121.47998">
        <ele>1149.61</ele>
        <time>2026-08-01T19:48:17Z</time>
      </trkpt>
      <trkpt lat="49.06904" lon="-121.47999">
        <ele>1149.94</ele>
        <time>2026-08-01T19:48:22Z</time>
      </trkpt>
      <trkpt lat="49.069" lon="-121.48002">
        <ele>1150.26</ele>
        <time>2026-08-01T19:48:26Z</time>
      </trkpt>
      <trkpt lat="49.06897" lon="-121.48004">
        <ele>1150.5</ele>
        <time>2026-08-01T19:48:32Z</time>
      </trkpt>
      <trkpt lat="49.06894" lon="-121.48006">
        <ele>1150.71</ele>
        <time>2026-08-01T19:48:43Z</time>
      </trkpt>
      <trkpt lat="49.06891" lon="-121.48007">
        <ele>1150.89</ele>
        <time>2026-08-01T19:48:51Z</time>
      </trkpt>
      <trkpt lat="49.06888" lon="-121.48006">
        <ele>1150.98</ele>
        <time>2026-08-01T19:48:58Z</time>
      </trkpt>
      <trkpt lat="49.06885" lon="-121.48007">
        <ele>1150.93</ele>
        <time>2026-08-01T19:49:04Z</time>
      </trkpt>
      <trkpt lat="49.06882" lon="-121.48007">
        <ele>1150.88</ele>
        <time>2026-08-01T19:49:10Z</time>
      </trkpt>
      <trkpt lat="49.06878" lon="-121.48007">
        <ele>1150.81</ele>
        <time>2026-08-01T19:49:13Z</time>
      </trkpt>
      <trkpt lat="49.06873" lon="-121.48007">
        <ele>1150.72</ele>
        <time>2026-08-01T19:49:15Z</time>
      </trkpt>
      <trkpt lat="49.0687" lon="-121.48007">
        <ele>1150.66</ele>
        <time>2026-08-01T19:49:17Z</time>
      </trkpt>
      <trkpt lat="49.06866" lon="-121.48006">
        <ele>1150.53</ele>
        <time>2026-08-01T19:49:21Z</time>
      </trkpt>
      <trkpt lat="49.06863" lon="-121.48006">
        <ele>1150.47</ele>
        <time>2026-08-01T19:49:28Z</time>
      </trkpt>
      <trkpt lat="49.0686" lon="-121.48005">
        <ele>1150.59</ele>
        <time>2026-08-01T19:49:38Z</time>
      </trkpt>
      <trkpt lat="49.06856" lon="-121.48004">
        <ele>1151.34</ele>
        <time>2026-08-01T19:49:48Z</time>
      </trkpt>
      <trkpt lat="49.06854" lon="-121.48">
        <ele>1151.54</ele>
        <time>2026-08-01T19:49:56Z</time>
      </trkpt>
      <trkpt lat="49.06855" lon="-121.47995">
        <ele>1151.88</ele>
        <time>2026-08-01T19:50:17Z</time>
      </trkpt>
      <trkpt lat="49.06853" lon="-121.47991">
        <ele>1152.67</ele>
        <time>2026-08-01T19:50:34Z</time>
      </trkpt>
      <trkpt lat="49.0685" lon="-121.47988">
        <ele>1153.44</ele>
        <time>2026-08-01T19:50:48Z</time>
      </trkpt>
      <trkpt lat="49.06847" lon="-121.47987">
        <ele>1153.97</ele>
        <time>2026-08-01T19:50:54Z</time>
      </trkpt>
      <trkpt lat="49.06843" lon="-121.47986">
        <ele>1154.61</ele>
        <time>2026-08-01T19:50:58Z</time>
      </trkpt>
      <trkpt lat="49.0684" lon="-121.47985">
        <ele>1155.08</ele>
        <time>2026-08-01T19:51:06Z</time>
      </trkpt>
      <trkpt lat="49.06837" lon="-121.47984">
        <ele>1155.51</ele>
        <time>2026-08-01T19:51:16Z</time>
      </trkpt>
      <trkpt lat="49.06835" lon="-121.47984">
        <ele>1155.78</ele>
        <time>2026-08-01T19:51:21Z</time>
      </trkpt>
      <trkpt lat="49.06832" lon="-121.47983">
        <ele>1156.42</ele>
        <time>2026-08-01T19:51:28Z</time>
      </trkpt>
      <trkpt lat="49.06829" lon="-121.47982">
        <ele>1157.4</ele>
        <time>2026-08-01T19:51:39Z</time>
      </trkpt>
      <trkpt lat="49.06826" lon="-121.47979">
        <ele>1158.45</ele>
        <time>2026-08-01T19:51:52Z</time>
      </trkpt>
      <trkpt lat="49.06824" lon="-121.47977">
        <ele>1159.19</ele>
        <time>2026-08-01T19:52:02Z</time>
      </trkpt>
      <trkpt lat="49.06821" lon="-121.47976">
        <ele>1160.26</ele>
        <time>2026-08-01T19:52:11Z</time>
      </trkpt>
      <trkpt lat="49.06818" lon="-121.47975">
        <ele>1161.35</ele>
        <time>2026-08-01T19:52:19Z</time>
      </trkpt>
      <trkpt lat="49.06814" lon="-121.47973">
        <ele>1162.9</ele>
        <time>2026-08-01T19:52:28Z</time>
      </trkpt>
      <trkpt lat="49.06811" lon="-121.47971">
        <ele>1164.32</ele>
        <time>2026-08-01T19:52:37Z</time>
      </trkpt>
      <trkpt lat="49.06808" lon="-121.4797">
        <ele>1165.66</ele>
        <time>2026-08-01T19:52:44Z</time>
      </trkpt>
      <trkpt lat="49.06806" lon="-121.47968">
        <ele>1166.9</ele>
        <time>2026-08-01T19:52:52Z</time>
      </trkpt>
      <trkpt lat="49.0681" lon="-121.47969">
        <ele>1165.16</ele>
        <time>2026-08-01T19:53:08Z</time>
      </trkpt>
      <trkpt lat="49.06813" lon="-121.47972">
        <ele>1163.37</ele>
        <time>2026-08-01T19:53:11Z</time>
      </trkpt>
      <trkpt lat="49.06814" lon="-121.47975">
        <ele>1162.75</ele>
        <time>2026-08-01T19:53:25Z</time>
      </trkpt>
      <trkpt lat="49.06813" lon="-121.47975">
        <ele>1163.1</ele>
        <time>2026-08-01T19:53:59Z</time>
      </trkpt>
      <trkpt lat="49.06814" lon="-121.47975">
        <ele>1162.75</ele>
        <time>2026-08-01T19:54:05Z</time>
      </trkpt>
      <trkpt lat="49.06813" lon="-121.47975">
        <ele>1163.1</ele>
        <time>2026-08-01T19:54:37Z</time>
      </trkpt>
      <trkpt lat="49.06812" lon="-121.47975">
        <ele>1163.45</ele>
        <time>2026-08-01T19:54:44Z</time>
      </trkpt>
      <trkpt lat="49.06808" lon="-121.47976">
        <ele>1164.75</ele>
        <time>2026-08-01T19:54:58Z</time>
      </trkpt>
      <trkpt lat="49.06803" lon="-121.47976">
        <ele>1166.57</ele>
        <time>2026-08-01T19:55:01Z</time>
      </trkpt>
      <trkpt lat="49.068" lon="-121.47972">
        <ele>1168.26</ele>
        <time>2026-08-01T19:55:07Z</time>
      </trkpt>
      <trkpt lat="49.06757" lon="-121.48018">
        <ele>1175.65</ele>
        <time>2026-08-01T19:55:39Z</time>
      </trkpt>
      <trkpt lat="49.06767" lon="-121.48002">
        <ele>1173.27</ele>
        <time>2026-08-01T19:55:40Z</time>
      </trkpt>
      <trkpt lat="49.06776" lon="-121.47987">
        <ele>1174.34</ele>
        <time>2026-08-01T19:55:41Z</time>
      </trkpt>
      <trkpt lat="49.06783" lon="-121.47977">
        <ele>1174.0</ele>
        <time>2026-08-01T19:55:42Z</time>
      </trkpt>
      <trkpt lat="49.0679" lon="-121.47965">
        <ele>1174.13</ele>
        <time>2026-08-01T19:55:44Z</time>
      </trkpt>
      <trkpt lat="49.06785" lon="-121.47965">
        <ele>1176.15</ele>
        <time>2026-08-01T19:56:06Z</time>
      </trkpt>
      <trkpt lat="49.06679" lon="-121.4807">
        <ele>1211.96</ele>
        <time>2026-08-01T19:56:15Z</time>
      </trkpt>
      <trkpt lat="49.06639" lon="-121.48129">
        <ele>1251.04</ele>
        <time>2026-08-01T19:56:37Z</time>
      </trkpt>
      <trkpt lat="49.06673" lon="-121.48095">
        <ele>1226.9</ele>
        <time>2026-08-01T19:56:38Z</time>
      </trkpt>
      <trkpt lat="49.06698" lon="-121.4807">
        <ele>1204.49</ele>
        <time>2026-08-01T19:56:39Z</time>
      </trkpt>
      <trkpt lat="49.06719" lon="-121.48048">
        <ele>1193.56</ele>
        <time>2026-08-01T19:56:40Z</time>
      </trkpt>
      <trkpt lat="49.06784" lon="-121.47984">
        <ele>1172.28</ele>
        <time>2026-08-01T19:56:53Z</time>
      </trkpt>
      <trkpt lat="49.06792" lon="-121.47976">
        <ele>1170.76</ele>
        <time>2026-08-01T19:56:54Z</time>
      </trkpt>
      <trkpt lat="49.06797" lon="-121.47972">
        <ele>1169.45</ele>
        <time>2026-08-01T19:56:55Z</time>
      </trkpt>
      <trkpt lat="49.068" lon="-121.47969">
        <ele>1169.04</ele>
        <time>2026-08-01T19:56:56Z</time>
      </trkpt>
      <trkpt lat="49.06806" lon="-121.47963">
        <ele>1168.15</ele>
        <time>2026-08-01T19:56:59Z</time>
      </trkpt>
      <trkpt lat="49.06801" lon="-121.47966">
        <ele>1169.41</ele>
        <time>2026-08-01T19:57:01Z</time>
      </trkpt>
      <trkpt lat="49.06795" lon="-121.47969">
        <ele>1171.04</ele>
        <time>2026-08-01T19:57:03Z</time>
      </trkpt>
      <trkpt lat="49.06789" lon="-121.47971">
        <ele>1172.89</ele>
        <time>2026-08-01T19:57:05Z</time>
      </trkpt>
      <trkpt lat="49.06791" lon="-121.47972">
        <ele>1171.82</ele>
        <time>2026-08-01T19:57:13Z</time>
      </trkpt>
      <trkpt lat="49.06788" lon="-121.47969">
        <ele>1173.84</ele>
        <time>2026-08-01T19:57:22Z</time>
      </trkpt>
      <trkpt lat="49.06785" lon="-121.47969">
        <ele>1175.04</ele>
        <time>2026-08-01T19:57:27Z</time>
      </trkpt>
      <trkpt lat="49.06782" lon="-121.4797">
        <ele>1175.96</ele>
        <time>2026-08-01T19:57:32Z</time>
      </trkpt>
      <trkpt lat="49.06779" lon="-121.47972">
        <ele>1176.58</ele>
        <time>2026-08-01T19:57:38Z</time>
      </trkpt>
      <trkpt lat="49.0678" lon="-121.47973">
        <ele>1175.96</ele>
        <time>2026-08-01T19:58:13Z</time>
      </trkpt>
      <trkpt lat="49.06777" lon="-121.47971">
        <ele>1177.66</ele>
        <time>2026-08-01T19:58:20Z</time>
      </trkpt>
      <trkpt lat="49.06774" lon="-121.47971">
        <ele>1178.86</ele>
        <time>2026-08-01T19:58:26Z</time>
      </trkpt>
      <trkpt lat="49.0677" lon="-121.47971">
        <ele>1180.46</ele>
        <time>2026-08-01T19:58:32Z</time>
      </trkpt>
      <trkpt lat="49.06768" lon="-121.47975">
        <ele>1180.1</ele>
        <time>2026-08-01T19:58:35Z</time>
      </trkpt>
      <trkpt lat="49.06766" lon="-121.47981">
        <ele>1179.1</ele>
        <time>2026-08-01T19:58:38Z</time>
      </trkpt>
      <trkpt lat="49.06765" lon="-121.47983">
        <ele>1178.84</ele>
        <time>2026-08-01T19:58:41Z</time>
      </trkpt>
      <trkpt lat="49.06762" lon="-121.47981">
        <ele>1180.45</ele>
        <time>2026-08-01T19:58:51Z</time>
      </trkpt>
      <trkpt lat="49.06758" lon="-121.4798">
        <ele>1182.16</ele>
        <time>2026-08-01T19:58:59Z</time>
      </trkpt>
      <trkpt lat="49.06756" lon="-121.47976">
        <ele>1184.27</ele>
        <time>2026-08-01T19:59:05Z</time>
      </trkpt>
      <trkpt lat="49.06753" lon="-121.47973">
        <ele>1186.52</ele>
        <time>2026-08-01T19:59:12Z</time>
      </trkpt>
      <trkpt lat="49.06752" lon="-121.47977">
        <ele>1185.38</ele>
        <time>2026-08-01T19:59:18Z</time>
      </trkpt>
      <trkpt lat="49.06748" lon="-121.47975">
        <ele>1187.51</ele>
        <time>2026-08-01T19:59:31Z</time>
      </trkpt>
      <trkpt lat="49.06747" lon="-121.47973">
        <ele>1188.57</ele>
        <time>2026-08-01T19:59:37Z</time>
      </trkpt>
      <trkpt lat="49.06744" lon="-121.47971">
        <ele>1190.15</ele>
        <time>2026-08-01T19:59:45Z</time>
      </trkpt>
      <trkpt lat="49.06741" lon="-121.47975">
        <ele>1189.65</ele>
        <time>2026-08-01T19:59:52Z</time>
      </trkpt>
      <trkpt lat="49.06738" lon="-121.47978">
        <ele>1189.62</ele>
        <time>2026-08-01T19:59:59Z</time>
      </trkpt>
      <trkpt lat="49.06735" lon="-121.47977">
        <ele>1190.89</ele>
        <time>2026-08-01T20:00:09Z</time>
      </trkpt>
      <trkpt lat="49.06732" lon="-121.47978">
        <ele>1191.57</ele>
        <time>2026-08-01T20:00:21Z</time>
      </trkpt>
      <trkpt lat="49.06729" lon="-121.47978">
        <ele>1192.55</ele>
        <time>2026-08-01T20:00:26Z</time>
      </trkpt>
      <trkpt lat="49.06726" lon="-121.47977">
        <ele>1193.76</ele>
        <time>2026-08-01T20:00:30Z</time>
      </trkpt>
      <trkpt lat="49.06726" lon="-121.47972">
        <ele>1194.98</ele>
        <time>2026-08-01T20:00:37Z</time>
      </trkpt>
      <trkpt lat="49.06723" lon="-121.47969">
        <ele>1196.71</ele>
        <time>2026-08-01T20:00:47Z</time>
      </trkpt>
      <trkpt lat="49.0672" lon="-121.47971">
        <ele>1196.84</ele>
        <time>2026-08-01T20:00:56Z</time>
      </trkpt>
      <trkpt lat="49.06717" lon="-121.4797">
        <ele>1197.78</ele>
        <time>2026-08-01T20:01:03Z</time>
      </trkpt>
      <trkpt lat="49.06716" lon="-121.47965">
        <ele>1199.48</ele>
        <time>2026-08-01T20:01:12Z</time>
      </trkpt>
      <trkpt lat="49.06717" lon="-121.47961">
        <ele>1200.44</ele>
        <time>2026-08-01T20:01:19Z</time>
      </trkpt>
      <trkpt lat="49.0672" lon="-121.47958">
        <ele>1200.62</ele>
        <time>2026-08-01T20:01:21Z</time>
      </trkpt>
      <trkpt lat="49.06721" lon="-121.47952">
        <ele>1202.12</ele>
        <time>2026-08-01T20:01:25Z</time>
      </trkpt>
      <trkpt lat="49.0672" lon="-121.47947">
        <ele>1203.82</ele>
        <time>2026-08-01T20:01:29Z</time>
      </trkpt>
      <trkpt lat="49.0672" lon="-121.47941">
        <ele>1205.82</ele>
        <time>2026-08-01T20:01:35Z</time>
      </trkpt>
      <trkpt lat="49.06717" lon="-121.47939">
        <ele>1207.35</ele>
        <time>2026-08-01T20:01:39Z</time>
      </trkpt>
      <trkpt lat="49.06715" lon="-121.47936">
        <ele>1209.02</ele>
        <time>2026-08-01T20:01:45Z</time>
      </trkpt>
      <trkpt lat="49.06711" lon="-121.47938">
        <ele>1209.34</ele>
        <time>2026-08-01T20:01:52Z</time>
      </trkpt>
      <trkpt lat="49.06713" lon="-121.47937">
        <ele>1209.18</ele>
        <time>2026-08-01T20:02:06Z</time>
      </trkpt>
      <trkpt lat="49.06711" lon="-121.47933">
        <ele>1211.28</ele>
        <time>2026-08-01T20:02:10Z</time>
      </trkpt>
      <trkpt lat="49.06709" lon="-121.47929">
        <ele>1213.42</ele>
        <time>2026-08-01T20:02:13Z</time>
      </trkpt>
      <trkpt lat="49.0671" lon="-121.47926">
        <ele>1214.3</ele>
        <time>2026-08-01T20:02:16Z</time>
      </trkpt>
      <trkpt lat="49.06711" lon="-121.47922">
        <ele>1215.56</ele>
        <time>2026-08-01T20:02:25Z</time>
      </trkpt>
      <trkpt lat="49.0671" lon="-121.47926">
        <ele>1214.3</ele>
        <time>2026-08-01T20:03:01Z</time>
      </trkpt>
      <trkpt lat="49.06708" lon="-121.47924">
        <ele>1215.7</ele>
        <time>2026-08-01T20:03:13Z</time>
      </trkpt>
      <trkpt lat="49.06706" lon="-121.47921">
        <ele>1217.51</ele>
        <time>2026-08-01T20:03:21Z</time>
      </trkpt>
      <trkpt lat="49.06707" lon="-121.47926">
        <ele>1215.2</ele>
        <time>2026-08-01T20:03:31Z</time>
      </trkpt>
      <trkpt lat="49.06705" lon="-121.4792">
        <ele>1218.23</ele>
        <time>2026-08-01T20:03:37Z</time>
      </trkpt>
      <trkpt lat="49.06703" lon="-121.47915">
        <ele>1220.7</ele>
        <time>2026-08-01T20:03:40Z</time>
      </trkpt>
      <trkpt lat="49.06701" lon="-121.47911">
        <ele>1222.45</ele>
        <time>2026-08-01T20:03:44Z</time>
      </trkpt>
      <trkpt lat="49.06697" lon="-121.47911">
        <ele>1223.66</ele>
        <time>2026-08-01T20:03:50Z</time>
      </trkpt>
      <trkpt lat="49.06695" lon="-121.47914">
        <ele>1223.5</ele>
        <time>2026-08-01T20:03:55Z</time>
      </trkpt>
      <trkpt lat="49.06692" lon="-121.47914">
        <ele>1224.29</ele>
        <time>2026-08-01T20:04:02Z</time>
      </trkpt>
      <trkpt lat="49.06689" lon="-121.47914">
        <ele>1225.04</ele>
        <time>2026-08-01T20:04:09Z</time>
      </trkpt>
      <trkpt lat="49.06686" lon="-121.47911">
        <ele>1226.56</ele>
        <time>2026-08-01T20:04:17Z</time>
      </trkpt>
      <trkpt lat="49.06683" lon="-121.47908">
        <ele>1228.07</ele>
        <time>2026-08-01T20:04:23Z</time>
      </trkpt>
      <trkpt lat="49.0668" lon="-121.47907">
        <ele>1229.08</ele>
        <time>2026-08-01T20:04:30Z</time>
      </trkpt>
      <trkpt lat="49.06683" lon="-121.47905">
        <ele>1228.82</ele>
        <time>2026-08-01T20:04:38Z</time>
      </trkpt>
      <trkpt lat="49.06685" lon="-121.47905">
        <ele>1228.32</ele>
        <time>2026-08-01T20:04:46Z</time>
      </trkpt>
      <trkpt lat="49.06683" lon="-121.47905">
        <ele>1228.82</ele>
        <time>2026-08-01T20:05:06Z</time>
      </trkpt>
      <trkpt lat="49.06679" lon="-121.47908">
        <ele>1229.08</ele>
        <time>2026-08-01T20:05:09Z</time>
      </trkpt>
      <trkpt lat="49.06676" lon="-121.4791">
        <ele>1229.33</ele>
        <time>2026-08-01T20:05:14Z</time>
      </trkpt>
      <trkpt lat="49.06672" lon="-121.4791">
        <ele>1230.34</ele>
        <time>2026-08-01T20:05:19Z</time>
      </trkpt>
      <trkpt lat="49.06669" lon="-121.47911">
        <ele>1230.84</ele>
        <time>2026-08-01T20:05:24Z</time>
      </trkpt>
      <trkpt lat="49.06666" lon="-121.47912">
        <ele>1231.4</ele>
        <time>2026-08-01T20:05:29Z</time>
      </trkpt>
      <trkpt lat="49.06663" lon="-121.47915">
        <ele>1231.62</ele>
        <time>2026-08-01T20:05:35Z</time>
      </trkpt>
      <trkpt lat="49.06659" lon="-121.47915">
        <ele>1232.92</ele>
        <time>2026-08-01T20:05:41Z</time>
      </trkpt>
      <trkpt lat="49.06656" lon="-121.47915">
        <ele>1233.9</ele>
        <time>2026-08-01T20:05:48Z</time>
      </trkpt>
      <trkpt lat="49.06653" lon="-121.47915">
        <ele>1234.88</ele>
        <time>2026-08-01T20:05:56Z</time>
      </trkpt>
      <trkpt lat="49.0665" lon="-121.47914">
        <ele>1236.13</ele>
        <time>2026-08-01T20:06:10Z</time>
      </trkpt>
      <trkpt lat="49.06647" lon="-121.47914">
        <ele>1237.11</ele>
        <time>2026-08-01T20:06:15Z</time>
      </trkpt>
      <trkpt lat="49.06643" lon="-121.47912">
        <ele>1238.99</ele>
        <time>2026-08-01T20:06:20Z</time>
      </trkpt>
      <trkpt lat="49.0664" lon="-121.47911">
        <ele>1240.26</ele>
        <time>2026-08-01T20:06:27Z</time>
      </trkpt>
      <trkpt lat="49.06637" lon="-121.4791">
        <ele>1240.94</ele>
        <time>2026-08-01T20:06:32Z</time>
      </trkpt>
      <trkpt lat="49.06634" lon="-121.4791">
        <ele>1240.96</ele>
        <time>2026-08-01T20:06:37Z</time>
      </trkpt>
      <trkpt lat="49.0663" lon="-121.47909">
        <ele>1241.3</ele>
        <time>2026-08-01T20:06:45Z</time>
      </trkpt>
      <trkpt lat="49.06627" lon="-121.47909">
        <ele>1241.33</ele>
        <time>2026-08-01T20:06:54Z</time>
      </trkpt>
      <trkpt lat="49.06624" lon="-121.47909">
        <ele>1241.36</ele>
        <time>2026-08-01T20:07:01Z</time>
      </trkpt>
      <trkpt lat="49.0662" lon="-121.47908">
        <ele>1241.71</ele>
        <time>2026-08-01T20:07:06Z</time>
      </trkpt>
      <trkpt lat="49.06617" lon="-121.47908">
        <ele>1241.74</ele>
        <time>2026-08-01T20:07:11Z</time>
      </trkpt>
      <trkpt lat="49.06613" lon="-121.47907">
        <ele>1242.11</ele>
        <time>2026-08-01T20:07:16Z</time>
      </trkpt>
      <trkpt lat="49.0661" lon="-121.47908">
        <ele>1241.78</ele>
        <time>2026-08-01T20:07:22Z</time>
      </trkpt>
      <trkpt lat="49.06606" lon="-121.47908">
        <ele>1241.68</ele>
        <time>2026-08-01T20:07:29Z</time>
      </trkpt>
      <trkpt lat="49.06603" lon="-121.47908">
        <ele>1241.61</ele>
        <time>2026-08-01T20:07:36Z</time>
      </trkpt>
      <trkpt lat="49.066" lon="-121.47908">
        <ele>1241.53</ele>
        <time>2026-08-01T20:07:43Z</time>
      </trkpt>
      <trkpt lat="49.06597" lon="-121.47908">
        <ele>1241.46</ele>
        <time>2026-08-01T20:07:49Z</time>
      </trkpt>
      <trkpt lat="49.06593" lon="-121.47909">
        <ele>1241.01</ele>
        <time>2026-08-01T20:07:55Z</time>
      </trkpt>
      <trkpt lat="49.0659" lon="-121.47909">
        <ele>1240.93</ele>
        <time>2026-08-01T20:08:00Z</time>
      </trkpt>
      <trkpt lat="49.06587" lon="-121.4791">
        <ele>1240.5</ele>
        <time>2026-08-01T20:08:05Z</time>
      </trkpt>
      <trkpt lat="49.06583" lon="-121.4791">
        <ele>1240.41</ele>
        <time>2026-08-01T20:08:11Z</time>
      </trkpt>
      <trkpt lat="49.0658" lon="-121.4791">
        <ele>1240.46</ele>
        <time>2026-08-01T20:08:17Z</time>
      </trkpt>
      <trkpt lat="49.06577" lon="-121.4791">
        <ele>1240.52</ele>
        <time>2026-08-01T20:08:23Z</time>
      </trkpt>
      <trkpt lat="49.06574" lon="-121.47909">
        <ele>1240.91</ele>
        <time>2026-08-01T20:08:36Z</time>
      </trkpt>
      <trkpt lat="49.06571" lon="-121.47909">
        <ele>1240.96</ele>
        <time>2026-08-01T20:08:43Z</time>
      </trkpt>
      <trkpt lat="49.06568" lon="-121.47905">
        <ele>1242.29</ele>
        <time>2026-08-01T20:08:52Z</time>
      </trkpt>
      <trkpt lat="49.06565" lon="-121.47903">
        <ele>1242.93</ele>
        <time>2026-08-01T20:08:57Z</time>
      </trkpt>
      <trkpt lat="49.06562" lon="-121.47901">
        <ele>1243.54</ele>
        <time>2026-08-01T20:09:02Z</time>
      </trkpt>
      <trkpt lat="49.0656" lon="-121.47899">
        <ele>1244.13</ele>
        <time>2026-08-01T20:09:10Z</time>
      </trkpt>
      <trkpt lat="49.0656" lon="-121.47895">
        <ele>1245.33</ele>
        <time>2026-08-01T20:09:30Z</time>
      </trkpt>
      <trkpt lat="49.06557" lon="-121.47893">
        <ele>1245.85</ele>
        <time>2026-08-01T20:09:41Z</time>
      </trkpt>
      <trkpt lat="49.06554" lon="-121.47895">
        <ele>1245.23</ele>
        <time>2026-08-01T20:09:47Z</time>
      </trkpt>
      <trkpt lat="49.06551" lon="-121.47893">
        <ele>1245.75</ele>
        <time>2026-08-01T20:09:52Z</time>
      </trkpt>
      <trkpt lat="49.06548" lon="-121.4789">
        <ele>1246.45</ele>
        <time>2026-08-01T20:09:57Z</time>
      </trkpt>
      <trkpt lat="49.06545" lon="-121.4789">
        <ele>1246.36</ele>
        <time>2026-08-01T20:10:03Z</time>
      </trkpt>
      <trkpt lat="49.06544" lon="-121.47886">
        <ele>1247.54</ele>
        <time>2026-08-01T20:10:06Z</time>
      </trkpt>
      <trkpt lat="49.06547" lon="-121.47886">
        <ele>1247.67</ele>
        <time>2026-08-01T20:10:16Z</time>
      </trkpt>
      <trkpt lat="49.06545" lon="-121.47883">
        <ele>1248.58</ele>
        <time>2026-08-01T20:10:25Z</time>
      </trkpt>
      <trkpt lat="49.06543" lon="-121.4788">
        <ele>1249.46</ele>
        <time>2026-08-01T20:10:30Z</time>
      </trkpt>
      <trkpt lat="49.06541" lon="-121.47875">
        <ele>1250.95</ele>
        <time>2026-08-01T20:10:41Z</time>
      </trkpt>
      <trkpt lat="49.0654" lon="-121.47872">
        <ele>1251.84</ele>
        <time>2026-08-01T20:10:49Z</time>
      </trkpt>
      <trkpt lat="49.06539" lon="-121.47869">
        <ele>1252.71</ele>
        <time>2026-08-01T20:11:02Z</time>
      </trkpt>
      <trkpt lat="49.06538" lon="-121.47873">
        <ele>1251.36</ele>
        <time>2026-08-01T20:11:14Z</time>
      </trkpt>
      <trkpt lat="49.06537" lon="-121.47878">
        <ele>1249.73</ele>
        <time>2026-08-01T20:11:26Z</time>
      </trkpt>
      <trkpt lat="49.06535" lon="-121.47876">
        <ele>1250.21</ele>
        <time>2026-08-01T20:11:34Z</time>
      </trkpt>
      <trkpt lat="49.06532" lon="-121.47879">
        <ele>1249.11</ele>
        <time>2026-08-01T20:11:47Z</time>
      </trkpt>
      <trkpt lat="49.06529" lon="-121.47879">
        <ele>1248.92</ele>
        <time>2026-08-01T20:11:56Z</time>
      </trkpt>
      <trkpt lat="49.06525" lon="-121.4788">
        <ele>1248.89</ele>
        <time>2026-08-01T20:11:59Z</time>
      </trkpt>
      <trkpt lat="49.06522" lon="-121.4788">
        <ele>1249.25</ele>
        <time>2026-08-01T20:12:02Z</time>
      </trkpt>
      <trkpt lat="49.06519" lon="-121.47881">
        <ele>1249.31</ele>
        <time>2026-08-01T20:12:07Z</time>
      </trkpt>
      <trkpt lat="49.06515" lon="-121.47882">
        <ele>1249.48</ele>
        <time>2026-08-01T20:12:19Z</time>
      </trkpt>
      <trkpt lat="49.06512" lon="-121.47881">
        <ele>1250.14</ele>
        <time>2026-08-01T20:12:25Z</time>
      </trkpt>
      <trkpt lat="49.06509" lon="-121.47878">
        <ele>1251.43</ele>
        <time>2026-08-01T20:12:30Z</time>
      </trkpt>
      <trkpt lat="49.06506" lon="-121.47877">
        <ele>1252.11</ele>
        <time>2026-08-01T20:12:38Z</time>
      </trkpt>
      <trkpt lat="49.06503" lon="-121.47874">
        <ele>1253.44</ele>
        <time>2026-08-01T20:12:44Z</time>
      </trkpt>
      <trkpt lat="49.06499" lon="-121.47874">
        <ele>1253.86</ele>
        <time>2026-08-01T20:12:50Z</time>
      </trkpt>
      <trkpt lat="49.06495" lon="-121.47874">
        <ele>1253.99</ele>
        <time>2026-08-01T20:12:56Z</time>
      </trkpt>
      <trkpt lat="49.06492" lon="-121.47873">
        <ele>1254.39</ele>
        <time>2026-08-01T20:13:02Z</time>
      </trkpt>
      <trkpt lat="49.06489" lon="-121.47871">
        <ele>1255.08</ele>
        <time>2026-08-01T20:13:09Z</time>
      </trkpt>
      <trkpt lat="49.06486" lon="-121.47871">
        <ele>1255.15</ele>
        <time>2026-08-01T20:13:15Z</time>
      </trkpt>
      <trkpt lat="49.06482" lon="-121.4787">
        <ele>1255.53</ele>
        <time>2026-08-01T20:13:21Z</time>
      </trkpt>
      <trkpt lat="49.06479" lon="-121.47868">
        <ele>1256.14</ele>
        <time>2026-08-01T20:13:27Z</time>
      </trkpt>
      <trkpt lat="49.06476" lon="-121.47867">
        <ele>1256.46</ele>
        <time>2026-08-01T20:13:33Z</time>
      </trkpt>
      <trkpt lat="49.06472" lon="-121.47867">
        <ele>1256.58</ele>
        <time>2026-08-01T20:13:48Z</time>
      </trkpt>
      <trkpt lat="49.0647" lon="-121.47871">
        <ele>1256.11</ele>
        <time>2026-08-01T20:14:17Z</time>
      </trkpt>
      <trkpt lat="49.0647" lon="-121.47876">
        <ele>1254.8</ele>
        <time>2026-08-01T20:14:21Z</time>
      </trkpt>
      <trkpt lat="49.0647" lon="-121.4788">
        <ele>1253.74</ele>
        <time>2026-08-01T20:14:34Z</time>
      </trkpt>
      <trkpt lat="49.06467" lon="-121.47879">
        <ele>1254.7</ele>
        <time>2026-08-01T20:15:04Z</time>
      </trkpt>
      <trkpt lat="49.06464" lon="-121.4788">
        <ele>1255.1</ele>
        <time>2026-08-01T20:15:18Z</time>
      </trkpt>
      <trkpt lat="49.06461" lon="-121.47882">
        <ele>1255.16</ele>
        <time>2026-08-01T20:15:29Z</time>
      </trkpt>
      <trkpt lat="49.06458" lon="-121.47885">
        <ele>1254.83</ele>
        <time>2026-08-01T20:15:35Z</time>
      </trkpt>
      <trkpt lat="49.06456" lon="-121.47889">
        <ele>1253.9</ele>
        <time>2026-08-01T20:15:38Z</time>
      </trkpt>
      <trkpt lat="49.06452" lon="-121.47887">
        <ele>1255.31</ele>
        <time>2026-08-01T20:15:48Z</time>
      </trkpt>
      <trkpt lat="49.0645" lon="-121.47888">
        <ele>1255.33</ele>
        <time>2026-08-01T20:16:25Z</time>
      </trkpt>
      <trkpt lat="49.0645" lon="-121.47889">
        <ele>1254.97</ele>
        <time>2026-08-01T20:16:34Z</time>
      </trkpt>
      <trkpt lat="49.06449" lon="-121.4789">
        <ele>1254.91</ele>
        <time>2026-08-01T20:16:48Z</time>
      </trkpt>
      <trkpt lat="49.06445" lon="-121.4789">
        <ele>1255.62</ele>
        <time>2026-08-01T20:17:16Z</time>
      </trkpt>
      <trkpt lat="49.06441" lon="-121.47891">
        <ele>1256.1</ele>
        <time>2026-08-01T20:17:18Z</time>
      </trkpt>
      <trkpt lat="49.06438" lon="-121.47892">
        <ele>1256.4</ele>
        <time>2026-08-01T20:17:21Z</time>
      </trkpt>
      <trkpt lat="49.06434" lon="-121.47893">
        <ele>1256.9</ele>
        <time>2026-08-01T20:17:25Z</time>
      </trkpt>
      <trkpt lat="49.06433" lon="-121.47898">
        <ele>1255.9</ele>
        <time>2026-08-01T20:17:28Z</time>
      </trkpt>
      <trkpt lat="49.06432" lon="-121.47903">
        <ele>1254.91</ele>
        <time>2026-08-01T20:17:30Z</time>
      </trkpt>
      <trkpt lat="49.06431" lon="-121.47908">
        <ele>1253.94</ele>
        <time>2026-08-01T20:17:34Z</time>
      </trkpt>
      <trkpt lat="49.06428" lon="-121.47911">
        <ele>1253.86</ele>
        <time>2026-08-01T20:17:39Z</time>
      </trkpt>
      <trkpt lat="49.06425" lon="-121.47914">
        <ele>1253.8</ele>
        <time>2026-08-01T20:17:44Z</time>
      </trkpt>
      <trkpt lat="49.06423" lon="-121.47918">
        <ele>1253.51</ele>
        <time>2026-08-01T20:17:49Z</time>
      </trkpt>
      <trkpt lat="49.06421" lon="-121.47921">
        <ele>1253.64</ele>
        <time>2026-08-01T20:17:54Z</time>
      </trkpt>
      <trkpt lat="49.06418" lon="-121.47924">
        <ele>1253.95</ele>
        <time>2026-08-01T20:18:01Z</time>
      </trkpt>
      <trkpt lat="49.06415" lon="-121.47925">
        <ele>1254.32</ele>
        <time>2026-08-01T20:18:07Z</time>
      </trkpt>
      <trkpt lat="49.06411" lon="-121.47927">
        <ele>1254.62</ele>
        <time>2026-08-01T20:18:13Z</time>
      </trkpt>
      <trkpt lat="49.06408" lon="-121.47929">
        <ele>1254.78</ele>
        <time>2026-08-01T20:18:18Z</time>
      </trkpt>
      <trkpt lat="49.06405" lon="-121.4793">
        <ele>1255.04</ele>
        <time>2026-08-01T20:18:24Z</time>
      </trkpt>
      <trkpt lat="49.06402" lon="-121.47931">
        <ele>1255.29</ele>
        <time>2026-08-01T20:18:29Z</time>
      </trkpt>
      <trkpt lat="49.06398" lon="-121.47932">
        <ele>1255.66</ele>
        <time>2026-08-01T20:18:34Z</time>
      </trkpt>
      <trkpt lat="49.06394" lon="-121.47934">
        <ele>1255.88</ele>
        <time>2026-08-01T20:18:39Z</time>
      </trkpt>
      <trkpt lat="49.06391" lon="-121.47934">
        <ele>1256.25</ele>
        <time>2026-08-01T20:18:43Z</time>
      </trkpt>
      <trkpt lat="49.06388" lon="-121.47935">
        <ele>1256.69</ele>
        <time>2026-08-01T20:18:48Z</time>
      </trkpt>
      <trkpt lat="49.06384" lon="-121.47936">
        <ele>1258.03</ele>
        <time>2026-08-01T20:18:53Z</time>
      </trkpt>
      <trkpt lat="49.0638" lon="-121.47937">
        <ele>1259.36</ele>
        <time>2026-08-01T20:18:58Z</time>
      </trkpt>
      <trkpt lat="49.06377" lon="-121.47938">
        <ele>1260.31</ele>
        <time>2026-08-01T20:19:03Z</time>
      </trkpt>
      <trkpt lat="49.06373" lon="-121.47938">
        <ele>1261.78</ele>
        <time>2026-08-01T20:19:09Z</time>
      </trkpt>
      <trkpt lat="49.0637" lon="-121.47939">
        <ele>1262.72</ele>
        <time>2026-08-01T20:19:15Z</time>
      </trkpt>
      <trkpt lat="49.06367" lon="-121.47939">
        <ele>1263.82</ele>
        <time>2026-08-01T20:19:21Z</time>
      </trkpt>
      <trkpt lat="49.06363" lon="-121.47939">
        <ele>1265.29</ele>
        <time>2026-08-01T20:19:27Z</time>
      </trkpt>
      <trkpt lat="49.06359" lon="-121.47935">
        <ele>1267.71</ele>
        <time>2026-08-01T20:19:33Z</time>
      </trkpt>
      <trkpt lat="49.06356" lon="-121.47931">
        <ele>1269.9</ele>
        <time>2026-08-01T20:19:36Z</time>
      </trkpt>
      <trkpt lat="49.06353" lon="-121.47931">
        <ele>1271.36</ele>
        <time>2026-08-01T20:19:39Z</time>
      </trkpt>
      <trkpt lat="49.06349" lon="-121.47933">
        <ele>1272.91</ele>
        <time>2026-08-01T20:19:45Z</time>
      </trkpt>
      <trkpt lat="49.06347" lon="-121.47935">
        <ele>1273.48</ele>
        <time>2026-08-01T20:19:53Z</time>
      </trkpt>
      <trkpt lat="49.06343" lon="-121.47933">
        <ele>1275.8</ele>
        <time>2026-08-01T20:20:01Z</time>
      </trkpt>
      <trkpt lat="49.0634" lon="-121.47933">
        <ele>1277.25</ele>
        <time>2026-08-01T20:20:08Z</time>
      </trkpt>
      <trkpt lat="49.06337" lon="-121.47935">
        <ele>1278.28</ele>
        <time>2026-08-01T20:20:14Z</time>
      </trkpt>
      <trkpt lat="49.06333" lon="-121.47936">
        <ele>1279.91</ele>
        <time>2026-08-01T20:20:20Z</time>
      </trkpt>
      <trkpt lat="49.0633" lon="-121.47937">
        <ele>1280.48</ele>
        <time>2026-08-01T20:20:26Z</time>
      </trkpt>
      <trkpt lat="49.06327" lon="-121.47935">
        <ele>1281.71</ele>
        <time>2026-08-01T20:20:33Z</time>
      </trkpt>
      <trkpt lat="49.06325" lon="-121.47931">
        <ele>1283.15</ele>
        <time>2026-08-01T20:20:37Z</time>
      </trkpt>
      <trkpt lat="49.06323" lon="-121.47927">
        <ele>1284.61</ele>
        <time>2026-08-01T20:20:42Z</time>
      </trkpt>
      <trkpt lat="49.0632" lon="-121.47928">
        <ele>1285.2</ele>
        <time>2026-08-01T20:20:48Z</time>
      </trkpt>
      <trkpt lat="49.06317" lon="-121.47928">
        <ele>1286.02</ele>
        <time>2026-08-01T20:20:55Z</time>
      </trkpt>
      <trkpt lat="49.06317" lon="-121.47923">
        <ele>1287.2</ele>
        <time>2026-08-01T20:21:07Z</time>
      </trkpt>
      <trkpt lat="49.06314" lon="-121.4792">
        <ele>1288.76</ele>
        <time>2026-08-01T20:21:32Z</time>
      </trkpt>
      <trkpt lat="49.06312" lon="-121.47921">
        <ele>1289.09</ele>
        <time>2026-08-01T20:21:41Z</time>
      </trkpt>
      <trkpt lat="49.06314" lon="-121.47924">
        <ele>1287.8</ele>
        <time>2026-08-01T20:22:00Z</time>
      </trkpt>
      <trkpt lat="49.06312" lon="-121.4792">
        <ele>1289.33</ele>
        <time>2026-08-01T20:22:04Z</time>
      </trkpt>
      <trkpt lat="49.06311" lon="-121.47915">
        <ele>1290.61</ele>
        <time>2026-08-01T20:22:08Z</time>
      </trkpt>
      <trkpt lat="49.0631" lon="-121.4791">
        <ele>1291.39</ele>
        <time>2026-08-01T20:22:12Z</time>
      </trkpt>
      <trkpt lat="49.06306" lon="-121.47909">
        <ele>1292.45</ele>
        <time>2026-08-01T20:22:16Z</time>
      </trkpt>
      <trkpt lat="49.06303" lon="-121.47909">
        <ele>1292.49</ele>
        <time>2026-08-01T20:22:19Z</time>
      </trkpt>
      <trkpt lat="49.063" lon="-121.47908">
        <ele>1292.49</ele>
        <time>2026-08-01T20:22:26Z</time>
      </trkpt>
      <trkpt lat="49.06297" lon="-121.47906">
        <ele>1292.58</ele>
        <time>2026-08-01T20:22:30Z</time>
      </trkpt>
      <trkpt lat="49.06294" lon="-121.47905">
        <ele>1292.6</ele>
        <time>2026-08-01T20:22:37Z</time>
      </trkpt>
      <trkpt lat="49.06291" lon="-121.47903">
        <ele>1292.72</ele>
        <time>2026-08-01T20:22:52Z</time>
      </trkpt>
      <trkpt lat="49.06295" lon="-121.47903">
        <ele>1292.79</ele>
        <time>2026-08-01T20:23:02Z</time>
      </trkpt>
      <trkpt lat="49.06294" lon="-121.47901">
        <ele>1292.95</ele>
        <time>2026-08-01T20:23:16Z</time>
      </trkpt>
      <trkpt lat="49.06291" lon="-121.47899">
        <ele>1293.08</ele>
        <time>2026-08-01T20:23:23Z</time>
      </trkpt>
      <trkpt lat="49.06288" lon="-121.47899">
        <ele>1293.04</ele>
        <time>2026-08-01T20:23:28Z</time>
      </trkpt>
      <trkpt lat="49.06284" lon="-121.479">
        <ele>1292.89</ele>
        <time>2026-08-01T20:23:32Z</time>
      </trkpt>
      <trkpt lat="49.06279" lon="-121.47904">
        <ele>1292.39</ele>
        <time>2026-08-01T20:23:34Z</time>
      </trkpt>
      <trkpt lat="49.06276" lon="-121.47906">
        <ele>1291.56</ele>
        <time>2026-08-01T20:23:36Z</time>
      </trkpt>
      <trkpt lat="49.06273" lon="-121.47905">
        <ele>1290.68</ele>
        <time>2026-08-01T20:23:39Z</time>
      </trkpt>
      <trkpt lat="49.06269" lon="-121.47905">
        <ele>1289.37</ele>
        <time>2026-08-01T20:23:43Z</time>
      </trkpt>
      <trkpt lat="49.06267" lon="-121.47901">
        <ele>1289.25</ele>
        <time>2026-08-01T20:23:51Z</time>
      </trkpt>
      <trkpt lat="49.06264" lon="-121.47897">
        <ele>1288.87</ele>
        <time>2026-08-01T20:24:01Z</time>
      </trkpt>
      <trkpt lat="49.06261" lon="-121.47895">
        <ele>1288.24</ele>
        <time>2026-08-01T20:24:11Z</time>
      </trkpt>
      <trkpt lat="49.06258" lon="-121.47894">
        <ele>1287.49</ele>
        <time>2026-08-01T20:24:18Z</time>
      </trkpt>
      <trkpt lat="49.06254" lon="-121.47894">
        <ele>1286.28</ele>
        <time>2026-08-01T20:24:24Z</time>
      </trkpt>
      <trkpt lat="49.06251" lon="-121.47893">
        <ele>1285.56</ele>
        <time>2026-08-01T20:24:29Z</time>
      </trkpt>
      <trkpt lat="49.06248" lon="-121.47892">
        <ele>1285.34</ele>
        <time>2026-08-01T20:24:35Z</time>
      </trkpt>
      <trkpt lat="49.06245" lon="-121.47891">
        <ele>1285.4</ele>
        <time>2026-08-01T20:24:42Z</time>
      </trkpt>
      <trkpt lat="49.06246" lon="-121.47885">
        <ele>1286.94</ele>
        <time>2026-08-01T20:24:47Z</time>
      </trkpt>
      <trkpt lat="49.06245" lon="-121.4788">
        <ele>1288.26</ele>
        <time>2026-08-01T20:24:54Z</time>
      </trkpt>
      <trkpt lat="49.06243" lon="-121.47879">
        <ele>1288.42</ele>
        <time>2026-08-01T20:25:30Z</time>
      </trkpt>
      <trkpt lat="49.06247" lon="-121.4788">
        <ele>1288.38</ele>
        <time>2026-08-01T20:25:38Z</time>
      </trkpt>
      <trkpt lat="49.0625" lon="-121.4788">
        <ele>1288.56</ele>
        <time>2026-08-01T20:25:40Z</time>
      </trkpt>
      <trkpt lat="49.06248" lon="-121.47876">
        <ele>1289.57</ele>
        <time>2026-08-01T20:25:48Z</time>
      </trkpt>
      <trkpt lat="49.06247" lon="-121.47872">
        <ele>1290.62</ele>
        <time>2026-08-01T20:25:54Z</time>
      </trkpt>
      <trkpt lat="49.06246" lon="-121.47868">
        <ele>1291.66</ele>
        <time>2026-08-01T20:26:01Z</time>
      </trkpt>
      <trkpt lat="49.06246" lon="-121.47863">
        <ele>1293.04</ele>
        <time>2026-08-01T20:26:08Z</time>
      </trkpt>
      <trkpt lat="49.06248" lon="-121.47861">
        <ele>1293.82</ele>
        <time>2026-08-01T20:26:12Z</time>
      </trkpt>
      <trkpt lat="49.06246" lon="-121.47856">
        <ele>1295.07</ele>
        <time>2026-08-01T20:26:23Z</time>
      </trkpt>
      <trkpt lat="49.06248" lon="-121.47851">
        <ele>1296.72</ele>
        <time>2026-08-01T20:26:31Z</time>
      </trkpt>
      <trkpt lat="49.0625" lon="-121.47848">
        <ele>1297.78</ele>
        <time>2026-08-01T20:26:33Z</time>
      </trkpt>
      <trkpt lat="49.06253" lon="-121.47845">
        <ele>1298.9</ele>
        <time>2026-08-01T20:26:35Z</time>
      </trkpt>
      <trkpt lat="49.06257" lon="-121.47844">
        <ele>1299.53</ele>
        <time>2026-08-01T20:26:38Z</time>
      </trkpt>
      <trkpt lat="49.06259" lon="-121.47839">
        <ele>1301.08</ele>
        <time>2026-08-01T20:26:43Z</time>
      </trkpt>
      <trkpt lat="49.06257" lon="-121.47835">
        <ele>1302.04</ele>
        <time>2026-08-01T20:26:53Z</time>
      </trkpt>
      <trkpt lat="49.06257" lon="-121.47831">
        <ele>1303.18</ele>
        <time>2026-08-01T20:27:06Z</time>
      </trkpt>
      <trkpt lat="49.06259" lon="-121.47827">
        <ele>1304.4</ele>
        <time>2026-08-01T20:27:15Z</time>
      </trkpt>
      <trkpt lat="49.0626" lon="-121.47823">
        <ele>1305.53</ele>
        <time>2026-08-01T20:27:23Z</time>
      </trkpt>
      <trkpt lat="49.06262" lon="-121.47818">
        <ele>1306.88</ele>
        <time>2026-08-01T20:27:31Z</time>
      </trkpt>
      <trkpt lat="49.06262" lon="-121.47814">
        <ele>1307.93</ele>
        <time>2026-08-01T20:27:40Z</time>
      </trkpt>
      <trkpt lat="49.06259" lon="-121.4781">
        <ele>1309.12</ele>
        <time>2026-08-01T20:27:47Z</time>
      </trkpt>
      <trkpt lat="49.06257" lon="-121.47808">
        <ele>1309.79</ele>
        <time>2026-08-01T20:27:51Z</time>
      </trkpt>
      <trkpt lat="49.06255" lon="-121.47808">
        <ele>1309.91</ele>
        <time>2026-08-01T20:28:06Z</time>
      </trkpt>
      <trkpt lat="49.06253" lon="-121.47805">
        <ele>1311.0</ele>
        <time>2026-08-01T20:28:12Z</time>
      </trkpt>
      <trkpt lat="49.0625" lon="-121.47803">
        <ele>1312.01</ele>
        <time>2026-08-01T20:28:19Z</time>
      </trkpt>
      <trkpt lat="49.06247" lon="-121.47807">
        <ele>1310.83</ele>
        <time>2026-08-01T20:28:23Z</time>
      </trkpt>
      <trkpt lat="49.06244" lon="-121.47813">
        <ele>1308.95</ele>
        <time>2026-08-01T20:28:25Z</time>
      </trkpt>
      <trkpt lat="49.06246" lon="-121.47808">
        <ele>1310.58</ele>
        <time>2026-08-01T20:28:31Z</time>
      </trkpt>
      <trkpt lat="49.06243" lon="-121.47805">
        <ele>1311.97</ele>
        <time>2026-08-01T20:28:50Z</time>
      </trkpt>
      <trkpt lat="49.06238" lon="-121.47804">
        <ele>1312.86</ele>
        <time>2026-08-01T20:28:52Z</time>
      </trkpt>
      <trkpt lat="49.06235" lon="-121.47803">
        <ele>1313.53</ele>
        <time>2026-08-01T20:28:54Z</time>
      </trkpt>
      <trkpt lat="49.06233" lon="-121.47804">
        <ele>1313.38</ele>
        <time>2026-08-01T20:29:00Z</time>
      </trkpt>
      <trkpt lat="49.06234" lon="-121.47799">
        <ele>1315.05</ele>
        <time>2026-08-01T20:29:31Z</time>
      </trkpt>
      <trkpt lat="49.06234" lon="-121.47794">
        <ele>1316.82</ele>
        <time>2026-08-01T20:29:37Z</time>
      </trkpt>
      <trkpt lat="49.06231" lon="-121.47791">
        <ele>1318.1</ele>
        <time>2026-08-01T20:29:44Z</time>
      </trkpt>
      <trkpt lat="49.06227" lon="-121.4779">
        <ele>1318.72</ele>
        <time>2026-08-01T20:29:47Z</time>
      </trkpt>
      <trkpt lat="49.06224" lon="-121.4779">
        <ele>1318.92</ele>
        <time>2026-08-01T20:29:50Z</time>
      </trkpt>
      <trkpt lat="49.06222" lon="-121.47793">
        <ele>1318.06</ele>
        <time>2026-08-01T20:29:54Z</time>
      </trkpt>
      <trkpt lat="49.06219" lon="-121.47797">
        <ele>1316.62</ele>
        <time>2026-08-01T20:29:57Z</time>
      </trkpt>
      <trkpt lat="49.06216" lon="-121.47798">
        <ele>1316.16</ele>
        <time>2026-08-01T20:30:01Z</time>
      </trkpt>
      <trkpt lat="49.06212" lon="-121.478">
        <ele>1315.36</ele>
        <time>2026-08-01T20:30:05Z</time>
      </trkpt>
      <trkpt lat="49.06209" lon="-121.47803">
        <ele>1314.31</ele>
        <time>2026-08-01T20:30:09Z</time>
      </trkpt>
      <trkpt lat="49.06208" lon="-121.47797">
        <ele>1316.1</ele>
        <time>2026-08-01T20:30:17Z</time>
      </trkpt>
      <trkpt lat="49.06208" lon="-121.47792">
        <ele>1317.63</ele>
        <time>2026-08-01T20:30:21Z</time>
      </trkpt>
      <trkpt lat="49.06205" lon="-121.47791">
        <ele>1317.77</ele>
        <time>2026-08-01T20:30:25Z</time>
      </trkpt>
      <trkpt lat="49.06201" lon="-121.4779">
        <ele>1317.85</ele>
        <time>2026-08-01T20:30:29Z</time>
      </trkpt>
      <trkpt lat="49.06198" lon="-121.47792">
        <ele>1317.09</ele>
        <time>2026-08-01T20:30:34Z</time>
      </trkpt>
      <trkpt lat="49.06195" lon="-121.47792">
        <ele>1316.93</ele>
        <time>2026-08-01T20:30:39Z</time>
      </trkpt>
      <trkpt lat="49.06192" lon="-121.47792">
        <ele>1317.34</ele>
        <time>2026-08-01T20:30:43Z</time>
      </trkpt>
      <trkpt lat="49.06188" lon="-121.47791">
        <ele>1318.36</ele>
        <time>2026-08-01T20:30:47Z</time>
      </trkpt>
      <trkpt lat="49.06184" lon="-121.4779">
        <ele>1319.41</ele>
        <time>2026-08-01T20:30:51Z</time>
      </trkpt>
      <trkpt lat="49.06181" lon="-121.47789">
        <ele>1320.28</ele>
        <time>2026-08-01T20:30:56Z</time>
      </trkpt>
      <trkpt lat="49.06178" lon="-121.47793">
        <ele>1319.52</ele>
        <time>2026-08-01T20:31:23Z</time>
      </trkpt>
      <trkpt lat="49.06175" lon="-121.47796">
        <ele>1319.03</ele>
        <time>2026-08-01T20:31:28Z</time>
      </trkpt>
      <trkpt lat="49.06172" lon="-121.47799">
        <ele>1318.5</ele>
        <time>2026-08-01T20:31:39Z</time>
      </trkpt>
      <trkpt lat="49.06169" lon="-121.47801">
        <ele>1318.28</ele>
        <time>2026-08-01T20:31:49Z</time>
      </trkpt>
      <trkpt lat="49.06165" lon="-121.478">
        <ele>1319.13</ele>
        <time>2026-08-01T20:31:56Z</time>
      </trkpt>
      <trkpt lat="49.06161" lon="-121.478">
        <ele>1319.45</ele>
        <time>2026-08-01T20:31:59Z</time>
      </trkpt>
      <trkpt lat="49.06158" lon="-121.47799">
        <ele>1320.06</ele>
        <time>2026-08-01T20:32:02Z</time>
      </trkpt>
      <trkpt lat="49.06155" lon="-121.47798">
        <ele>1320.67</ele>
        <time>2026-08-01T20:32:06Z</time>
      </trkpt>
      <trkpt lat="49.06152" lon="-121.47795">
        <ele>1322.06</ele>
        <time>2026-08-01T20:32:10Z</time>
      </trkpt>
      <trkpt lat="49.0615" lon="-121.47793">
        <ele>1322.99</ele>
        <time>2026-08-01T20:32:14Z</time>
      </trkpt>
      <trkpt lat="49.06146" lon="-121.47793">
        <ele>1323.34</ele>
        <time>2026-08-01T20:32:21Z</time>
      </trkpt>
      <trkpt lat="49.06149" lon="-121.47791">
        <ele>1323.85</ele>
        <time>2026-08-01T20:32:26Z</time>
      </trkpt>
      <trkpt lat="49.06146" lon="-121.47788">
        <ele>1325.28</ele>
        <time>2026-08-01T20:32:30Z</time>
      </trkpt>
      <trkpt lat="49.06143" lon="-121.47785">
        <ele>1326.73</ele>
        <time>2026-08-01T20:32:34Z</time>
      </trkpt>
      <trkpt lat="49.0614" lon="-121.47781">
        <ele>1328.61</ele>
        <time>2026-08-01T20:32:39Z</time>
      </trkpt>
      <trkpt lat="49.06136" lon="-121.4778">
        <ele>1328.99</ele>
        <time>2026-08-01T20:32:43Z</time>
      </trkpt>
      <trkpt lat="49.06133" lon="-121.47779">
        <ele>1329.28</ele>
        <time>2026-08-01T20:32:48Z</time>
      </trkpt>
      <trkpt lat="49.06129" lon="-121.47779">
        <ele>1329.11</ele>
        <time>2026-08-01T20:32:52Z</time>
      </trkpt>
      <trkpt lat="49.06126" lon="-121.47778">
        <ele>1329.44</ele>
        <time>2026-08-01T20:32:58Z</time>
      </trkpt>
      <trkpt lat="49.06122" lon="-121.47777">
        <ele>1329.73</ele>
        <time>2026-08-01T20:33:03Z</time>
      </trkpt>
      <trkpt lat="49.06119" lon="-121.47776">
        <ele>1330.08</ele>
        <time>2026-08-01T20:33:08Z</time>
      </trkpt>
      <trkpt lat="49.06115" lon="-121.47775">
        <ele>1330.41</ele>
        <time>2026-08-01T20:33:13Z</time>
      </trkpt>
      <trkpt lat="49.06112" lon="-121.47777">
        <ele>1329.39</ele>
        <time>2026-08-01T20:33:17Z</time>
      </trkpt>
      <trkpt lat="49.06109" lon="-121.4778">
        <ele>1327.56</ele>
        <time>2026-08-01T20:33:19Z</time>
      </trkpt>
      <trkpt lat="49.06107" lon="-121.47782">
        <ele>1326.24</ele>
        <time>2026-08-01T20:33:21Z</time>
      </trkpt>
      <trkpt lat="49.06103" lon="-121.47785">
        <ele>1324.04</ele>
        <time>2026-08-01T20:33:24Z</time>
      </trkpt>
      <trkpt lat="49.061" lon="-121.47785">
        <ele>1323.55</ele>
        <time>2026-08-01T20:33:28Z</time>
      </trkpt>
      <trkpt lat="49.06097" lon="-121.47782">
        <ele>1324.69</ele>
        <time>2026-08-01T20:33:41Z</time>
      </trkpt>
      <trkpt lat="49.06094" lon="-121.4778">
        <ele>1325.32</ele>
        <time>2026-08-01T20:33:48Z</time>
      </trkpt>
      <trkpt lat="49.06091" lon="-121.47779">
        <ele>1325.42</ele>
        <time>2026-08-01T20:33:53Z</time>
      </trkpt>
      <trkpt lat="49.06087" lon="-121.47779">
        <ele>1324.84</ele>
        <time>2026-08-01T20:33:59Z</time>
      </trkpt>
      <trkpt lat="49.06083" lon="-121.47778">
        <ele>1324.9</ele>
        <time>2026-08-01T20:34:04Z</time>
      </trkpt>
      <trkpt lat="49.0608" lon="-121.47777">
        <ele>1325.7</ele>
        <time>2026-08-01T20:34:09Z</time>
      </trkpt>
      <trkpt lat="49.06076" lon="-121.47774">
        <ele>1327.7</ele>
        <time>2026-08-01T20:34:14Z</time>
      </trkpt>
      <trkpt lat="49.06073" lon="-121.47772">
        <ele>1328.97</ele>
        <time>2026-08-01T20:34:18Z</time>
      </trkpt>
      <trkpt lat="49.0607" lon="-121.47771">
        <ele>1329.64</ele>
        <time>2026-08-01T20:34:22Z</time>
      </trkpt>
      <trkpt lat="49.06067" lon="-121.47769">
        <ele>1330.8</ele>
        <time>2026-08-01T20:34:28Z</time>
      </trkpt>
      <trkpt lat="49.06064" lon="-121.47767">
        <ele>1331.91</ele>
        <time>2026-08-01T20:34:35Z</time>
      </trkpt>
      <trkpt lat="49.06061" lon="-121.47763">
        <ele>1333.94</ele>
        <time>2026-08-01T20:34:41Z</time>
      </trkpt>
      <trkpt lat="49.06059" lon="-121.4776">
        <ele>1335.39</ele>
        <time>2026-08-01T20:34:47Z</time>
      </trkpt>
      <trkpt lat="49.06056" lon="-121.47757">
        <ele>1336.74</ele>
        <time>2026-08-01T20:34:53Z</time>
      </trkpt>
      <trkpt lat="49.06054" lon="-121.47753">
        <ele>1338.44</ele>
        <time>2026-08-01T20:34:59Z</time>
      </trkpt>
      <trkpt lat="49.06051" lon="-121.47751">
        <ele>1339.05</ele>
        <time>2026-08-01T20:35:05Z</time>
      </trkpt>
      <trkpt lat="49.06048" lon="-121.47749">
        <ele>1339.59</ele>
        <time>2026-08-01T20:35:11Z</time>
      </trkpt>
      <trkpt lat="49.06045" lon="-121.47746">
        <ele>1340.42</ele>
        <time>2026-08-01T20:35:18Z</time>
      </trkpt>
      <trkpt lat="49.06042" lon="-121.47744">
        <ele>1340.81</ele>
        <time>2026-08-01T20:35:25Z</time>
      </trkpt>
      <trkpt lat="49.06039" lon="-121.47743">
        <ele>1340.79</ele>
        <time>2026-08-01T20:35:31Z</time>
      </trkpt>
      <trkpt lat="49.06035" lon="-121.47741">
        <ele>1340.95</ele>
        <time>2026-08-01T20:35:39Z</time>
      </trkpt>
      <trkpt lat="49.06037" lon="-121.47746">
        <ele>1339.44</ele>
        <time>2026-08-01T20:35:44Z</time>
      </trkpt>
      <trkpt lat="49.06034" lon="-121.47747">
        <ele>1338.72</ele>
        <time>2026-08-01T20:35:55Z</time>
      </trkpt>
      <trkpt lat="49.06032" lon="-121.47744">
        <ele>1339.5</ele>
        <time>2026-08-01T20:36:02Z</time>
      </trkpt>
      <trkpt lat="49.06029" lon="-121.47741">
        <ele>1340.09</ele>
        <time>2026-08-01T20:36:06Z</time>
      </trkpt>
      <trkpt lat="49.06026" lon="-121.47739">
        <ele>1340.27</ele>
        <time>2026-08-01T20:36:10Z</time>
      </trkpt>
      <trkpt lat="49.06022" lon="-121.47739">
        <ele>1339.61</ele>
        <time>2026-08-01T20:36:14Z</time>
      </trkpt>
      <trkpt lat="49.06018" lon="-121.47739">
        <ele>1338.94</ele>
        <time>2026-08-01T20:36:17Z</time>
      </trkpt>
      <trkpt lat="49.06014" lon="-121.47738">
        <ele>1338.62</ele>
        <time>2026-08-01T20:36:22Z</time>
      </trkpt>
      <trkpt lat="49.0601" lon="-121.47737">
        <ele>1338.31</ele>
        <time>2026-08-01T20:36:26Z</time>
      </trkpt>
      <trkpt lat="49.06006" lon="-121.47736">
        <ele>1338.01</ele>
        <time>2026-08-01T20:36:30Z</time>
      </trkpt>
      <trkpt lat="49.06002" lon="-121.47736">
        <ele>1337.36</ele>
        <time>2026-08-01T20:36:34Z</time>
      </trkpt>
      <trkpt lat="49.05998" lon="-121.47735">
        <ele>1337.31</ele>
        <time>2026-08-01T20:36:38Z</time>
      </trkpt>
      <trkpt lat="49.05994" lon="-121.47734">
        <ele>1337.55</ele>
        <time>2026-08-01T20:36:42Z</time>
      </trkpt>
      <trkpt lat="49.05991" lon="-121.47734">
        <ele>1337.45</ele>
        <time>2026-08-01T20:36:45Z</time>
      </trkpt>
      <trkpt lat="49.05988" lon="-121.47733">
        <ele>1337.81</ele>
        <time>2026-08-01T20:36:51Z</time>
      </trkpt>
      <trkpt lat="49.05984" lon="-121.47732">
        <ele>1338.21</ele>
        <time>2026-08-01T20:36:59Z</time>
      </trkpt>
      <trkpt lat="49.05981" lon="-121.47732">
        <ele>1338.16</ele>
        <time>2026-08-01T20:37:05Z</time>
      </trkpt>
      <trkpt lat="49.05977" lon="-121.47733">
        <ele>1337.53</ele>
        <time>2026-08-01T20:37:13Z</time>
      </trkpt>
      <trkpt lat="49.05974" lon="-121.47734">
        <ele>1336.85</ele>
        <time>2026-08-01T20:37:18Z</time>
      </trkpt>
      <trkpt lat="49.05971" lon="-121.47733">
        <ele>1337.19</ele>
        <time>2026-08-01T20:37:23Z</time>
      </trkpt>
      <trkpt lat="49.05968" lon="-121.47731">
        <ele>1337.92</ele>
        <time>2026-08-01T20:37:29Z</time>
      </trkpt>
      <trkpt lat="49.05964" lon="-121.4773">
        <ele>1337.89</ele>
        <time>2026-08-01T20:37:35Z</time>
      </trkpt>
      <trkpt lat="49.05961" lon="-121.4773">
        <ele>1337.4</ele>
        <time>2026-08-01T20:37:40Z</time>
      </trkpt>
      <trkpt lat="49.05957" lon="-121.47732">
        <ele>1335.44</ele>
        <time>2026-08-01T20:37:45Z</time>
      </trkpt>
      <trkpt lat="49.05953" lon="-121.47733">
        <ele>1334.1</ele>
        <time>2026-08-01T20:37:50Z</time>
      </trkpt>
      <trkpt lat="49.0595" lon="-121.47733">
        <ele>1333.58</ele>
        <time>2026-08-01T20:37:55Z</time>
      </trkpt>
      <trkpt lat="49.05946" lon="-121.47733">
        <ele>1332.9</ele>
        <time>2026-08-01T20:38:00Z</time>
      </trkpt>
      <trkpt lat="49.05943" lon="-121.47732">
        <ele>1332.91</ele>
        <time>2026-08-01T20:38:05Z</time>
      </trkpt>
      <trkpt lat="49.05939" lon="-121.47732">
        <ele>1331.81</ele>
        <time>2026-08-01T20:38:10Z</time>
      </trkpt>
      <trkpt lat="49.05935" lon="-121.47731">
        <ele>1331.38</ele>
        <time>2026-08-01T20:38:14Z</time>
      </trkpt>
      <trkpt lat="49.05932" lon="-121.47731">
        <ele>1330.55</ele>
        <time>2026-08-01T20:38:17Z</time>
      </trkpt>
      <trkpt lat="49.05927" lon="-121.4773">
        <ele>1329.83</ele>
        <time>2026-08-01T20:38:20Z</time>
      </trkpt>
      <trkpt lat="49.05924" lon="-121.47729">
        <ele>1329.66</ele>
        <time>2026-08-01T20:38:23Z</time>
      </trkpt>
      <trkpt lat="49.05921" lon="-121.47727">
        <ele>1330.13</ele>
        <time>2026-08-01T20:38:33Z</time>
      </trkpt>
      <trkpt lat="49.05918" lon="-121.47727">
        <ele>1329.28</ele>
        <time>2026-08-01T20:38:40Z</time>
      </trkpt>
      <trkpt lat="49.05915" lon="-121.47724">
        <ele>1330.52</ele>
        <time>2026-08-01T20:38:48Z</time>
      </trkpt>
      <trkpt lat="49.05911" lon="-121.47723">
        <ele>1330.32</ele>
        <time>2026-08-01T20:38:55Z</time>
      </trkpt>
      <trkpt lat="49.05908" lon="-121.47722">
        <ele>1330.25</ele>
        <time>2026-08-01T20:39:01Z</time>
      </trkpt>
      <trkpt lat="49.05905" lon="-121.4772">
        <ele>1330.71</ele>
        <time>2026-08-01T20:39:09Z</time>
      </trkpt>
      <trkpt lat="49.05901" lon="-121.47718">
        <ele>1330.86</ele>
        <time>2026-08-01T20:39:15Z</time>
      </trkpt>
      <trkpt lat="49.05898" lon="-121.47717">
        <ele>1330.66</ele>
        <time>2026-08-01T20:39:21Z</time>
      </trkpt>
      <trkpt lat="49.05901" lon="-121.47714">
        <ele>1332.98</ele>
        <time>2026-08-01T20:39:31Z</time>
      </trkpt>
      <trkpt lat="49.05904" lon="-121.47713">
        <ele>1334.3</ele>
        <time>2026-08-01T20:39:38Z</time>
      </trkpt>
      <trkpt lat="49.05901" lon="-121.47711">
        <ele>1334.57</ele>
        <time>2026-08-01T20:39:42Z</time>
      </trkpt>
      <trkpt lat="49.05897" lon="-121.4771">
        <ele>1333.99</ele>
        <time>2026-08-01T20:39:46Z</time>
      </trkpt>
      <trkpt lat="49.05894" lon="-121.47709">
        <ele>1333.64</ele>
        <time>2026-08-01T20:39:50Z</time>
      </trkpt>
      <trkpt lat="49.05893" lon="-121.47712">
        <ele>1331.89</ele>
        <time>2026-08-01T20:40:13Z</time>
      </trkpt>
      <trkpt lat="49.05896" lon="-121.47716">
        <ele>1330.68</ele>
        <time>2026-08-01T20:40:20Z</time>
      </trkpt>
      <trkpt lat="49.05898" lon="-121.47715">
        <ele>1331.69</ele>
        <time>2026-08-01T20:40:27Z</time>
      </trkpt>
      <trkpt lat="49.05895" lon="-121.47714">
        <ele>1331.43</ele>
        <time>2026-08-01T20:40:31Z</time>
      </trkpt>
      <trkpt lat="49.05892" lon="-121.47714">
        <ele>1330.65</ele>
        <time>2026-08-01T20:40:33Z</time>
      </trkpt>
      <trkpt lat="49.05888" lon="-121.47714">
        <ele>1329.76</ele>
        <time>2026-08-01T20:40:35Z</time>
      </trkpt>
      <trkpt lat="49.05885" lon="-121.47715">
        <ele>1328.99</ele>
        <time>2026-08-01T20:40:38Z</time>
      </trkpt>
      <trkpt lat="49.05881" lon="-121.47716">
        <ele>1328.15</ele>
        <time>2026-08-01T20:40:41Z</time>
      </trkpt>
      <trkpt lat="49.05877" lon="-121.47716">
        <ele>1327.77</ele>
        <time>2026-08-01T20:40:44Z</time>
      </trkpt>
      <trkpt lat="49.05874" lon="-121.47716">
        <ele>1327.48</ele>
        <time>2026-08-01T20:40:47Z</time>
      </trkpt>
      <trkpt lat="49.0587" lon="-121.47715">
        <ele>1327.49</ele>
        <time>2026-08-01T20:40:51Z</time>
      </trkpt>
      <trkpt lat="49.05866" lon="-121.47715">
        <ele>1327.09</ele>
        <time>2026-08-01T20:40:55Z</time>
      </trkpt>
      <trkpt lat="49.05865" lon="-121.47718">
        <ele>1325.86</ele>
        <time>2026-08-01T20:41:28Z</time>
      </trkpt>
      <trkpt lat="49.05861" lon="-121.47719">
        <ele>1325.18</ele>
        <time>2026-08-01T20:41:50Z</time>
      </trkpt>
      <trkpt lat="49.05858" lon="-121.47717">
        <ele>1326.47</ele>
        <time>2026-08-01T20:41:52Z</time>
      </trkpt>
      <trkpt lat="49.05853" lon="-121.47715">
        <ele>1328.05</ele>
        <time>2026-08-01T20:41:54Z</time>
      </trkpt>
      <trkpt lat="49.0585" lon="-121.47713">
        <ele>1329.19</ele>
        <time>2026-08-01T20:41:56Z</time>
      </trkpt>
      <trkpt lat="49.05847" lon="-121.47712">
        <ele>1329.98</ele>
        <time>2026-08-01T20:41:59Z</time>
      </trkpt>
      <trkpt lat="49.05844" lon="-121.47712">
        <ele>1330.47</ele>
        <time>2026-08-01T20:42:04Z</time>
      </trkpt>
      <trkpt lat="49.05841" lon="-121.47714">
        <ele>1330.45</ele>
        <time>2026-08-01T20:42:09Z</time>
      </trkpt>
      <trkpt lat="49.05839" lon="-121.47719">
        <ele>1329.57</ele>
        <time>2026-08-01T20:42:13Z</time>
      </trkpt>
      <trkpt lat="49.05836" lon="-121.47721">
        <ele>1329.7</ele>
        <time>2026-08-01T20:42:17Z</time>
      </trkpt>
      <trkpt lat="49.05832" lon="-121.47722">
        <ele>1330.43</ele>
        <time>2026-08-01T20:42:21Z</time>
      </trkpt>
      <trkpt lat="49.05828" lon="-121.47722">
        <ele>1331.58</ele>
        <time>2026-08-01T20:42:24Z</time>
      </trkpt>
      <trkpt lat="49.05824" lon="-121.47723">
        <ele>1332.72</ele>
        <time>2026-08-01T20:42:28Z</time>
      </trkpt>
      <trkpt lat="49.05821" lon="-121.47723">
        <ele>1333.59</ele>
        <time>2026-08-01T20:42:32Z</time>
      </trkpt>
      <trkpt lat="49.05819" lon="-121.47718">
        <ele>1334.65</ele>
        <time>2026-08-01T20:42:36Z</time>
      </trkpt>
      <trkpt lat="49.05816" lon="-121.47718">
        <ele>1335.43</ele>
        <time>2026-08-01T20:42:48Z</time>
      </trkpt>
      <trkpt lat="49.05812" lon="-121.47718">
        <ele>1336.47</ele>
        <time>2026-08-01T20:42:54Z</time>
      </trkpt>
      <trkpt lat="49.05809" lon="-121.47717">
        <ele>1337.31</ele>
        <time>2026-08-01T20:42:58Z</time>
      </trkpt>
      <trkpt lat="49.05805" lon="-121.47716">
        <ele>1338.2</ele>
        <time>2026-08-01T20:43:04Z</time>
      </trkpt>
      <trkpt lat="49.05802" lon="-121.47715">
        <ele>1338.1</ele>
        <time>2026-08-01T20:43:09Z</time>
      </trkpt>
      <trkpt lat="49.05798" lon="-121.47714">
        <ele>1337.94</ele>
        <time>2026-08-01T20:43:14Z</time>
      </trkpt>
      <trkpt lat="49.05795" lon="-121.47713">
        <ele>1337.83</ele>
        <time>2026-08-01T20:43:19Z</time>
      </trkpt>
      <trkpt lat="49.05791" lon="-121.47711">
        <ele>1337.67</ele>
        <time>2026-08-01T20:43:23Z</time>
      </trkpt>
      <trkpt lat="49.05789" lon="-121.47709">
        <ele>1337.6</ele>
        <time>2026-08-01T20:43:27Z</time>
      </trkpt>
      <trkpt lat="49.05787" lon="-121.47705">
        <ele>1337.54</ele>
        <time>2026-08-01T20:43:30Z</time>
      </trkpt>
      <trkpt lat="49.05785" lon="-121.477">
        <ele>1337.47</ele>
        <time>2026-08-01T20:43:33Z</time>
      </trkpt>
      <trkpt lat="49.05782" lon="-121.47697">
        <ele>1337.29</ele>
        <time>2026-08-01T20:43:38Z</time>
      </trkpt>
      <trkpt lat="49.05785" lon="-121.47696">
        <ele>1337.51</ele>
        <time>2026-08-01T20:43:43Z</time>
      </trkpt>
      <trkpt lat="49.05783" lon="-121.47695">
        <ele>1337.37</ele>
        <time>2026-08-01T20:43:58Z</time>
      </trkpt>
      <trkpt lat="49.05783" lon="-121.47692">
        <ele>1337.92</ele>
        <time>2026-08-01T20:44:09Z</time>
      </trkpt>
      <trkpt lat="49.05781" lon="-121.47689">
        <ele>1338.43</ele>
        <time>2026-08-01T20:44:22Z</time>
      </trkpt>
      <trkpt lat="49.05782" lon="-121.47684">
        <ele>1339.62</ele>
        <time>2026-08-01T20:44:33Z</time>
      </trkpt>
      <trkpt lat="49.05781" lon="-121.47679">
        <ele>1340.63</ele>
        <time>2026-08-01T20:44:51Z</time>
      </trkpt>
      <trkpt lat="49.05782" lon="-121.47684">
        <ele>1339.62</ele>
        <time>2026-08-01T20:45:14Z</time>
      </trkpt>
      <trkpt lat="49.05781" lon="-121.4768">
        <ele>1340.41</ele>
        <time>2026-08-01T20:45:38Z</time>
      </trkpt>
      <trkpt lat="49.05778" lon="-121.47676">
        <ele>1341.01</ele>
        <time>2026-08-01T20:45:44Z</time>
      </trkpt>
      <trkpt lat="49.05777" lon="-121.47672">
        <ele>1341.77</ele>
        <time>2026-08-01T20:46:01Z</time>
      </trkpt>
      <trkpt lat="49.05775" lon="-121.47668">
        <ele>1342.42</ele>
        <time>2026-08-01T20:46:12Z</time>
      </trkpt>
      <trkpt lat="49.05773" lon="-121.47663">
        <ele>1344.35</ele>
        <time>2026-08-01T20:46:23Z</time>
      </trkpt>
      <trkpt lat="49.0577" lon="-121.47661">
        <ele>1345.07</ele>
        <time>2026-08-01T20:46:30Z</time>
      </trkpt>
      <trkpt lat="49.05768" lon="-121.47658">
        <ele>1346.42</ele>
        <time>2026-08-01T20:46:39Z</time>
      </trkpt>
      <trkpt lat="49.05765" lon="-121.47655">
        <ele>1347.69</ele>
        <time>2026-08-01T20:46:50Z</time>
      </trkpt>
      <trkpt lat="49.05763" lon="-121.47652">
        <ele>1349.08</ele>
        <time>2026-08-01T20:47:20Z</time>
      </trkpt>
      <trkpt lat="49.05763" lon="-121.47658">
        <ele>1345.94</ele>
        <time>2026-08-01T20:47:31Z</time>
      </trkpt>
      <trkpt lat="49.05767" lon="-121.47663">
        <ele>1343.74</ele>
        <time>2026-08-01T20:47:33Z</time>
      </trkpt>
      <trkpt lat="49.05763" lon="-121.47659">
        <ele>1345.41</ele>
        <time>2026-08-01T20:47:38Z</time>
      </trkpt>
      <trkpt lat="49.0576" lon="-121.47656">
        <ele>1346.7</ele>
        <time>2026-08-01T20:47:42Z</time>
      </trkpt>
      <trkpt lat="49.0576" lon="-121.47651">
        <ele>1349.34</ele>
        <time>2026-08-01T20:47:47Z</time>
      </trkpt>
      <trkpt lat="49.05758" lon="-121.47648">
        <ele>1350.75</ele>
        <time>2026-08-01T20:48:05Z</time>
      </trkpt>
      <trkpt lat="49.05755" lon="-121.47644">
        <ele>1352.63</ele>
        <time>2026-08-01T20:48:12Z</time>
      </trkpt>
      <trkpt lat="49.05754" lon="-121.47638">
        <ele>1355.82</ele>
        <time>2026-08-01T20:48:15Z</time>
      </trkpt>
      <trkpt lat="49.05753" lon="-121.47633">
        <ele>1358.7</ele>
        <time>2026-08-01T20:48:18Z</time>
      </trkpt>
      <trkpt lat="49.0575" lon="-121.47632">
        <ele>1358.97</ele>
        <time>2026-08-01T20:48:29Z</time>
      </trkpt>
      <trkpt lat="49.05751" lon="-121.47628">
        <ele>1361.4</ele>
        <time>2026-08-01T20:48:48Z</time>
      </trkpt>
      <trkpt lat="49.05748" lon="-121.47625">
        <ele>1362.42</ele>
        <time>2026-08-01T20:48:57Z</time>
      </trkpt>
      <trkpt lat="49.05745" lon="-121.47623">
        <ele>1362.69</ele>
        <time>2026-08-01T20:49:03Z</time>
      </trkpt>
      <trkpt lat="49.05742" lon="-121.47621">
        <ele>1362.92</ele>
        <time>2026-08-01T20:49:11Z</time>
      </trkpt>
      <trkpt lat="49.05742" lon="-121.47616">
        <ele>1365.69</ele>
        <time>2026-08-01T20:49:22Z</time>
      </trkpt>
      <trkpt lat="49.0574" lon="-121.47613">
        <ele>1366.72</ele>
        <time>2026-08-01T20:49:35Z</time>
      </trkpt>
      <trkpt lat="49.05736" lon="-121.47612">
        <ele>1365.98</ele>
        <time>2026-08-01T20:49:38Z</time>
      </trkpt>
      <trkpt lat="49.05733" lon="-121.47609">
        <ele>1366.74</ele>
        <time>2026-08-01T20:49:49Z</time>
      </trkpt>
      <trkpt lat="49.05734" lon="-121.47614">
        <ele>1364.27</ele>
        <time>2026-08-01T20:50:06Z</time>
      </trkpt>
      <trkpt lat="49.05732" lon="-121.47609">
        <ele>1366.41</ele>
        <time>2026-08-01T20:50:18Z</time>
      </trkpt>
      <trkpt lat="49.05732" lon="-121.47604">
        <ele>1369.35</ele>
        <time>2026-08-01T20:50:41Z</time>
      </trkpt>
      <trkpt lat="49.0573" lon="-121.47601">
        <ele>1370.45</ele>
        <time>2026-08-01T20:50:53Z</time>
      </trkpt>
      <trkpt lat="49.05726" lon="-121.476">
        <ele>1369.68</ele>
        <time>2026-08-01T20:50:56Z</time>
      </trkpt>
      <trkpt lat="49.05723" lon="-121.47597">
        <ele>1370.39</ele>
        <time>2026-08-01T20:51:07Z</time>
      </trkpt>
      <trkpt lat="49.0572" lon="-121.47594">
        <ele>1370.7</ele>
        <time>2026-08-01T20:51:17Z</time>
      </trkpt>
      <trkpt lat="49.05718" lon="-121.4759">
        <ele>1371.87</ele>
        <time>2026-08-01T20:51:29Z</time>
      </trkpt>
      <trkpt lat="49.05715" lon="-121.47588">
        <ele>1371.33</ele>
        <time>2026-08-01T20:51:39Z</time>
      </trkpt>
      <trkpt lat="49.05713" lon="-121.47585">
        <ele>1371.81</ele>
        <time>2026-08-01T20:51:58Z</time>
      </trkpt>
      <trkpt lat="49.05709" lon="-121.47584">
        <ele>1370.05</ele>
        <time>2026-08-01T20:52:03Z</time>
      </trkpt>
      <trkpt lat="49.05706" lon="-121.47584">
        <ele>1368.33</ele>
        <time>2026-08-01T20:52:06Z</time>
      </trkpt>
      <trkpt lat="49.05702" lon="-121.47583">
        <ele>1366.51</ele>
        <time>2026-08-01T20:52:09Z</time>
      </trkpt>
      <trkpt lat="49.05698" lon="-121.47582">
        <ele>1364.67</ele>
        <time>2026-08-01T20:52:16Z</time>
      </trkpt>
      <trkpt lat="49.05695" lon="-121.47579">
        <ele>1364.35</ele>
        <time>2026-08-01T20:52:32Z</time>
      </trkpt>
      <trkpt lat="49.05691" lon="-121.47577">
        <ele>1363.49</ele>
        <time>2026-08-01T20:52:47Z</time>
      </trkpt>
      <trkpt lat="49.05689" lon="-121.47574">
        <ele>1363.95</ele>
        <time>2026-08-01T20:52:57Z</time>
      </trkpt>
      <trkpt lat="49.05688" lon="-121.4757">
        <ele>1365.24</ele>
        <time>2026-08-01T20:53:12Z</time>
      </trkpt>
      <trkpt lat="49.05688" lon="-121.47568">
        <ele>1366.11</ele>
        <time>2026-08-01T20:53:22Z</time>
      </trkpt>
      <trkpt lat="49.05686" lon="-121.47566">
        <ele>1366.01</ele>
        <time>2026-08-01T20:53:32Z</time>
      </trkpt>
      <trkpt lat="49.05682" lon="-121.47565">
        <ele>1364.47</ele>
        <time>2026-08-01T20:53:37Z</time>
      </trkpt>
      <trkpt lat="49.05679" lon="-121.47564">
        <ele>1363.38</ele>
        <time>2026-08-01T20:53:41Z</time>
      </trkpt>
      <trkpt lat="49.05676" lon="-121.47562">
        <ele>1362.64</ele>
        <time>2026-08-01T20:53:47Z</time>
      </trkpt>
      <trkpt lat="49.05672" lon="-121.47561">
        <ele>1360.97</ele>
        <time>2026-08-01T20:53:52Z</time>
      </trkpt>
      <trkpt lat="49.0567" lon="-121.47558">
        <ele>1360.97</ele>
        <time>2026-08-01T20:54:00Z</time>
      </trkpt>
      <trkpt lat="49.05667" lon="-121.47556">
        <ele>1360.04</ele>
        <time>2026-08-01T20:54:08Z</time>
      </trkpt>
      <trkpt lat="49.05664" lon="-121.47553">
        <ele>1361.11</ele>
        <time>2026-08-01T20:54:15Z</time>
      </trkpt>
      <trkpt lat="49.0566" lon="-121.47551">
        <ele>1361.89</ele>
        <time>2026-08-01T20:54:21Z</time>
      </trkpt>
      <trkpt lat="49.05657" lon="-121.47549">
        <ele>1362.77</ele>
        <time>2026-08-01T20:54:23Z</time>
      </trkpt>
      <trkpt lat="49.05654" lon="-121.47545">
        <ele>1364.75</ele>
        <time>2026-08-01T20:54:25Z</time>
      </trkpt>
      <trkpt lat="49.0565" lon="-121.47542">
        <ele>1366.22</ele>
        <time>2026-08-01T20:54:27Z</time>
      </trkpt>
      <trkpt lat="49.05648" lon="-121.47538">
        <ele>1368.35</ele>
        <time>2026-08-01T20:54:32Z</time>
      </trkpt>
      <trkpt lat="49.05647" lon="-121.47533">
        <ele>1371.1</ele>
        <time>2026-08-01T20:54:37Z</time>
      </trkpt>
      <trkpt lat="49.05645" lon="-121.47528">
        <ele>1373.88</ele>
        <time>2026-08-01T20:54:41Z</time>
      </trkpt>
      <trkpt lat="49.05643" lon="-121.47524">
        <ele>1376.39</ele>
        <time>2026-08-01T20:54:46Z</time>
      </trkpt>
      <trkpt lat="49.05647" lon="-121.47529">
        <ele>1373.32</ele>
        <time>2026-08-01T20:54:53Z</time>
      </trkpt>
      <trkpt lat="49.05643" lon="-121.47528">
        <ele>1373.87</ele>
        <time>2026-08-01T20:54:59Z</time>
      </trkpt>
      <trkpt lat="49.05638" lon="-121.47526">
        <ele>1375.15</ele>
        <time>2026-08-01T20:55:01Z</time>
      </trkpt>
      <trkpt lat="49.05635" lon="-121.47524">
        <ele>1376.61</ele>
        <time>2026-08-01T20:55:03Z</time>
      </trkpt>
      <trkpt lat="49.05631" lon="-121.47522">
        <ele>1378.16</ele>
        <time>2026-08-01T20:55:06Z</time>
      </trkpt>
      <trkpt lat="49.05627" lon="-121.47521">
        <ele>1379.11</ele>
        <time>2026-08-01T20:55:11Z</time>
      </trkpt>
      <trkpt lat="49.05623" lon="-121.47519">
        <ele>1380.7</ele>
        <time>2026-08-01T20:55:14Z</time>
      </trkpt>
      <trkpt lat="49.0562" lon="-121.47518">
        <ele>1381.58</ele>
        <time>2026-08-01T20:55:16Z</time>
      </trkpt>
      <trkpt lat="49.05615" lon="-121.47516">
        <ele>1383.29</ele>
        <time>2026-08-01T20:55:19Z</time>
      </trkpt>
      <trkpt lat="49.05612" lon="-121.47514">
        <ele>1384.85</ele>
        <time>2026-08-01T20:55:22Z</time>
      </trkpt>
      <trkpt lat="49.05609" lon="-121.47513">
        <ele>1385.58</ele>
        <time>2026-08-01T20:55:25Z</time>
      </trkpt>
      <trkpt lat="49.05608" lon="-121.47518">
        <ele>1382.34</ele>
        <time>2026-08-01T20:55:33Z</time>
      </trkpt>
      <trkpt lat="49.05605" lon="-121.47519">
        <ele>1381.69</ele>
        <time>2026-08-01T20:55:37Z</time>
      </trkpt>
      <trkpt lat="49.05601" lon="-121.47519">
        <ele>1381.69</ele>
        <time>2026-08-01T20:55:41Z</time>
      </trkpt>
      <trkpt lat="49.05598" lon="-121.47521">
        <ele>1380.39</ele>
        <time>2026-08-01T20:55:45Z</time>
      </trkpt>
      <trkpt lat="49.05595" lon="-121.47522">
        <ele>1379.74</ele>
        <time>2026-08-01T20:55:49Z</time>
      </trkpt>
      <trkpt lat="49.05591" lon="-121.47521">
        <ele>1380.39</ele>
        <time>2026-08-01T20:55:53Z</time>
      </trkpt>
      <trkpt lat="49.05588" lon="-121.47521">
        <ele>1380.39</ele>
        <time>2026-08-01T20:55:58Z</time>
      </trkpt>
      <trkpt lat="49.05584" lon="-121.47522">
        <ele>1379.74</ele>
        <time>2026-08-01T20:56:02Z</time>
      </trkpt>
      <trkpt lat="49.0558" lon="-121.47521">
        <ele>1380.82</ele>
        <time>2026-08-01T20:56:08Z</time>
      </trkpt>
      <trkpt lat="49.05577" lon="-121.47523">
        <ele>1380.0</ele>
        <time>2026-08-01T20:56:19Z</time>
      </trkpt>
      <trkpt lat="49.05573" lon="-121.47521">
        <ele>1381.71</ele>
        <time>2026-08-01T20:56:24Z</time>
      </trkpt>
      <trkpt lat="49.0557" lon="-121.47519">
        <ele>1383.18</ele>
        <time>2026-08-01T20:56:30Z</time>
      </trkpt>
      <trkpt lat="49.05567" lon="-121.47516">
        <ele>1385.08</ele>
        <time>2026-08-01T20:56:37Z</time>
      </trkpt>
      <trkpt lat="49.05564" lon="-121.47514">
        <ele>1386.34</ele>
        <time>2026-08-01T20:56:43Z</time>
      </trkpt>
      <trkpt lat="49.05561" lon="-121.47513">
        <ele>1387.03</ele>
        <time>2026-08-01T20:56:49Z</time>
      </trkpt>
      <trkpt lat="49.05558" lon="-121.47511">
        <ele>1388.13</ele>
        <time>2026-08-01T20:56:55Z</time>
      </trkpt>
      <trkpt lat="49.05555" lon="-121.4751">
        <ele>1388.73</ele>
        <time>2026-08-01T20:57:00Z</time>
      </trkpt>
      <trkpt lat="49.05551" lon="-121.47509">
        <ele>1389.49</ele>
        <time>2026-08-01T20:57:05Z</time>
      </trkpt>
      <trkpt lat="49.05547" lon="-121.47507">
        <ele>1390.67</ele>
        <time>2026-08-01T20:57:10Z</time>
      </trkpt>
      <trkpt lat="49.05544" lon="-121.47505">
        <ele>1391.75</ele>
        <time>2026-08-01T20:57:15Z</time>
      </trkpt>
      <trkpt lat="49.0554" lon="-121.47504">
        <ele>1392.47</ele>
        <time>2026-08-01T20:57:20Z</time>
      </trkpt>
      <trkpt lat="49.05537" lon="-121.47503">
        <ele>1393.11</ele>
        <time>2026-08-01T20:57:25Z</time>
      </trkpt>
      <trkpt lat="49.05533" lon="-121.47502">
        <ele>1393.82</ele>
        <time>2026-08-01T20:57:29Z</time>
      </trkpt>
      <trkpt lat="49.0553" lon="-121.475">
        <ele>1394.84</ele>
        <time>2026-08-01T20:57:34Z</time>
      </trkpt>
      <trkpt lat="49.05527" lon="-121.47498">
        <ele>1395.66</ele>
        <time>2026-08-01T20:57:39Z</time>
      </trkpt>
      <trkpt lat="49.05523" lon="-121.47497">
        <ele>1395.05</ele>
        <time>2026-08-01T20:57:45Z</time>
      </trkpt>
      <trkpt lat="49.0552" lon="-121.47496">
        <ele>1394.69</ele>
        <time>2026-08-01T20:57:50Z</time>
      </trkpt>
      <trkpt lat="49.05516" lon="-121.47495">
        <ele>1394.04</ele>
        <time>2026-08-01T20:57:55Z</time>
      </trkpt>
      <trkpt lat="49.05513" lon="-121.47494">
        <ele>1393.64</ele>
        <time>2026-08-01T20:58:00Z</time>
      </trkpt>
      <trkpt lat="49.05509" lon="-121.47493">
        <ele>1392.95</ele>
        <time>2026-08-01T20:58:05Z</time>
      </trkpt>
      <trkpt lat="49.05506" lon="-121.47491">
        <ele>1392.89</ele>
        <time>2026-08-01T20:58:13Z</time>
      </trkpt>
      <trkpt lat="49.05505" lon="-121.47487">
        <ele>1394.11</ele>
        <time>2026-08-01T20:58:18Z</time>
      </trkpt>
      <trkpt lat="49.05504" lon="-121.47481">
        <ele>1396.04</ele>
        <time>2026-08-01T20:58:23Z</time>
      </trkpt>
      <trkpt lat="49.05502" lon="-121.47476">
        <ele>1397.27</ele>
        <time>2026-08-01T20:58:27Z</time>
      </trkpt>
      <trkpt lat="49.055" lon="-121.47471">
        <ele>1398.44</ele>
        <time>2026-08-01T20:58:31Z</time>
      </trkpt>
      <trkpt lat="49.055" lon="-121.47469">
        <ele>1399.16</ele>
        <time>2026-08-01T20:58:37Z</time>
      </trkpt>
      <trkpt lat="49.05499" lon="-121.47468">
        <ele>1399.5</ele>
        <time>2026-08-01T20:58:42Z</time>
      </trkpt>
      <trkpt lat="49.05497" lon="-121.47466">
        <ele>1400.14</ele>
        <time>2026-08-01T20:58:50Z</time>
      </trkpt>
      <trkpt lat="49.05495" lon="-121.47462">
        <ele>1401.42</ele>
        <time>2026-08-01T20:58:59Z</time>
      </trkpt>
      <trkpt lat="49.05493" lon="-121.47463">
        <ele>1400.99</ele>
        <time>2026-08-01T20:59:08Z</time>
      </trkpt>
      <trkpt lat="49.05489" lon="-121.47465">
        <ele>1400.19</ele>
        <time>2026-08-01T20:59:13Z</time>
      </trkpt>
      <trkpt lat="49.05484" lon="-121.47469">
        <ele>1398.89</ele>
        <time>2026-08-01T20:59:15Z</time>
      </trkpt>
      <trkpt lat="49.0548" lon="-121.47471">
        <ele>1398.31</ele>
        <time>2026-08-01T20:59:17Z</time>
      </trkpt>
      <trkpt lat="49.05476" lon="-121.47469">
        <ele>1398.76</ele>
        <time>2026-08-01T20:59:24Z</time>
      </trkpt>
      <trkpt lat="49.0548" lon="-121.4747">
        <ele>1398.57</ele>
        <time>2026-08-01T20:59:34Z</time>
      </trkpt>
      <trkpt lat="49.05477" lon="-121.47473">
        <ele>1397.74</ele>
        <time>2026-08-01T20:59:50Z</time>
      </trkpt>
      <trkpt lat="49.05475" lon="-121.47476">
        <ele>1396.76</ele>
        <time>2026-08-01T20:59:56Z</time>
      </trkpt>
      <trkpt lat="49.05475" lon="-121.47481">
        <ele>1395.12</ele>
        <time>2026-08-01T21:00:03Z</time>
      </trkpt>
      <trkpt lat="49.05471" lon="-121.47484">
        <ele>1394.25</ele>
        <time>2026-08-01T21:00:10Z</time>
      </trkpt>
      <trkpt lat="49.05469" lon="-121.47486">
        <ele>1393.71</ele>
        <time>2026-08-01T21:00:15Z</time>
      </trkpt>
      <trkpt lat="49.05466" lon="-121.47489">
        <ele>1392.92</ele>
        <time>2026-08-01T21:00:20Z</time>
      </trkpt>
      <trkpt lat="49.05463" lon="-121.47492">
        <ele>1392.16</ele>
        <time>2026-08-01T21:00:26Z</time>
      </trkpt>
      <trkpt lat="49.0546" lon="-121.47495">
        <ele>1391.42</ele>
        <time>2026-08-01T21:00:32Z</time>
      </trkpt>
      <trkpt lat="49.05459" lon="-121.47492">
        <ele>1392.41</ele>
        <time>2026-08-01T21:00:38Z</time>
      </trkpt>
      <trkpt lat="49.05456" lon="-121.47491">
        <ele>1392.89</ele>
        <time>2026-08-01T21:00:45Z</time>
      </trkpt>
      <trkpt lat="49.05453" lon="-121.4749">
        <ele>1393.37</ele>
        <time>2026-08-01T21:00:52Z</time>
      </trkpt>
      <trkpt lat="49.0545" lon="-121.4749">
        <ele>1393.55</ele>
        <time>2026-08-01T21:01:00Z</time>
      </trkpt>
      <trkpt lat="49.05447" lon="-121.47487">
        <ele>1394.6</ele>
        <time>2026-08-01T21:01:06Z</time>
      </trkpt>
      <trkpt lat="49.05446" lon="-121.47482">
        <ele>1396.11</ele>
        <time>2026-08-01T21:01:10Z</time>
      </trkpt>
      <trkpt lat="49.05443" lon="-121.47479">
        <ele>1397.37</ele>
        <time>2026-08-01T21:01:19Z</time>
      </trkpt>
      <trkpt lat="49.05443" lon="-121.47484">
        <ele>1395.94</ele>
        <time>2026-08-01T21:01:26Z</time>
      </trkpt>
      <trkpt lat="49.05441" lon="-121.4748">
        <ele>1397.54</ele>
        <time>2026-08-01T21:01:37Z</time>
      </trkpt>
      <trkpt lat="49.05439" lon="-121.4748">
        <ele>1397.99</ele>
        <time>2026-08-01T21:01:43Z</time>
      </trkpt>
      <trkpt lat="49.05435" lon="-121.47481">
        <ele>1398.62</ele>
        <time>2026-08-01T21:01:51Z</time>
      </trkpt>
      <trkpt lat="49.05432" lon="-121.47479">
        <ele>1399.85</ele>
        <time>2026-08-01T21:02:00Z</time>
      </trkpt>
      <trkpt lat="49.05429" lon="-121.47478">
        <ele>1400.79</ele>
        <time>2026-08-01T21:02:08Z</time>
      </trkpt>
      <trkpt lat="49.05427" lon="-121.47473">
        <ele>1402.56</ele>
        <time>2026-08-01T21:02:14Z</time>
      </trkpt>
      <trkpt lat="49.05425" lon="-121.47469">
        <ele>1403.86</ele>
        <time>2026-08-01T21:02:24Z</time>
      </trkpt>
      <trkpt lat="49.0543" lon="-121.47469">
        <ele>1402.76</ele>
        <time>2026-08-01T21:02:37Z</time>
      </trkpt>
      <trkpt lat="49.05433" lon="-121.47473">
        <ele>1401.26</ele>
        <time>2026-08-01T21:02:40Z</time>
      </trkpt>
      <trkpt lat="49.05434" lon="-121.47477">
        <ele>1399.94</ele>
        <time>2026-08-01T21:02:47Z</time>
      </trkpt>
      <trkpt lat="49.05432" lon="-121.4748">
        <ele>1399.57</ele>
        <time>2026-08-01T21:03:14Z</time>
      </trkpt>
      <trkpt lat="49.05432" lon="-121.47483">
        <ele>1398.76</ele>
        <time>2026-08-01T21:04:14Z</time>
      </trkpt>
      <trkpt lat="49.0543" lon="-121.47481">
        <ele>1399.76</ele>
        <time>2026-08-01T21:04:37Z</time>
      </trkpt>
      <trkpt lat="49.05429" lon="-121.47479">
        <ele>1400.52</ele>
        <time>2026-08-01T21:05:48Z</time>
      </trkpt>
      <trkpt lat="49.05426" lon="-121.4748">
        <ele>1400.93</ele>
        <time>2026-08-01T21:06:17Z</time>
      </trkpt>
      <trkpt lat="49.05422" lon="-121.47479">
        <ele>1402.09</ele>
        <time>2026-08-01T21:06:21Z</time>
      </trkpt>
      <trkpt lat="49.05418" lon="-121.47479">
        <ele>1402.99</ele>
        <time>2026-08-01T21:06:26Z</time>
      </trkpt>
      <trkpt lat="49.05415" lon="-121.47479">
        <ele>1403.76</ele>
        <time>2026-08-01T21:06:31Z</time>
      </trkpt>
      <trkpt lat="49.05411" lon="-121.47479">
        <ele>1404.87</ele>
        <time>2026-08-01T21:06:36Z</time>
      </trkpt>
      <trkpt lat="49.05408" lon="-121.47479">
        <ele>1405.7</ele>
        <time>2026-08-01T21:06:41Z</time>
      </trkpt>
      <trkpt lat="49.05404" lon="-121.47479">
        <ele>1406.82</ele>
        <time>2026-08-01T21:06:48Z</time>
      </trkpt>
      <trkpt lat="49.05401" lon="-121.47479">
        <ele>1407.65</ele>
        <time>2026-08-01T21:07:07Z</time>
      </trkpt>
      <trkpt lat="49.05399" lon="-121.47474">
        <ele>1409.13</ele>
        <time>2026-08-01T21:07:15Z</time>
      </trkpt>
      <trkpt lat="49.05399" lon="-121.47469">
        <ele>1410.07</ele>
        <time>2026-08-01T21:07:19Z</time>
      </trkpt>
      <trkpt lat="49.05398" lon="-121.47464">
        <ele>1411.28</ele>
        <time>2026-08-01T21:07:24Z</time>
      </trkpt>
      <trkpt lat="49.05396" lon="-121.4746">
        <ele>1412.52</ele>
        <time>2026-08-01T21:07:32Z</time>
      </trkpt>
      <trkpt lat="49.05395" lon="-121.47455">
        <ele>1413.7</ele>
        <time>2026-08-01T21:07:39Z</time>
      </trkpt>
      <trkpt lat="49.05395" lon="-121.4745">
        <ele>1414.64</ele>
        <time>2026-08-01T21:07:49Z</time>
      </trkpt>
      <trkpt lat="49.05394" lon="-121.47445">
        <ele>1415.79</ele>
        <time>2026-08-01T21:08:00Z</time>
      </trkpt>
      <trkpt lat="49.05393" lon="-121.4744">
        <ele>1416.82</ele>
        <time>2026-08-01T21:08:05Z</time>
      </trkpt>
      <trkpt lat="49.05392" lon="-121.47434">
        <ele>1417.96</ele>
        <time>2026-08-01T21:08:10Z</time>
      </trkpt>
      <trkpt lat="49.05391" lon="-121.4743">
        <ele>1418.74</ele>
        <time>2026-08-01T21:08:15Z</time>
      </trkpt>
      <trkpt lat="49.05388" lon="-121.47426">
        <ele>1419.69</ele>
        <time>2026-08-01T21:08:24Z</time>
      </trkpt>
      <trkpt lat="49.05385" lon="-121.47427">
        <ele>1419.65</ele>
        <time>2026-08-01T21:08:28Z</time>
      </trkpt>
      <trkpt lat="49.05383" lon="-121.47424">
        <ele>1420.16</ele>
        <time>2026-08-01T21:08:35Z</time>
      </trkpt>
      <trkpt lat="49.05381" lon="-121.47419">
        <ele>1420.95</ele>
        <time>2026-08-01T21:08:37Z</time>
      </trkpt>
      <trkpt lat="49.0538" lon="-121.47414">
        <ele>1421.83</ele>
        <time>2026-08-01T21:08:39Z</time>
      </trkpt>
      <trkpt lat="49.05379" lon="-121.47409">
        <ele>1422.82</ele>
        <time>2026-08-01T21:08:42Z</time>
      </trkpt>
      <trkpt lat="49.05382" lon="-121.47409">
        <ele>1422.77</ele>
        <time>2026-08-01T21:08:51Z</time>
      </trkpt>
      <trkpt lat="49.05379" lon="-121.47407">
        <ele>1423.2</ele>
        <time>2026-08-01T21:08:57Z</time>
      </trkpt>
      <trkpt lat="49.05375" lon="-121.47404">
        <ele>1423.78</ele>
        <time>2026-08-01T21:09:01Z</time>
      </trkpt>
      <trkpt lat="49.05372" lon="-121.474">
        <ele>1424.48</ele>
        <time>2026-08-01T21:09:04Z</time>
      </trkpt>
      <trkpt lat="49.0537" lon="-121.47395">
        <ele>1425.3</ele>
        <time>2026-08-01T21:09:07Z</time>
      </trkpt>
      <trkpt lat="49.05369" lon="-121.4739">
        <ele>1426.1</ele>
        <time>2026-08-01T21:09:10Z</time>
      </trkpt>
      <trkpt lat="49.05372" lon="-121.47391">
        <ele>1426.03</ele>
        <time>2026-08-01T21:09:15Z</time>
      </trkpt>
      <trkpt lat="49.0537" lon="-121.47389">
        <ele>1426.3</ele>
        <time>2026-08-01T21:09:45Z</time>
      </trkpt>
      <trkpt lat="49.05367" lon="-121.47386">
        <ele>1426.95</ele>
        <time>2026-08-01T21:09:51Z</time>
      </trkpt>
      <trkpt lat="49.05365" lon="-121.47382">
        <ele>1427.8</ele>
        <time>2026-08-01T21:09:59Z</time>
      </trkpt>
      <trkpt lat="49.05364" lon="-121.47379">
        <ele>1428.43</ele>
        <time>2026-08-01T21:10:07Z</time>
      </trkpt>
      <trkpt lat="49.05363" lon="-121.47374">
        <ele>1429.47</ele>
        <time>2026-08-01T21:10:19Z</time>
      </trkpt>
      <trkpt lat="49.05362" lon="-121.47369">
        <ele>1430.44</ele>
        <time>2026-08-01T21:10:31Z</time>
      </trkpt>
      <trkpt lat="49.05364" lon="-121.47366">
        <ele>1431.48</ele>
        <time>2026-08-01T21:10:39Z</time>
      </trkpt>
      <trkpt lat="49.05367" lon="-121.47364">
        <ele>1432.54</ele>
        <time>2026-08-01T21:10:43Z</time>
      </trkpt>
      <trkpt lat="49.05367" lon="-121.47359">
        <ele>1434.72</ele>
        <time>2026-08-01T21:10:58Z</time>
      </trkpt>
      <trkpt lat="49.05366" lon="-121.47355">
        <ele>1437.33</ele>
        <time>2026-08-01T21:11:12Z</time>
      </trkpt>
      <trkpt lat="49.05369" lon="-121.47353">
        <ele>1439.09</ele>
        <time>2026-08-01T21:11:17Z</time>
      </trkpt>
      <trkpt lat="49.05373" lon="-121.47351">
        <ele>1440.81</ele>
        <time>2026-08-01T21:11:21Z</time>
      </trkpt>
      <trkpt lat="49.05376" lon="-121.47349">
        <ele>1442.27</ele>
        <time>2026-08-01T21:11:26Z</time>
      </trkpt>
      <trkpt lat="49.05379" lon="-121.47347">
        <ele>1443.59</ele>
        <time>2026-08-01T21:11:33Z</time>
      </trkpt>
      <trkpt lat="49.05382" lon="-121.47344">
        <ele>1445.28</ele>
        <time>2026-08-01T21:11:42Z</time>
      </trkpt>
      <trkpt lat="49.05383" lon="-121.4734">
        <ele>1447.3</ele>
        <time>2026-08-01T21:11:56Z</time>
      </trkpt>
      <trkpt lat="49.05385" lon="-121.47336">
        <ele>1449.15</ele>
        <time>2026-08-01T21:12:06Z</time>
      </trkpt>
      <trkpt lat="49.05387" lon="-121.47332">
        <ele>1450.73</ele>
        <time>2026-08-01T21:12:19Z</time>
      </trkpt>
      <trkpt lat="49.0539" lon="-121.47331">
        <ele>1451.08</ele>
        <time>2026-08-01T21:12:42Z</time>
      </trkpt>
      <trkpt lat="49.05393" lon="-121.47331">
        <ele>1451.5</ele>
        <time>2026-08-01T21:12:55Z</time>
      </trkpt>
      <trkpt lat="49.05395" lon="-121.47327">
        <ele>1453.34</ele>
        <time>2026-08-01T21:13:04Z</time>
      </trkpt>
      <trkpt lat="49.05399" lon="-121.47326">
        <ele>1454.26</ele>
        <time>2026-08-01T21:13:09Z</time>
      </trkpt>
      <trkpt lat="49.05402" lon="-121.47326">
        <ele>1454.67</ele>
        <time>2026-08-01T21:13:11Z</time>
      </trkpt>
      <trkpt lat="49.05406" lon="-121.47325">
        <ele>1455.58</ele>
        <time>2026-08-01T21:13:15Z</time>
      </trkpt>
      <trkpt lat="49.05402" lon="-121.47323">
        <ele>1455.8</ele>
        <time>2026-08-01T21:13:29Z</time>
      </trkpt>
      <trkpt lat="49.054" lon="-121.47327">
        <ele>1454.02</ele>
        <time>2026-08-01T21:13:36Z</time>
      </trkpt>
      <trkpt lat="49.05403" lon="-121.47325">
        <ele>1455.18</ele>
        <time>2026-08-01T21:13:41Z</time>
      </trkpt>
      <trkpt lat="49.05407" lon="-121.47324">
        <ele>1456.08</ele>
        <time>2026-08-01T21:13:48Z</time>
      </trkpt>
      <trkpt lat="49.05409" lon="-121.47323">
        <ele>1456.72</ele>
        <time>2026-08-01T21:13:54Z</time>
      </trkpt>
      <trkpt lat="49.0541" lon="-121.47321">
        <ele>1457.59</ele>
        <time>2026-08-01T21:14:01Z</time>
      </trkpt>
      <trkpt lat="49.05411" lon="-121.47317">
        <ele>1459.18</ele>
        <time>2026-08-01T21:14:09Z</time>
      </trkpt>
      <trkpt lat="49.05414" lon="-121.47314">
        <ele>1460.64</ele>
        <time>2026-08-01T21:14:26Z</time>
      </trkpt>
      <trkpt lat="49.05416" lon="-121.4731">
        <ele>1462.32</ele>
        <time>2026-08-01T21:14:45Z</time>
      </trkpt>
      <trkpt lat="49.05416" lon="-121.47305">
        <ele>1464.07</ele>
        <time>2026-08-01T21:15:00Z</time>
      </trkpt>
      <trkpt lat="49.05418" lon="-121.47303">
        <ele>1464.81</ele>
        <time>2026-08-01T21:15:07Z</time>
      </trkpt>
      <trkpt lat="49.0542" lon="-121.47299">
        <ele>1466.13</ele>
        <time>2026-08-01T21:15:24Z</time>
      </trkpt>
      <trkpt lat="49.05417" lon="-121.47295">
        <ele>1466.71</ele>
        <time>2026-08-01T21:15:34Z</time>
      </trkpt>
      <trkpt lat="49.05421" lon="-121.47294">
        <ele>1467.64</ele>
        <time>2026-08-01T21:15:39Z</time>
      </trkpt>
      <trkpt lat="49.05418" lon="-121.47292">
        <ele>1467.65</ele>
        <time>2026-08-01T21:15:50Z</time>
      </trkpt>
      <trkpt lat="49.05414" lon="-121.47292">
        <ele>1467.13</ele>
        <time>2026-08-01T21:15:53Z</time>
      </trkpt>
      <trkpt lat="49.05411" lon="-121.4729">
        <ele>1467.31</ele>
        <time>2026-08-01T21:15:58Z</time>
      </trkpt>
      <trkpt lat="49.05412" lon="-121.47284">
        <ele>1468.93</ele>
        <time>2026-08-01T21:16:32Z</time>
      </trkpt>
      <trkpt lat="49.05415" lon="-121.47283">
        <ele>1469.5</ele>
        <time>2026-08-01T21:16:39Z</time>
      </trkpt>
      <trkpt lat="49.05411" lon="-121.47282">
        <ele>1469.32</ele>
        <time>2026-08-01T21:16:45Z</time>
      </trkpt>
      <trkpt lat="49.05406" lon="-121.47281">
        <ele>1469.04</ele>
        <time>2026-08-01T21:16:51Z</time>
      </trkpt>
      <trkpt lat="49.05404" lon="-121.47278">
        <ele>1469.58</ele>
        <time>2026-08-01T21:17:04Z</time>
      </trkpt>
      <trkpt lat="49.05407" lon="-121.47275">
        <ele>1470.8</ele>
        <time>2026-08-01T21:17:16Z</time>
      </trkpt>
      <trkpt lat="49.05405" lon="-121.47271">
        <ele>1471.86</ele>
        <time>2026-08-01T21:17:36Z</time>
      </trkpt>
      <trkpt lat="49.05401" lon="-121.4727">
        <ele>1471.9</ele>
        <time>2026-08-01T21:17:39Z</time>
      </trkpt>
      <trkpt lat="49.05402" lon="-121.47267">
        <ele>1472.95</ele>
        <time>2026-08-01T21:17:50Z</time>
      </trkpt>
      <trkpt lat="49.05399" lon="-121.47264">
        <ele>1473.83</ele>
        <time>2026-08-01T21:18:03Z</time>
      </trkpt>
      <trkpt lat="49.05396" lon="-121.47262">
        <ele>1474.43</ele>
        <time>2026-08-01T21:18:14Z</time>
      </trkpt>
      <trkpt lat="49.05393" lon="-121.4726">
        <ele>1475.11</ele>
        <time>2026-08-01T21:18:23Z</time>
      </trkpt>
      <trkpt lat="49.0539" lon="-121.47258">
        <ele>1475.84</ele>
        <time>2026-08-01T21:18:31Z</time>
      </trkpt>
      <trkpt lat="49.05387" lon="-121.47257">
        <ele>1476.35</ele>
        <time>2026-08-01T21:18:39Z</time>
      </trkpt>
      <trkpt lat="49.05383" lon="-121.47255">
        <ele>1477.41</ele>
        <time>2026-08-01T21:18:48Z</time>
      </trkpt>
      <trkpt lat="49.05384" lon="-121.4726">
        <ele>1475.33</ele>
        <time>2026-08-01T21:18:54Z</time>
      </trkpt>
      <trkpt lat="49.05382" lon="-121.47256">
        <ele>1477.07</ele>
        <time>2026-08-01T21:19:11Z</time>
      </trkpt>
      <trkpt lat="49.05379" lon="-121.47256">
        <ele>1477.26</ele>
        <time>2026-08-01T21:19:18Z</time>
      </trkpt>
      <trkpt lat="49.05375" lon="-121.47256">
        <ele>1477.52</ele>
        <time>2026-08-01T21:19:24Z</time>
      </trkpt>
      <trkpt lat="49.05372" lon="-121.47255">
        <ele>1478.13</ele>
        <time>2026-08-01T21:19:29Z</time>
      </trkpt>
      <trkpt lat="49.05369" lon="-121.47254">
        <ele>1478.74</ele>
        <time>2026-08-01T21:19:35Z</time>
      </trkpt>
      <trkpt lat="49.05366" lon="-121.47252">
        <ele>1479.8</ele>
        <time>2026-08-01T21:19:44Z</time>
      </trkpt>
      <trkpt lat="49.05362" lon="-121.4725">
        <ele>1480.94</ele>
        <time>2026-08-01T21:19:52Z</time>
      </trkpt>
      <trkpt lat="49.05359" lon="-121.47249">
        <ele>1481.24</ele>
        <time>2026-08-01T21:20:01Z</time>
      </trkpt>
      <trkpt lat="49.05357" lon="-121.47246">
        <ele>1482.22</ele>
        <time>2026-08-01T21:20:16Z</time>
      </trkpt>
      <trkpt lat="49.05356" lon="-121.47243">
        <ele>1483.26</ele>
        <time>2026-08-01T21:20:22Z</time>
      </trkpt>
      <trkpt lat="49.05353" lon="-121.47242">
        <ele>1483.33</ele>
        <time>2026-08-01T21:20:30Z</time>
      </trkpt>
      <trkpt lat="49.0535" lon="-121.47244">
        <ele>1482.32</ele>
        <time>2026-08-01T21:20:40Z</time>
      </trkpt>
      <trkpt lat="49.05349" lon="-121.47248">
        <ele>1480.83</ele>
        <time>2026-08-01T21:20:45Z</time>
      </trkpt>
      <trkpt lat="49.05345" lon="-121.4725">
        <ele>1479.84</ele>
        <time>2026-08-01T21:20:57Z</time>
      </trkpt>
      <trkpt lat="49.05343" lon="-121.47248">
        <ele>1480.35</ele>
        <time>2026-08-01T21:21:08Z</time>
      </trkpt>
      <trkpt lat="49.0534" lon="-121.47244">
        <ele>1481.36</ele>
        <time>2026-08-01T21:21:16Z</time>
      </trkpt>
      <trkpt lat="49.05338" lon="-121.47241">
        <ele>1482.09</ele>
        <time>2026-08-01T21:21:26Z</time>
      </trkpt>
      <trkpt lat="49.05335" lon="-121.47238">
        <ele>1482.65</ele>
        <time>2026-08-01T21:21:47Z</time>
      </trkpt>
      <trkpt lat="49.05336" lon="-121.47235">
        <ele>1483.67</ele>
        <time>2026-08-01T21:22:08Z</time>
      </trkpt>
      <trkpt lat="49.05339" lon="-121.47233">
        <ele>1484.68</ele>
        <time>2026-08-01T21:22:20Z</time>
      </trkpt>
      <trkpt lat="49.05341" lon="-121.47229">
        <ele>1486.23</ele>
        <time>2026-08-01T21:22:39Z</time>
      </trkpt>
      <trkpt lat="49.0534" lon="-121.47226">
        <ele>1487.01</ele>
        <time>2026-08-01T21:22:59Z</time>
      </trkpt>
      <trkpt lat="49.05338" lon="-121.47225">
        <ele>1486.99</ele>
        <time>2026-08-01T21:23:06Z</time>
      </trkpt>
      <trkpt lat="49.05337" lon="-121.47223">
        <ele>1487.42</ele>
        <time>2026-08-01T21:23:17Z</time>
      </trkpt>
      <trkpt lat="49.05335" lon="-121.4722">
        <ele>1487.88</ele>
        <time>2026-08-01T21:23:32Z</time>
      </trkpt>
      <trkpt lat="49.05332" lon="-121.4722">
        <ele>1487.65</ele>
        <time>2026-08-01T21:23:34Z</time>
      </trkpt>
      <trkpt lat="49.05332" lon="-121.47217">
        <ele>1488.39</ele>
        <time>2026-08-01T21:23:47Z</time>
      </trkpt>
      <trkpt lat="49.05335" lon="-121.47215">
        <ele>1489.18</ele>
        <time>2026-08-01T21:24:00Z</time>
      </trkpt>
      <trkpt lat="49.05336" lon="-121.4721">
        <ele>1490.73</ele>
        <time>2026-08-01T21:24:04Z</time>
      </trkpt>
      <trkpt lat="49.05336" lon="-121.47205">
        <ele>1492.06</ele>
        <time>2026-08-01T21:24:08Z</time>
      </trkpt>
      <trkpt lat="49.05336" lon="-121.472">
        <ele>1493.39</ele>
        <time>2026-08-01T21:24:23Z</time>
      </trkpt>
      <trkpt lat="49.05335" lon="-121.47196">
        <ele>1494.13</ele>
        <time>2026-08-01T21:24:34Z</time>
      </trkpt>
      <trkpt lat="49.05336" lon="-121.47193">
        <ele>1495.13</ele>
        <time>2026-08-01T21:24:42Z</time>
      </trkpt>
      <trkpt lat="49.05336" lon="-121.47189">
        <ele>1495.88</ele>
        <time>2026-08-01T21:24:59Z</time>
      </trkpt>
      <trkpt lat="49.05337" lon="-121.47185">
        <ele>1496.98</ele>
        <time>2026-08-01T21:25:10Z</time>
      </trkpt>
      <trkpt lat="49.05338" lon="-121.4718">
        <ele>1498.29</ele>
        <time>2026-08-01T21:25:24Z</time>
      </trkpt>
      <trkpt lat="49.05335" lon="-121.47177">
        <ele>1497.76</ele>
        <time>2026-08-01T21:25:33Z</time>
      </trkpt>
      <trkpt lat="49.05332" lon="-121.47176">
        <ele>1497.26</ele>
        <time>2026-08-01T21:25:37Z</time>
      </trkpt>
      <trkpt lat="49.05331" lon="-121.47171">
        <ele>1498.08</ele>
        <time>2026-08-01T21:25:46Z</time>
      </trkpt>
      <trkpt lat="49.05331" lon="-121.47163">
        <ele>1499.73</ele>
        <time>2026-08-01T21:25:58Z</time>
      </trkpt>
      <trkpt lat="49.05334" lon="-121.47159">
        <ele>1501.22</ele>
        <time>2026-08-01T21:26:06Z</time>
      </trkpt>
      <trkpt lat="49.05333" lon="-121.47153">
        <ele>1502.41</ele>
        <time>2026-08-01T21:26:10Z</time>
      </trkpt>
      <trkpt lat="49.05328" lon="-121.47151">
        <ele>1502.35</ele>
        <time>2026-08-01T21:26:17Z</time>
      </trkpt>
      <trkpt lat="49.05332" lon="-121.47149">
        <ele>1503.29</ele>
        <time>2026-08-01T21:26:24Z</time>
      </trkpt>
      <trkpt lat="49.05334" lon="-121.47147">
        <ele>1504.27</ele>
        <time>2026-08-01T21:26:32Z</time>
      </trkpt>
      <trkpt lat="49.05335" lon="-121.47142">
        <ele>1506.04</ele>
        <time>2026-08-01T21:26:41Z</time>
      </trkpt>
      <trkpt lat="49.05337" lon="-121.47138">
        <ele>1508.14</ele>
        <time>2026-08-01T21:26:50Z</time>
      </trkpt>
      <trkpt lat="49.05334" lon="-121.47133">
        <ele>1508.24</ele>
        <time>2026-08-01T21:26:59Z</time>
      </trkpt>
      <trkpt lat="49.05329" lon="-121.47132">
        <ele>1507.41</ele>
        <time>2026-08-01T21:27:02Z</time>
      </trkpt>
      <trkpt lat="49.05325" lon="-121.4713">
        <ele>1507.2</ele>
        <time>2026-08-01T21:27:04Z</time>
      </trkpt>
      <trkpt lat="49.05321" lon="-121.47128">
        <ele>1506.88</ele>
        <time>2026-08-01T21:27:07Z</time>
      </trkpt>
      <trkpt lat="49.05317" lon="-121.47126">
        <ele>1506.46</ele>
        <time>2026-08-01T21:27:10Z</time>
      </trkpt>
      <trkpt lat="49.05313" lon="-121.47123">
        <ele>1506.13</ele>
        <time>2026-08-01T21:27:14Z</time>
      </trkpt>
      <trkpt lat="49.0531" lon="-121.47121">
        <ele>1505.73</ele>
        <time>2026-08-01T21:27:17Z</time>
      </trkpt>
      <trkpt lat="49.05306" lon="-121.47119">
        <ele>1504.99</ele>
        <time>2026-08-01T21:27:21Z</time>
      </trkpt>
      <trkpt lat="49.05303" lon="-121.47116">
        <ele>1505.59</ele>
        <time>2026-08-01T21:27:26Z</time>
      </trkpt>
      <trkpt lat="49.053" lon="-121.47113">
        <ele>1506.34</ele>
        <time>2026-08-01T21:27:31Z</time>
      </trkpt>
      <trkpt lat="49.05297" lon="-121.4711">
        <ele>1507.34</ele>
        <time>2026-08-01T21:27:36Z</time>
      </trkpt>
      <trkpt lat="49.05294" lon="-121.47108">
        <ele>1508.36</ele>
        <time>2026-08-01T21:27:41Z</time>
      </trkpt>
      <trkpt lat="49.05291" lon="-121.47106">
        <ele>1509.3</ele>
        <time>2026-08-01T21:27:46Z</time>
      </trkpt>
      <trkpt lat="49.05288" lon="-121.47104">
        <ele>1510.16</ele>
        <time>2026-08-01T21:27:51Z</time>
      </trkpt>
      <trkpt lat="49.05284" lon="-121.47103">
        <ele>1510.7</ele>
        <time>2026-08-01T21:27:55Z</time>
      </trkpt>
      <trkpt lat="49.0528" lon="-121.47101">
        <ele>1511.45</ele>
        <time>2026-08-01T21:27:59Z</time>
      </trkpt>
      <trkpt lat="49.05277" lon="-121.47099">
        <ele>1512.05</ele>
        <time>2026-08-01T21:28:03Z</time>
      </trkpt>
      <trkpt lat="49.05273" lon="-121.47097">
        <ele>1512.46</ele>
        <time>2026-08-01T21:28:08Z</time>
      </trkpt>
      <trkpt lat="49.0527" lon="-121.47094">
        <ele>1513.01</ele>
        <time>2026-08-01T21:28:13Z</time>
      </trkpt>
      <trkpt lat="49.05272" lon="-121.4709">
        <ele>1513.95</ele>
        <time>2026-08-01T21:28:21Z</time>
      </trkpt>
      <trkpt lat="49.05269" lon="-121.47087">
        <ele>1514.34</ele>
        <time>2026-08-01T21:28:28Z</time>
      </trkpt>
      <trkpt lat="49.05267" lon="-121.47084">
        <ele>1514.71</ele>
        <time>2026-08-01T21:28:33Z</time>
      </trkpt>
      <trkpt lat="49.05264" lon="-121.47081">
        <ele>1515.14</ele>
        <time>2026-08-01T21:28:39Z</time>
      </trkpt>
      <trkpt lat="49.05261" lon="-121.47079">
        <ele>1515.34</ele>
        <time>2026-08-01T21:28:43Z</time>
      </trkpt>
      <trkpt lat="49.05258" lon="-121.47075">
        <ele>1516.05</ele>
        <time>2026-08-01T21:28:50Z</time>
      </trkpt>
      <trkpt lat="49.05255" lon="-121.47068">
        <ele>1517.5</ele>
        <time>2026-08-01T21:29:02Z</time>
      </trkpt>
      <trkpt lat="49.05251" lon="-121.47061">
        <ele>1518.76</ele>
        <time>2026-08-01T21:29:13Z</time>
      </trkpt>
      <trkpt lat="49.05248" lon="-121.47058">
        <ele>1519.19</ele>
        <time>2026-08-01T21:29:18Z</time>
      </trkpt>
      <trkpt lat="49.05244" lon="-121.47056">
        <ele>1519.25</ele>
        <time>2026-08-01T21:29:21Z</time>
      </trkpt>
      <trkpt lat="49.0524" lon="-121.47054">
        <ele>1519.35</ele>
        <time>2026-08-01T21:29:23Z</time>
      </trkpt>
      <trkpt lat="49.05236" lon="-121.47053">
        <ele>1519.22</ele>
        <time>2026-08-01T21:29:25Z</time>
      </trkpt>
      <trkpt lat="49.05234" lon="-121.4705">
        <ele>1519.9</ele>
        <time>2026-08-01T21:29:30Z</time>
      </trkpt>
      <trkpt lat="49.05233" lon="-121.47047">
        <ele>1520.7</ele>
        <time>2026-08-01T21:29:35Z</time>
      </trkpt>
      <trkpt lat="49.05231" lon="-121.47043">
        <ele>1521.73</ele>
        <time>2026-08-01T21:29:42Z</time>
      </trkpt>
      <trkpt lat="49.05228" lon="-121.4704">
        <ele>1522.43</ele>
        <time>2026-08-01T21:29:48Z</time>
      </trkpt>
      <trkpt lat="49.05225" lon="-121.47037">
        <ele>1523.18</ele>
        <time>2026-08-01T21:29:54Z</time>
      </trkpt>
      <trkpt lat="49.05222" lon="-121.47034">
        <ele>1523.99</ele>
        <time>2026-08-01T21:30:00Z</time>
      </trkpt>
      <trkpt lat="49.05219" lon="-121.47032">
        <ele>1524.65</ele>
        <time>2026-08-01T21:30:05Z</time>
      </trkpt>
      <trkpt lat="49.05217" lon="-121.47035">
        <ele>1523.71</ele>
        <time>2026-08-01T21:30:10Z</time>
      </trkpt>
      <trkpt lat="49.05214" lon="-121.4704">
        <ele>1522.17</ele>
        <time>2026-08-01T21:30:15Z</time>
      </trkpt>
      <trkpt lat="49.05212" lon="-121.47045">
        <ele>1520.65</ele>
        <time>2026-08-01T21:30:19Z</time>
      </trkpt>
      <trkpt lat="49.0521" lon="-121.47049">
        <ele>1519.46</ele>
        <time>2026-08-01T21:30:23Z</time>
      </trkpt>
      <trkpt lat="49.05208" lon="-121.47053">
        <ele>1518.29</ele>
        <time>2026-08-01T21:30:27Z</time>
      </trkpt>
      <trkpt lat="49.05206" lon="-121.47057">
        <ele>1517.34</ele>
        <time>2026-08-01T21:30:31Z</time>
      </trkpt>
      <trkpt lat="49.05203" lon="-121.47061">
        <ele>1516.7</ele>
        <time>2026-08-01T21:30:35Z</time>
      </trkpt>
      <trkpt lat="49.05201" lon="-121.47065">
        <ele>1515.96</ele>
        <time>2026-08-01T21:30:39Z</time>
      </trkpt>
      <trkpt lat="49.05199" lon="-121.4707">
        <ele>1514.97</ele>
        <time>2026-08-01T21:30:43Z</time>
      </trkpt>
      <trkpt lat="49.05197" lon="-121.47075">
        <ele>1513.9</ele>
        <time>2026-08-01T21:30:46Z</time>
      </trkpt>
      <trkpt lat="49.05194" lon="-121.47075">
        <ele>1513.67</ele>
        <time>2026-08-01T21:30:52Z</time>
      </trkpt>
      <trkpt lat="49.05192" lon="-121.47072">
        <ele>1513.71</ele>
        <time>2026-08-01T21:30:57Z</time>
      </trkpt>
      <trkpt lat="49.05188" lon="-121.47073">
        <ele>1512.29</ele>
        <time>2026-08-01T21:31:04Z</time>
      </trkpt>
      <trkpt lat="49.05185" lon="-121.47072">
        <ele>1511.59</ele>
        <time>2026-08-01T21:31:11Z</time>
      </trkpt>
      <trkpt lat="49.05182" lon="-121.47071">
        <ele>1510.88</ele>
        <time>2026-08-01T21:31:19Z</time>
      </trkpt>
      <trkpt lat="49.05179" lon="-121.47068">
        <ele>1510.56</ele>
        <time>2026-08-01T21:31:36Z</time>
      </trkpt>
      <trkpt lat="49.05176" lon="-121.4707">
        <ele>1509.25</ele>
        <time>2026-08-01T21:31:44Z</time>
      </trkpt>
      <trkpt lat="49.05173" lon="-121.47071">
        <ele>1508.15</ele>
        <time>2026-08-01T21:31:52Z</time>
      </trkpt>
      <trkpt lat="49.0517" lon="-121.47069">
        <ele>1507.6</ele>
        <time>2026-08-01T21:32:04Z</time>
      </trkpt>
      <trkpt lat="49.05167" lon="-121.47066">
        <ele>1507.22</ele>
        <time>2026-08-01T21:32:12Z</time>
      </trkpt>
      <trkpt lat="49.05161" lon="-121.47066">
        <ele>1506.0</ele>
        <time>2026-08-01T21:32:14Z</time>
      </trkpt>
      <trkpt lat="49.05158" lon="-121.47066">
        <ele>1505.41</ele>
        <time>2026-08-01T21:32:15Z</time>
      </trkpt>
      <trkpt lat="49.05154" lon="-121.47065">
        <ele>1504.73</ele>
        <time>2026-08-01T21:32:17Z</time>
      </trkpt>
      <trkpt lat="49.05151" lon="-121.47062">
        <ele>1504.42</ele>
        <time>2026-08-01T21:32:19Z</time>
      </trkpt>
      <trkpt lat="49.0515" lon="-121.47056">
        <ele>1504.76</ele>
        <time>2026-08-01T21:32:21Z</time>
      </trkpt>
      <trkpt lat="49.05148" lon="-121.47049">
        <ele>1505.39</ele>
        <time>2026-08-01T21:32:23Z</time>
      </trkpt>
      <trkpt lat="49.05146" lon="-121.47046">
        <ele>1505.18</ele>
        <time>2026-08-01T21:32:27Z</time>
      </trkpt>
      <trkpt lat="49.05149" lon="-121.47047">
        <ele>1506.06</ele>
        <time>2026-08-01T21:32:34Z</time>
      </trkpt>
      <trkpt lat="49.05152" lon="-121.4705">
        <ele>1506.46</ele>
        <time>2026-08-01T21:32:52Z</time>
      </trkpt>
      <trkpt lat="49.05153" lon="-121.4705">
        <ele>1506.77</ele>
        <time>2026-08-01T21:33:38Z</time>
      </trkpt>
    </trkseg>
  </trk>
</gpx>
